predictor,session,duration_s,t0,crse_m,cae_m,abs_cae_m
viterbi_base_model,S-A5,10.0,70.023,7.545284664853516,-0.5753171261233883,0.5753171261233883
viterbi_base_model,S-A5,10.0,80.023,25.541706663627025,-25.458191636050586,25.458191636050586
viterbi_base_model,S-A5,10.0,90.023,20.136313949968642,20.663420016593655,20.663420016593655
viterbi_base_model,S-A5,10.0,100.023,40.341916177344146,-35.819095528969385,35.819095528969385
viterbi_base_model,S-A5,10.0,110.023,37.51178827664142,-40.9775641159013,40.9775641159013
viterbi_base_model,S-A5,10.0,120.023,15.889737381755605,13.524727715148234,13.524727715148234
viterbi_base_model,S-A5,10.0,130.023,43.607277519149044,38.189620518959906,38.189620518959906
viterbi_base_model,S-A5,10.0,140.023,33.263617701935836,32.22084171362537,32.22084171362537
viterbi_base_model,S-A5,10.0,150.023,13.094674177476326,-3.2248595861095986,3.2248595861095986
viterbi_base_model,S-A5,10.0,160.023,33.44009832690828,-34.69533713250962,34.69533713250962
viterbi_base_model,S-A5,10.0,170.023,2.3746430020081646,-0.3706655851452325,0.3706655851452325
viterbi_base_model,S-A5,10.0,180.023,26.37114647596493,26.269042347632453,26.269042347632453
viterbi_base_model,S-A5,10.0,190.023,29.453678100459168,28.863834474057235,28.863834474057235
viterbi_base_model,S-A5,10.0,200.023,13.122450775615658,-3.0060177784041855,3.0060177784041855
viterbi_base_model,S-A5,10.0,210.023,53.048035956804306,47.44861337926842,47.44861337926842
viterbi_base_model,S-A5,10.0,220.023,34.10447041661351,33.89211686264946,33.89211686264946
viterbi_base_model,S-A5,10.0,230.023,61.018996246312966,60.816870859123114,60.816870859123114
viterbi_base_model,S-A5,10.0,240.023,77.5226843555504,77.35282002907623,77.35282002907623
viterbi_base_model,S-A5,10.0,250.023,77.96333225160272,77.73684952403612,77.73684952403612
viterbi_base_model,S-A5,10.0,260.023,104.7323051886245,104.1143705206179,104.1143705206179
viterbi_base_model,S-A5,10.0,270.023,68.8392578045801,68.68761896540028,68.68761896540028
viterbi_base_model,S-A5,10.0,280.023,33.87084840002028,33.094235441725615,33.094235441725615
viterbi_base_model,S-A5,10.0,290.023,45.665856115939015,45.24931010264952,45.24931010264952
viterbi_base_model,S-A5,10.0,300.023,30.458980160231693,29.043290559545166,29.043290559545166
viterbi_base_model,S-A5,10.0,310.023,7.829026133171853,1.8437255044763212,1.8437255044763212
viterbi_base_model,S-A5,10.0,320.023,53.75162886879732,53.513904069037736,53.513904069037736
viterbi_base_model,S-A5,10.0,330.023,72.57292042345647,72.49818138997148,72.49818138997148
viterbi_base_model,S-A5,10.0,340.023,114.94473586110989,114.69140605318162,114.69140605318162
viterbi_base_model,S-A5,10.0,350.023,142.6099089504964,142.21399887110707,142.21399887110707
viterbi_base_model,S-A5,10.0,360.023,111.97657121064147,111.48125721064164,111.48125721064164
viterbi_base_model,S-A5,10.0,370.023,107.31230170274603,107.15502936917358,107.15502936917358
viterbi_base_model,S-A5,10.0,380.023,108.52645040198499,108.41129605980831,108.41129605980831
viterbi_base_model,S-A5,10.0,390.023,105.58883092395631,105.40713828473136,105.40713828473136
viterbi_base_model,S-A5,10.0,400.023,142.7376114978875,142.2601162533482,142.2601162533482
viterbi_base_model,S-A5,10.0,410.023,176.55069965940248,176.50563214373045,176.50563214373045
viterbi_base_model,S-A5,10.0,420.023,134.2781394900156,134.28599008743637,134.28599008743637
viterbi_base_model,S-A5,10.0,430.023,100.40519969241215,100.31991342016029,100.31991342016029
viterbi_base_model,S-A5,10.0,440.023,112.65529501741105,111.54197818880826,111.54197818880826
viterbi_base_model,S-A5,10.0,450.023,116.70300560599699,116.60279650772958,116.60279650772958
viterbi_base_model,S-A5,10.0,460.023,156.29461512734431,155.8309686578695,155.8309686578695
viterbi_base_model,S-A5,10.0,470.023,164.04028637334565,163.73719984900265,163.73719984900265
viterbi_base_model,S-A5,10.0,480.023,128.57871645629402,128.4074374256969,128.4074374256969
viterbi_base_model,S-A5,10.0,490.023,129.6334623232577,128.9865244886759,128.9865244886759
viterbi_base_model,S-A5,10.0,500.023,67.5113475337437,66.88575872161097,66.88575872161097
viterbi_base_model,S-A5,10.0,510.023,65.66646425190297,65.41597728197968,65.41597728197968
viterbi_base_model,S-A5,10.0,520.023,77.6872513638355,77.69957117238823,77.69957117238823
viterbi_base_model,S-A5,10.0,530.023,88.73625896460614,88.50504234722641,88.50504234722641
viterbi_base_model,S-A5,10.0,540.023,75.40672338211502,75.31563476436028,75.31563476436028
viterbi_base_model,S-A5,10.0,550.023,109.6822853048094,109.38343592339037,109.38343592339037
viterbi_base_model,S-A5,10.0,560.023,127.94485641243718,127.747783618589,127.747783618589
viterbi_base_model,S-A5,10.0,570.023,63.26893054817625,63.21748058708938,63.21748058708938
viterbi_base_model,S-A5,10.0,580.023,52.108439513255014,51.95899567627552,51.95899567627552
viterbi_base_model,S-A5,10.0,590.023,39.58870331152918,39.47260830636158,39.47260830636158
viterbi_base_model,S-A5,10.0,600.023,68.28446059020908,68.0213402471309,68.0213402471309
viterbi_base_model,S-A5,10.0,610.023,2.7675244119694837,0.6307111062336137,0.6307111062336137
viterbi_base_model,S-A5,10.0,620.023,14.544494155353165,14.000506344979968,14.000506344979968
viterbi_base_model,S-A5,10.0,630.023,59.74115928496434,59.49246803078418,59.49246803078418
viterbi_base_model,S-A5,10.0,640.023,62.04074427934087,61.83829724880202,61.83829724880202
viterbi_base_model,S-A5,10.0,650.023,25.88673544762454,25.508843363404125,25.508843363404125
viterbi_base_model,S-A5,10.0,660.023,16.815060997631164,-16.961516090548166,16.961516090548166
viterbi_base_model,S-A5,10.0,670.023,46.5978928893769,-46.72360027848728,46.72360027848728
viterbi_base_model,S-A5,10.0,680.023,20.48685056578729,-20.664832309122342,20.664832309122342
viterbi_base_model,S-A5,10.0,690.023,45.392956690864686,45.07648842003899,45.07648842003899
viterbi_base_model,S-A5,10.0,700.023,8.548155389233921,4.519309084847816,4.519309084847816
viterbi_base_model,S-A5,10.0,710.023,19.635835674277097,-19.796929406858233,19.796929406858233
viterbi_base_model,S-A5,10.0,720.023,40.464557385437615,-40.55060564286821,40.55060564286821
viterbi_base_model,S-A5,10.0,730.023,19.739872917945075,17.726361990235688,17.726361990235688
viterbi_base_model,S-A5,10.0,740.023,8.664258722233544,-6.025974642148743,6.025974642148743
viterbi_base_model,S-A5,10.0,750.023,21.02540160318678,-36.991632001136935,36.991632001136935
viterbi_base_model,S-A5,10.0,790.023,13.535659831464647,-12.1756886132323,12.1756886132323
viterbi_base_model,S-A5,10.0,800.023,18.647179636832714,-18.350580820802715,18.350580820802715
viterbi_base_model,S-A5,10.0,810.023,4.803601333116858,-2.7522233333455013,2.7522233333455013
viterbi_base_model,S-A5,10.0,820.023,6.265876478776279,1.821794263516594,1.821794263516594
viterbi_base_model,S-A5,10.0,830.023,57.13657726837118,-59.67442106886179,59.67442106886179
viterbi_base_model,S-A5,10.0,840.023,56.255158696392535,-56.40530140034002,56.40530140034002
viterbi_base_model,S-A5,10.0,850.023,41.36644820590417,-43.24725658137023,43.24725658137023
viterbi_base_model,S-A5,10.0,860.023,88.4842994432037,-88.40370309171739,88.40370309171739
viterbi_base_model,S-A5,10.0,870.023,100.95488340245284,-101.67945758623276,101.67945758623276
viterbi_base_model,S-A5,10.0,880.023,89.85158625582781,-90.14285109867713,90.14285109867713
viterbi_base_model,S-A5,10.0,890.023,38.96519537426545,-40.06459423660708,40.06459423660708
viterbi_base_model,S-A5,10.0,900.023,19.807223588785245,-20.121787793406085,20.121787793406085
viterbi_base_model,S-A5,10.0,910.023,53.193991427825004,-53.21761244409671,53.21761244409671
viterbi_base_model,S-A5,10.0,920.023,53.446716319436604,-53.429062547162275,53.429062547162275
viterbi_base_model,S-A5,10.0,930.023,48.627848493680396,-48.51108513232065,48.51108513232065
viterbi_base_model,S-A5,10.0,940.023,67.54119730157556,-67.66890989630942,67.66890989630942
viterbi_base_model,S-A5,10.0,950.023,9.329903621734262,-9.488005764434657,9.488005764434657
viterbi_base_model,S-A5,10.0,960.023,23.26300526143894,-23.185683482372752,23.185683482372752
viterbi_base_model,S-A5,10.0,970.023,20.358051727920248,-21.664332492800973,21.664332492800973
viterbi_base_model,S-A5,10.0,980.023,6.776471722030345,-6.881515517106873,6.881515517106873
viterbi_base_model,S-A5,10.0,990.023,17.368212976073046,16.408611507137728,16.408611507137728
viterbi_base_model,S-A5,10.0,1000.023,5.745660435622716,-6.321352039135235,6.321352039135235
viterbi_base_model,S-A5,10.0,1010.023,17.8008384784643,17.339292211282874,17.339292211282874
viterbi_base_model,S-A5,10.0,1020.023,58.36442971617169,56.94632657746162,56.94632657746162
viterbi_base_model,S-A5,10.0,1030.0230000000001,8.620781397306018,8.541056777526482,8.541056777526482
viterbi_base_model,S-A5,10.0,1040.0230000000001,12.721098250402571,-12.855981923832537,12.855981923832537
viterbi_base_model,S-A5,10.0,1050.0230000000001,12.860915989671822,-13.159945898242501,13.159945898242501
viterbi_base_model,S-A5,10.0,1060.0230000000001,27.7922002857074,26.242943579730994,26.242943579730994
viterbi_base_model,S-A5,10.0,1070.0230000000001,28.476017879211867,27.510108221474052,27.510108221474052
viterbi_base_model,S-A5,10.0,1080.0230000000001,2.7573561125265686,-3.496629385291346,3.496629385291346
viterbi_base_model,S-A5,10.0,1090.0230000000001,4.248196514928646,-0.2693507285882326,0.2693507285882326
viterbi_base_model,S-A5,10.0,1100.0230000000001,47.96691657183702,47.05067255304033,47.05067255304033
viterbi_base_model,S-A5,10.0,1110.0230000000001,35.978365698084104,35.01221963566891,35.01221963566891
viterbi_base_model,S-A5,10.0,1120.0230000000001,18.23931643696527,-20.163676553840368,20.163676553840368
viterbi_base_model,S-A5,10.0,1130.0230000000001,91.54004744112989,-93.57346431677325,93.57346431677325
viterbi_base_model,S-A5,10.0,1140.0230000000001,129.76740177241516,-130.98787393934887,130.98787393934887
viterbi_base_model,S-A5,10.0,1150.0230000000001,36.81591578517459,-37.420988305128304,37.420988305128304
viterbi_base_model,S-A5,10.0,1160.0230000000001,15.931639664475773,-17.24611035012032,17.24611035012032
viterbi_base_model,S-A5,10.0,1170.0230000000001,47.84032598866952,-47.919561963372715,47.919561963372715
viterbi_base_model,S-A5,10.0,1180.0230000000001,7.038328388311047,-6.8094577004510235,6.8094577004510235
viterbi_base_model,S-A5,10.0,1190.0230000000001,161.57010878258907,161.44625715719314,161.44625715719314
viterbi_base_model,S-A5,10.0,1200.0230000000001,140.5589800727391,140.24248675595152,140.24248675595152
viterbi_base_model,S-A5,10.0,1210.0230000000001,192.34941653149198,187.98713323026269,187.98713323026269
viterbi_base_model,S-A5,10.0,1300.0230000000001,73.9609243832726,73.34742645784954,73.34742645784954
viterbi_base_model,S-A5,10.0,1310.0230000000001,96.12968005009202,96.07100741134974,96.07100741134974
viterbi_base_model,S-A5,10.0,1320.0230000000001,134.49730751168042,134.36250431217462,134.36250431217462
viterbi_base_model,S-A5,10.0,1330.0230000000001,121.61573848044327,121.56979718501843,121.56979718501843
viterbi_base_model,S-A5,10.0,1340.0230000000001,142.69497775504453,142.46421904236752,142.46421904236752
viterbi_base_model,S-A5,10.0,1350.0230000000001,105.37986485377355,105.36177622558023,105.36177622558023
viterbi_base_model,S-A5,10.0,1360.0230000000001,111.88871629011832,111.75329332452054,111.75329332452054
viterbi_base_model,S-A5,10.0,1370.0230000000001,77.34190758623957,77.26496889365708,77.26496889365708
viterbi_base_model,S-A5,10.0,1380.0230000000001,40.0241024806365,39.96332598043739,39.96332598043739
viterbi_base_model,S-A5,10.0,1390.0230000000001,5.482533479445489,-4.683943449008712,4.683943449008712
viterbi_base_model,S-A5,10.0,1400.0230000000001,10.194220479839363,9.830511765691,9.830511765691
viterbi_base_model,S-A5,10.0,1410.0230000000001,45.768416970746514,-45.9083396094754,45.9083396094754
viterbi_base_model,S-A5,10.0,1420.0230000000001,17.09028256603116,-16.573614390327315,16.573614390327315
viterbi_base_model,S-A5,10.0,1430.0230000000001,8.553279582308392,6.255247178914452,6.255247178914452
viterbi_base_model,S-A5,10.0,1440.0230000000001,95.85708024488153,-95.46261464473585,95.46261464473585
viterbi_base_model,S-A5,10.0,1450.0230000000001,67.62555240215258,-67.56283952122516,67.56283952122516
viterbi_base_model,S-A5,10.0,1460.0230000000001,57.02123291721839,-57.066926845796615,57.066926845796615
viterbi_base_model,S-A5,10.0,1470.0230000000001,160.5429802395186,-160.40596444566862,160.40596444566862
viterbi_base_model,S-A5,10.0,1480.0230000000001,107.73796859325374,-108.23482963296354,108.23482963296354
viterbi_base_model,S-A5,10.0,1490.0230000000001,119.62013406299131,-119.99362146298785,119.99362146298785
viterbi_base_model,S-A5,10.0,1500.0230000000001,87.54831369026154,-90.69312049433324,90.69312049433324
viterbi_base_model,S-A5,10.0,1510.0230000000001,67.70501256906246,-67.62812814211871,67.62812814211871
viterbi_base_model,S-A5,10.0,1520.0230000000001,89.20741028508597,-89.26055544645381,89.26055544645381
viterbi_base_model,S-A5,10.0,1530.0230000000001,79.29005167269031,-79.37024299264311,79.37024299264311
viterbi_base_model,S-A5,10.0,1540.0230000000001,56.00707179600552,-56.01409144381678,56.01409144381678
viterbi_base_model,S-A5,10.0,1550.0230000000001,18.524265184900127,-18.53427873790494,18.53427873790494
viterbi_base_model,S-A5,10.0,1560.0230000000001,64.71783456782892,-64.76919059532595,64.76919059532595
viterbi_base_model,S-A5,10.0,1570.0230000000001,76.53935430046347,-76.63900393110782,76.63900393110782
viterbi_base_model,S-A5,10.0,1580.0230000000001,65.18923676803598,-65.26601261913757,65.26601261913757
viterbi_base_model,S-A5,10.0,1590.0230000000001,36.42652986202053,-36.5494175149363,36.5494175149363
viterbi_base_model,S-A5,10.0,1600.0230000000001,103.71842407007713,-103.82628290355335,103.82628290355335
viterbi_base_model,S-A5,10.0,1610.0230000000001,47.02966284171448,-47.81871158004258,47.81871158004258
viterbi_base_model,S-A5,10.0,1620.0230000000001,11.56465995262457,11.110551492279647,11.110551492279647
viterbi_base_model,S-A5,10.0,1630.0230000000001,80.82700580416285,80.72187803946714,80.72187803946714
viterbi_base_model,S-A5,10.0,1640.0230000000001,100.20920897986942,100.09643052830859,100.09643052830859
viterbi_base_model,S-A5,10.0,1650.0230000000001,213.68374215227348,213.05431823765224,213.05431823765224
viterbi_base_model,S-A5,10.0,1770.0230000000001,200.02223377960885,199.93449324275866,199.93449324275866
viterbi_base_model,S-A5,10.0,1780.0230000000001,182.80934727820352,182.62675723426335,182.62675723426335
viterbi_base_model,S-A5,10.0,1790.0230000000001,168.64070748629808,168.46656260331972,168.46656260331972
viterbi_base_model,S-A5,10.0,1800.0230000000001,184.38483504367264,184.05992271190098,184.05992271190098
viterbi_base_model,S-A5,10.0,1810.0230000000001,192.76741659497446,192.1394697954435,192.1394697954435
viterbi_base_model,S-A5,10.0,1820.0230000000001,172.25607740962587,171.87065857512218,171.87065857512218
viterbi_base_model,S-A5,10.0,1830.0230000000001,216.38822908098467,216.2355922554682,216.2355922554682
viterbi_base_model,S-A5,10.0,1840.0230000000001,238.32615217782322,238.3657038581266,238.3657038581266
viterbi_base_model,S-A5,10.0,1850.0230000000001,224.27938777282208,224.11271698761158,224.11271698761158
viterbi_base_model,S-A5,10.0,1860.0230000000001,181.20918562138922,180.80989904359623,180.80989904359623
viterbi_base_model,S-A5,10.0,1870.0230000000001,133.58781228607623,133.30984687521044,133.30984687521044
viterbi_base_model,S-A5,10.0,1890.0230000000001,125.31050718107382,124.95992049445434,124.95992049445434
viterbi_base_model,S-A5,10.0,1920.0230000000001,218.61688121822573,218.3257903965294,218.3257903965294
viterbi_base_model,S-A5,10.0,1940.0230000000001,95.73121448654551,95.56050488448903,95.56050488448903
viterbi_base_model,S-A5,10.0,1950.0230000000001,121.70032905630956,121.6845742723085,121.6845742723085
viterbi_base_model,S-A5,10.0,1960.0230000000001,63.35031160416106,63.29130483523522,63.29130483523522
viterbi_base_model,S-A5,10.0,1970.0230000000001,102.02005584333475,101.93812735401882,101.93812735401882
viterbi_base_model,S-A5,10.0,1980.0230000000001,163.22335165523475,163.16698751319683,163.16698751319683
viterbi_base_model,S-A5,10.0,1990.0230000000001,67.83357111686311,67.76228264500699,67.76228264500699
viterbi_base_model,S-A5,10.0,2000.0230000000001,61.677902579915155,61.62564205939178,61.62564205939178
viterbi_base_model,S-A5,10.0,2010.0230000000001,21.722155805299074,21.775467545085775,21.775467545085775
viterbi_base_model,S-A5,10.0,2020.0230000000001,59.39283352434966,59.43904918608864,59.43904918608864
viterbi_base_model,S-A5,10.0,2030.0230000000001,98.86912269137014,98.65003611343678,98.65003611343678
viterbi_base_model,S-A5,10.0,2040.0230000000001,168.18258566932275,167.35334515594775,167.35334515594775
viterbi_base_model,S-A5,10.0,2050.023,203.59105772248665,203.05610089413682,203.05610089413682
viterbi_base_model,S-A5,10.0,2060.023,177.29957606561248,177.51506713980905,177.51506713980905
viterbi_base_model,S-A5,10.0,2070.023,194.4653955634449,194.64467498048418,194.64467498048418
viterbi_base_model,S-A5,10.0,2080.023,174.4281426660261,174.48668226398095,174.48668226398095
viterbi_base_model,S-A5,10.0,2090.023,162.87197416601282,162.56325480326467,162.56325480326467
viterbi_base_model,S-A5,10.0,2130.023,50.49600578223162,49.70151202189649,49.70151202189649
viterbi_base_model,S-A5,10.0,2140.023,139.50395315719624,139.20961110952058,139.20961110952058
viterbi_base_model,S-A5,10.0,2150.023,216.9824071151869,216.5049169550964,216.5049169550964
viterbi_base_model,S-A5,10.0,2160.023,214.32151160723393,214.09535615195554,214.09535615195554
viterbi_base_model,S-A5,10.0,2190.023,140.96486315009568,140.25354525472733,140.25354525472733
viterbi_base_model,S-A5,10.0,2200.023,163.89133898962555,163.43313822466504,163.43313822466504
viterbi_base_model,S-A5,10.0,2210.023,195.86825593234218,192.61858004560693,192.61858004560693
viterbi_base_model,S-A5,10.0,2270.023,114.54912519659409,111.2061187233819,111.2061187233819
viterbi_base_model,S-A5,10.0,2290.023,104.17581673901945,102.78248036813264,102.78248036813264
viterbi_base_model,S-A5,10.0,2300.023,177.77859343405174,177.271696852638,177.271696852638
viterbi_base_model,S-A5,10.0,2320.023,87.8166087804136,87.45013145132272,87.45013145132272
viterbi_base_model,S-A5,10.0,2330.023,190.70002250193502,190.56480311706403,190.56480311706403
viterbi_base_model,S-A5,10.0,2340.023,219.3281003212989,219.0929394632413,219.0929394632413
viterbi_base_model,S-A5,10.0,2350.023,116.28080509773764,116.15350786644593,116.15350786644593
viterbi_base_model,S-A5,10.0,2360.023,145.87016508428573,145.85423486671613,145.85423486671613
viterbi_base_model,S-A5,10.0,2370.023,180.65333005500065,180.5399696426135,180.5399696426135
viterbi_base_model,S-A5,10.0,2380.023,148.73090161363186,148.65715571388895,148.65715571388895
viterbi_base_model,S-A5,10.0,2390.023,119.24335714829162,119.20257157678758,119.20257157678758
viterbi_base_model,S-A5,10.0,2400.023,116.77012016739394,116.69442272823358,116.69442272823358
viterbi_base_model,S-A5,10.0,2410.023,176.35912550597482,176.1057417839507,176.1057417839507
viterbi_base_model,S-A5,10.0,2430.023,169.82535683364975,169.7103361661402,169.7103361661402
viterbi_base_model,S-A5,10.0,2440.023,167.16594746964225,167.0548135396502,167.0548135396502
viterbi_base_model,S-A5,10.0,2450.023,188.01663511082572,187.7457621951085,187.7457621951085
viterbi_base_model,S-A5,10.0,2460.023,147.22467176461333,147.0696403804348,147.0696403804348
viterbi_base_model,S-A5,10.0,2470.023,85.10483666757494,84.97743326931993,84.97743326931993
viterbi_base_model,S-A5,10.0,2480.023,148.69619297539907,148.65266995001963,148.65266995001963
viterbi_base_model,S-A5,10.0,2490.023,149.37179685128706,149.26041588916092,149.26041588916092
viterbi_base_model,S-A5,10.0,2500.023,86.1301606654716,86.12599443201863,86.12599443201863
viterbi_base_model,S-A5,10.0,2510.023,36.30556015249222,35.864880475931535,35.864880475931535
viterbi_base_model,S-A5,10.0,2520.023,48.888395611939146,48.60991032125179,48.60991032125179
viterbi_base_model,S-A5,10.0,2530.023,7.864277198119419,7.569636035760032,7.569636035760032
viterbi_base_model,S-A5,10.0,2540.023,138.19744896900755,138.0310500673544,138.0310500673544
viterbi_base_model,S-A5,10.0,2550.023,144.3821806979811,144.13336942045188,144.13336942045188
viterbi_base_model,S-A5,10.0,2560.023,203.19105664232563,202.8743987451232,202.8743987451232
viterbi_base_model,S-A5,10.0,2570.023,208.66972987758294,208.26283442668694,208.26283442668694
viterbi_base_model,S-A5,10.0,2580.023,185.20678985076287,184.4020124831241,184.4020124831241
viterbi_base_model,S-A5,10.0,2590.023,164.7694865591569,164.3972085271386,164.3972085271386
viterbi_base_model,S-A5,10.0,2610.023,125.44977293493399,124.53799036293873,124.53799036293873
viterbi_base_model,S-A5,10.0,2630.023,115.281843032035,115.01810901154865,115.01810901154865
viterbi_base_model,S-A5,10.0,2700.023,225.4288180710113,225.08070566320566,225.08070566320566
viterbi_base_model,S-A5,10.0,2720.023,200.79354033112725,200.75533541526087,200.75533541526087
viterbi_base_model,S-A5,10.0,2730.023,211.71918303180928,211.58939192083648,211.58939192083648
viterbi_base_model,S-A5,10.0,2740.023,175.4629340880935,175.5252979210849,175.5252979210849
viterbi_base_model,S-A5,10.0,2920.023,258.3017544989036,258.13460590137913,258.13460590137913
viterbi_base_model,S-A5,10.0,2930.023,195.83044992470238,195.14995673532465,195.14995673532465
viterbi_base_model,S-A5,10.0,2940.023,156.15064773590075,155.5805755217737,155.5805755217737
viterbi_base_model,S-A5,10.0,2950.023,153.95666706913124,153.59749734463009,153.59749734463009
viterbi_base_model,S-A5,10.0,2960.023,153.39939850401154,153.18832325446374,153.18832325446374
viterbi_base_model,S-A5,10.0,2970.023,160.42160571206512,159.90498239258477,159.90498239258477
viterbi_base_model,S-A5,10.0,2980.023,229.40212514976642,228.74339484283564,228.74339484283564
viterbi_base_model,S-A5,10.0,2990.023,173.08618765935378,172.99136626684412,172.99136626684412
viterbi_base_model,S-A5,10.0,3000.023,217.8269713866364,217.83459473631495,217.83459473631495
viterbi_base_model,S-A5,10.0,3010.023,220.7578928165606,220.50473606968802,220.50473606968802
viterbi_base_model,S-A5,10.0,3020.023,215.41796816837325,215.4038253232619,215.4038253232619
viterbi_base_model,S-A5,10.0,3050.023,98.93724927491932,98.24489580560495,98.24489580560495
viterbi_base_model,S-A5,10.0,3060.023,134.68156972358747,134.51576806328293,134.51576806328293
viterbi_base_model,S-A5,10.0,3070.023,164.3969192228806,164.32152268170734,164.32152268170734
viterbi_base_model,S-A5,10.0,3080.023,205.7426718938263,205.64553779045167,205.64553779045167
viterbi_base_model,S-A5,10.0,3090.023,162.5620153827034,162.29950863067157,162.29950863067157
viterbi_base_model,S-A5,10.0,3100.023,178.42675435158685,178.2602540362758,178.2602540362758
viterbi_base_model,S-A5,10.0,3110.023,177.00494911262018,176.8409958163293,176.8409958163293
viterbi_base_model,S-A5,10.0,3120.023,204.8336166993127,204.2721321966155,204.2721321966155
viterbi_base_model,S-A5,10.0,3470.023,187.86233690192117,187.71848619352028,187.71848619352028
viterbi_base_model,S-A5,10.0,3480.023,200.83696475894936,200.5814682753922,200.5814682753922
viterbi_base_model,S-A5,10.0,3520.023,172.37613895986465,172.2348518366351,172.2348518366351
viterbi_base_model,S-A5,10.0,3530.023,234.47262433065004,234.38652812217327,234.38652812217327
viterbi_base_model,S-A5,10.0,3540.023,212.23787442645994,212.11275762595506,212.11275762595506
viterbi_base_model,S-A5,10.0,3550.023,159.21236180002478,158.9955310968463,158.9955310968463
viterbi_base_model,S-A5,10.0,3560.023,93.03001411465792,92.9296245505182,92.9296245505182
viterbi_base_model,S-A5,10.0,3570.023,97.04678362831747,97.0117705622986,97.0117705622986
viterbi_base_model,S-A5,10.0,3580.023,53.56648282126333,53.37074904967268,53.37074904967268
viterbi_base_model,S-A5,10.0,3590.023,59.94991057764203,59.8680043414126,59.8680043414126
viterbi_base_model,S-A5,10.0,3600.023,76.52174533145323,76.50486408790846,76.50486408790846
viterbi_base_model,S-A5,10.0,3610.023,70.44717678327301,70.40097400288661,70.40097400288661
viterbi_base_model,S-A5,10.0,3620.023,108.30913166618244,108.25044135010937,108.25044135010937
viterbi_base_model,S-A5,10.0,3630.023,92.03965003452502,91.93935618462604,91.93935618462604
viterbi_base_model,S-A5,10.0,3640.023,75.85815941946433,75.79200474846574,75.79200474846574
viterbi_base_model,S-A5,10.0,3650.023,26.752441634800164,26.707690998783875,26.707690998783875
viterbi_base_model,S-A5,10.0,3660.023,75.35264925896061,75.30301602703452,75.30301602703452
viterbi_base_model,S-A5,10.0,3670.023,24.272401431405033,24.138505994806142,24.138505994806142
viterbi_base_model,S-A5,10.0,3680.023,71.00575364938489,70.93126834768361,70.93126834768361
viterbi_base_model,S-A5,10.0,3690.023,63.25968466014133,63.171253714152776,63.171253714152776
viterbi_base_model,S-A5,10.0,3700.023,60.43016179202308,60.21259488228429,60.21259488228429
viterbi_base_model,S-A5,10.0,3710.023,76.18133233335492,75.62979554753753,75.62979554753753
viterbi_base_model,S-A5,10.0,3720.023,119.96866335964522,119.76726063543015,119.76726063543015
viterbi_base_model,S-A5,10.0,3730.023,150.66499795418719,150.57598121731453,150.57598121731453
viterbi_base_model,S-A5,10.0,3740.023,165.34067242317997,165.26056712776756,165.26056712776756
viterbi_base_model,S-A5,10.0,3750.023,166.00263521352676,165.80553547954543,165.80553547954543
viterbi_base_model,S-A5,10.0,4060.023,148.36830468523155,148.1691866191297,148.1691866191297
viterbi_base_model,S-A5,10.0,4080.023,175.82744137374763,175.79091654798697,175.79091654798697
viterbi_base_model,S-A5,10.0,4090.023,155.29264387075943,155.2372577115018,155.2372577115018
viterbi_base_model,S-A5,10.0,4100.023,168.31029806302536,168.28524036199383,168.28524036199383
viterbi_base_model,S-A5,10.0,4110.023,103.64599614500445,103.61924722938528,103.61924722938528
viterbi_base_model,S-A5,10.0,4120.023,117.95223247779154,117.79897954516309,117.79897954516309
viterbi_base_model,S-A5,10.0,4130.023,138.90971031877646,138.8442009894476,138.8442009894476
viterbi_base_model,S-A5,10.0,4140.023,153.5604357596609,153.4578980571102,153.4578980571102
viterbi_base_model,S-A5,10.0,4150.023,156.36587946385677,156.2253153893155,156.2253153893155
viterbi_base_model,S-A5,10.0,4160.023,138.86488885309433,138.79040192261235,138.79040192261235
viterbi_base_model,S-A5,10.0,4170.023,43.79297255848125,43.60654112313084,43.60654112313084
viterbi_base_model,S-A5,10.0,4180.023,23.76337148875201,23.602623910355252,23.602623910355252
viterbi_base_model,S-A5,10.0,4190.023,1.0770053829345334,0.8690101105485191,0.8690101105485191
viterbi_base_model,S-A5,10.0,4200.023,12.99563312422125,13.032589690895229,13.032589690895229
viterbi_base_model,S-A5,10.0,4210.023,43.94085994737885,43.859269108929766,43.859269108929766
viterbi_base_model,S-A5,10.0,4220.023,85.49392263560979,85.59215659069403,85.59215659069403
viterbi_base_model,S-A5,10.0,4230.023,165.22507347486209,165.19373476251184,165.19373476251184
viterbi_base_model,S-A5,10.0,4240.023,153.999811991546,153.66557277176727,153.66557277176727
viterbi_base_model,S-A5,10.0,4250.023,108.58363655042902,108.73686250422942,108.73686250422942
viterbi_base_model,S-A5,10.0,4260.023,95.59608286971728,95.28400561811945,95.28400561811945
viterbi_base_model,S-A5,10.0,4270.023,170.8860950163526,171.10791154380038,171.10791154380038
viterbi_base_model,S-A5,10.0,4280.023,119.84799010948436,119.88976222130299,119.88976222130299
viterbi_base_model,S-A5,10.0,4290.023,89.84366602426998,90.03315352831557,90.03315352831557
viterbi_base_model,S-A5,10.0,4300.023,194.52024104384338,194.45885359040832,194.45885359040832
viterbi_base_model,S-A5,10.0,4310.023,153.17847239318874,153.0391547852531,153.0391547852531
viterbi_base_model,S-A5,10.0,4320.023,122.218869904763,122.25239511628187,122.25239511628187
viterbi_base_model,S-A5,10.0,4340.023,103.06466327975092,102.93590956957455,102.93590956957455
viterbi_base_model,S-A5,10.0,4350.023,148.30093738253834,148.1108800257213,148.1108800257213
viterbi_base_model,S-A5,10.0,4590.023,81.82988801295677,81.76513020382092,81.76513020382092
viterbi_base_model,S-A5,10.0,4600.023,133.27095068234394,133.15312941576082,133.15312941576082
viterbi_base_model,S-A5,10.0,4610.023,162.87143990274325,162.71618130305686,162.71618130305686
viterbi_base_model,S-A5,10.0,4620.023,167.42928081414473,167.39686886293913,167.39686886293913
viterbi_base_model,S-A5,10.0,4630.023,158.64049472499215,158.4946811934487,158.4946811934487
viterbi_base_model,S-A5,10.0,4640.023,184.65744736728294,184.56304798265427,184.56304798265427
viterbi_base_model,S-A5,10.0,4650.023,172.20487222104254,172.13697644696552,172.13697644696552
viterbi_base_model,S-A5,10.0,4660.023,139.54647784716298,139.22557174554134,139.22557174554134
viterbi_base_model,S-A5,10.0,4670.023,126.3746647262358,126.30250374724373,126.30250374724373
viterbi_base_model,S-A5,10.0,4680.023,72.45374209786686,72.18150369820292,72.18150369820292
viterbi_base_model,S-A5,10.0,4690.023,94.41327695016602,94.08173413619863,94.08173413619863
viterbi_base_model,S-A5,10.0,4700.023,152.0060292439409,151.42512793636277,151.42512793636277
viterbi_base_model,S-A5,10.0,4710.023,128.55150691161532,128.25911591544815,128.25911591544815
viterbi_base_model,S-A5,10.0,4720.023,36.93942754570909,36.875319888361986,36.875319888361986
viterbi_base_model,S-A5,10.0,4730.023,104.55661783308709,104.7740855875364,104.7740855875364
viterbi_base_model,S-A5,10.0,4740.023,105.29550249107957,104.96708592669312,104.96708592669312
viterbi_base_model,S-A5,10.0,4750.023,76.82238975051447,76.9275854758267,76.9275854758267
viterbi_base_model,S-A5,10.0,4760.023,51.52044793214327,51.5630725780211,51.5630725780211
viterbi_base_model,S-A5,10.0,4770.023,1.6826623667300697,0.25644443741790823,0.25644443741790823
viterbi_base_model,S-A5,10.0,4780.023,56.834159593395064,56.89073939997465,56.89073939997465
viterbi_base_model,S-A5,10.0,4790.023,119.08052733959094,118.64635238848462,118.64635238848462
viterbi_base_model,S-A5,10.0,4800.023,135.63737103078512,135.59493995582415,135.59493995582415
viterbi_base_model,S-A5,10.0,4810.023,91.10926871342942,90.9627298980682,90.9627298980682
viterbi_base_model,S-A5,10.0,4820.023,141.6198749753451,141.61763375364055,141.61763375364055
viterbi_base_model,S-A5,10.0,4830.023,163.05568396777966,163.32571130280445,163.32571130280445
viterbi_base_model,S-A5,10.0,4840.023,88.73255297996829,88.42906759026957,88.42906759026957
viterbi_base_model,S-A5,10.0,4850.023,82.45052961541886,82.466081406979,82.466081406979
viterbi_base_model,S-A5,10.0,4860.023,15.698818664232173,15.51397577737625,15.51397577737625
viterbi_base_model,S-A5,10.0,4870.023,75.47120569814997,75.38157544624588,75.38157544624588
viterbi_base_model,S-A5,10.0,4880.023,133.35255893159533,133.11004797814277,133.11004797814277
viterbi_base_model,S-A5,10.0,4890.023,170.11799391064932,170.05356433755225,170.05356433755225
viterbi_base_model,S-A5,10.0,4900.023,145.35405629550147,145.16124749913703,145.16124749913703
viterbi_base_model,S-A5,10.0,4910.023,124.04468940653634,124.0535188622856,124.0535188622856
viterbi_base_model,S-A5,10.0,4920.023,136.25918596771405,136.2271150709955,136.2271150709955
viterbi_base_model,S-A5,10.0,4930.023,190.5582291120234,190.34891338629615,190.34891338629615
viterbi_base_model,S-A5,10.0,4940.023,179.6182027885388,179.57771059701943,179.57771059701943
viterbi_base_model,S-A5,10.0,4950.023,169.09025992292482,168.95422511584485,168.95422511584485
viterbi_base_model,S-A5,10.0,4980.023,214.19362458166316,213.39605253303807,213.39605253303807
viterbi_base_model,S-A5,10.0,5000.023,167.0458964751164,166.85002526562397,166.85002526562397
viterbi_base_model,S-A5,10.0,5010.023,152.5062552132968,152.79391379475663,152.79391379475663
viterbi_base_model,S-A5,10.0,5020.023,90.38574501816466,89.94854226139697,89.94854226139697
viterbi_base_model,S-A5,10.0,5030.023,22.19181705247523,21.885514298256194,21.885514298256194
viterbi_base_model,S-A5,10.0,5040.023,89.48824790690999,89.4513851836548,89.4513851836548
viterbi_base_model,S-A5,10.0,5050.023,137.68103424401716,137.66843046341617,137.66843046341617
viterbi_base_model,S-A5,10.0,5060.023,116.17313915955269,115.67149799007922,115.67149799007922
viterbi_base_model,S-A5,10.0,5070.023,141.98811701157376,141.6201533449617,141.6201533449617
viterbi_base_model,S-A5,10.0,5080.023,150.37870891593266,150.1682001070218,150.1682001070218
viterbi_base_model,S-A5,10.0,5090.023,122.47656714190519,122.33136668221155,122.33136668221155
viterbi_base_model,S-A5,10.0,5100.023,155.4355815060261,155.32101232143182,155.32101232143182
viterbi_base_model,S-A5,10.0,5110.023,142.73665136839588,142.55293414648202,142.55293414648202
viterbi_base_model,S-A5,10.0,5120.023,133.38626020379257,133.34865389249654,133.34865389249654
viterbi_base_model,S-A5,10.0,5130.023,122.2405647154722,121.94590454055307,121.94590454055307
viterbi_base_model,S-A5,10.0,5140.023,84.72814346369502,84.33379128627824,84.33379128627824
viterbi_base_model,S-A5,10.0,5150.023,116.65365888583716,116.49836915753033,116.49836915753033
viterbi_base_model,S-A5,10.0,5160.023,153.45594482082282,153.3859941902188,153.3859941902188
viterbi_base_model,S-A5,10.0,5170.023,153.22287603488653,153.1714791966326,153.1714791966326
viterbi_base_model,S-A5,10.0,5180.023,169.73193691271615,169.52603345425078,169.52603345425078
viterbi_base_model,S-A5,10.0,5190.023,149.04580048169038,149.04899865473712,149.04899865473712
viterbi_base_model,S-A5,10.0,5200.023,167.2491476524833,166.30260478580945,166.30260478580945
viterbi_base_model,S-A5,10.0,5210.023,120.2996651087042,119.9814344080704,119.9814344080704
viterbi_base_model,S-A5,10.0,5220.023,164.4133338618175,164.45100507937212,164.45100507937212
viterbi_base_model,S-A5,10.0,5230.023,203.5330736909733,203.58032925223804,203.58032925223804
viterbi_base_model,S-A5,10.0,5240.023,155.6622939667705,155.56970016199529,155.56970016199529
viterbi_base_model,S-A5,10.0,5250.023,212.45387961132369,212.3250352886422,212.3250352886422
viterbi_base_model,S-A5,10.0,5260.023,216.024840463498,216.02459108116523,216.02459108116523
viterbi_base_model,S-A5,10.0,5270.023,170.19579679898212,170.28857552745052,170.28857552745052
viterbi_base_model,S-A5,10.0,5280.023,178.62143383164377,178.6683773347367,178.6683773347367
viterbi_base_model,S-A5,10.0,5290.023,127.92021509864547,127.83571671858422,127.83571671858422
viterbi_base_model,S-A5,10.0,5300.023,197.3368043144268,197.13306879049205,197.13306879049205
viterbi_base_model,S-A5,10.0,5310.023,242.63215221472893,242.4968874860298,242.4968874860298
viterbi_base_model,S-A5,10.0,5320.023,181.37883836632088,181.3300237151072,181.3300237151072
viterbi_base_model,S-A5,10.0,5330.023,145.9236711941837,145.77196384014542,145.77196384014542
viterbi_base_model,S-A5,10.0,5360.023,173.49239287175723,173.3435268527111,173.3435268527111
viterbi_base_model,S-A5,10.0,5370.023,167.49906376425594,167.01525018427907,167.01525018427907
viterbi_base_model,S-A5,10.0,5380.023,120.37771308005973,120.30129148284107,120.30129148284107
viterbi_base_model,S-A5,10.0,5390.023,135.68783652307835,135.59440972764864,135.59440972764864
viterbi_base_model,S-A5,10.0,5400.023,182.9739691727262,182.90549860851485,182.90549860851485
viterbi_base_model,S-A5,10.0,5410.023,153.1137044311574,153.02763347621953,153.02763347621953
viterbi_base_model,S-A5,10.0,5420.023,168.20086303398637,168.05911910988806,168.05911910988806
viterbi_base_model,S-A5,10.0,5430.023,192.99284264645698,192.9088845618233,192.9088845618233
viterbi_base_model,S-A5,10.0,5440.023,182.45778980796723,182.43155125056907,182.43155125056907
viterbi_base_model,S-A5,10.0,5450.023,168.82488366561566,168.75070168789512,168.75070168789512
viterbi_base_model,S-A5,10.0,5460.023,133.45338688828815,133.4310045288712,133.4310045288712
viterbi_base_model,S-A5,10.0,5470.023,124.32585367400083,124.28949859773206,124.28949859773206
viterbi_base_model,S-A5,10.0,5480.023,94.13377908201532,94.14028885563441,94.14028885563441
viterbi_base_model,S-A5,10.0,5490.023,79.81973758731915,79.76543962508171,79.76543962508171
viterbi_base_model,S-A5,10.0,5500.023,43.27555423242426,43.14370751480969,43.14370751480969
viterbi_base_model,S-A5,10.0,5510.023,72.06567482612245,70.91956711151943,70.91956711151943
viterbi_base_model,S-A5,10.0,5520.023,99.17113282135402,98.82307862020883,98.82307862020883
viterbi_base_model,S-A5,10.0,5530.023,107.81580228343452,107.64342109940162,107.64342109940162
viterbi_base_model,S-A5,10.0,5540.023,105.52103441743374,105.52435518031403,105.52435518031403
viterbi_base_model,S-A5,10.0,5550.023,124.2243400100776,124.2167196852613,124.2167196852613
viterbi_base_model,S-A5,10.0,5560.023,105.1228580031418,105.04079039443317,105.04079039443317
viterbi_base_model,S-A5,10.0,5570.023,69.56410807167725,69.45600252842833,69.45600252842833
viterbi_base_model,S-A5,10.0,5580.023,77.55426075523235,77.32241836556294,77.32241836556294
viterbi_base_model,S-A5,10.0,5590.023,87.17544743862447,87.06863257103946,87.06863257103946
viterbi_base_model,S-A5,10.0,5600.023,70.07591906618553,70.09964482437867,70.09964482437867
viterbi_base_model,S-A5,10.0,5610.023,76.31593829055262,75.8351903069001,75.8351903069001
viterbi_base_model,S-A5,10.0,5620.023,95.09331867758544,94.98372937968114,94.98372937968114
viterbi_base_model,S-A5,10.0,5630.023,70.57972343057828,70.4968452455257,70.4968452455257
viterbi_base_model,S-A5,10.0,5640.023,68.98642465331928,68.95077735760367,68.95077735760367
viterbi_base_model,S-A5,10.0,5650.023,79.40893604427852,79.1777511159948,79.1777511159948
viterbi_base_model,S-A5,10.0,5660.023,82.70219926551854,82.40469132913657,82.40469132913657
viterbi_base_model,S-A5,10.0,5670.023,74.32936811612986,74.24847083752013,74.24847083752013
viterbi_base_model,S-A5,10.0,5680.023,72.0943736410658,71.96540291038883,71.96540291038883
viterbi_base_model,S-A5,10.0,5690.023,53.96158343571881,53.95490292854984,53.95490292854984
viterbi_base_model,S-A5,10.0,5700.023,79.99121856010785,79.8894420277102,79.8894420277102
viterbi_base_model,S-A5,10.0,5710.023,81.03503334364201,80.95535851722599,80.95535851722599
viterbi_base_model,S-A5,10.0,5720.023,91.81717265924344,91.65721933590066,91.65721933590066
viterbi_base_model,S-A5,10.0,5730.023,117.08454591851886,116.97143921399044,116.97143921399044
viterbi_base_model,S-A5,10.0,5740.023,88.49422432039894,88.4021698552059,88.4021698552059
viterbi_base_model,S-A5,10.0,5750.023,133.13336748515528,133.10820736565856,133.10820736565856
viterbi_base_model,S-A5,10.0,5760.023,105.42360596793252,104.5532990302973,104.5532990302973
viterbi_base_model,S-A5,10.0,5770.023,83.34878496706561,83.05965643803276,83.05965643803276
viterbi_base_model,S-A5,10.0,5780.023,90.96672733054608,90.62179695066743,90.62179695066743
viterbi_base_model,S-A5,10.0,5790.023,58.28859860285755,57.98293443934206,57.98293443934206
viterbi_base_model,S-A5,10.0,5800.023,55.03765294783158,54.760170062599315,54.760170062599315
viterbi_base_model,S-A5,10.0,5810.023,80.28723362553039,80.03064353400697,80.03064353400697
viterbi_base_model,S-A5,10.0,5820.023,86.61485119011698,86.18865334741162,86.18865334741162
viterbi_base_model,S-A5,10.0,5830.023,111.4903742495152,111.39857066097119,111.39857066097119
viterbi_base_model,S-A5,10.0,5840.023,57.30540549940363,57.244516991154626,57.244516991154626
viterbi_base_model,S-A5,10.0,5850.023,56.31400047159686,56.228814651080896,56.228814651080896
viterbi_base_model,S-A5,10.0,5860.023,59.132494484252284,58.95278981929083,58.95278981929083
viterbi_base_model,S-A5,10.0,5870.023,44.371086766494344,44.302912159205405,44.302912159205405
viterbi_base_model,S-A5,10.0,5880.023,69.66908776465228,69.56738472473562,69.56738472473562
viterbi_base_model,S-A5,10.0,5890.023,110.28506087302709,110.24927260400183,110.24927260400183
viterbi_base_model,S-A5,10.0,5900.023,133.5723779290054,133.51741310943825,133.51741310943825
viterbi_base_model,S-A5,10.0,5910.023,69.03020975649191,69.00155787621583,69.00155787621583
viterbi_base_model,S-A5,10.0,5920.023,90.68137651133911,90.57067092656185,90.57067092656185
viterbi_base_model,S-A5,10.0,5930.023,48.262436929006554,48.15137196262026,48.15137196262026
viterbi_base_model,S-A5,10.0,5940.023,66.46257296749862,66.31331338148645,66.31331338148645
viterbi_base_model,S-A5,10.0,5950.023,37.92448199586033,37.64737698387976,37.64737698387976
viterbi_base_model,S-A5,10.0,5960.023,45.25221207061733,45.148875959903705,45.148875959903705
viterbi_base_model,S-A5,10.0,5970.023,42.68466629837272,42.6410908477146,42.6410908477146
viterbi_base_model,S-A5,10.0,5980.023,79.43384724831738,79.24769549507754,79.24769549507754
viterbi_base_model,S-A5,10.0,5990.023,72.2278350591666,72.03713959859466,72.03713959859466
viterbi_base_model,S-A5,10.0,6000.023,63.74604918164308,63.63156622183925,63.63156622183925
viterbi_base_model,S-A5,10.0,6010.023,22.001723403805958,22.01120223115056,22.01120223115056
viterbi_base_model,S-A5,10.0,6020.023,3.614016656786227,3.352964389868731,3.352964389868731
viterbi_base_model,S-A5,10.0,6030.023,7.359173995939346,-7.383395270036445,7.383395270036445
viterbi_base_model,S-A5,10.0,6040.023,52.05883354789476,52.026153705352186,52.026153705352186
viterbi_base_model,S-A5,10.0,6050.023,44.48868902065298,44.45034260499031,44.45034260499031
viterbi_base_model,S-A5,10.0,6060.023,60.603783311701825,60.46120599686733,60.46120599686733
viterbi_base_model,S-A5,10.0,6070.023,42.21383486356952,41.9983347315565,41.9983347315565
viterbi_base_model,S-A5,10.0,6080.023,38.60426897995844,38.78856414569815,38.78856414569815
viterbi_base_model,S-A5,10.0,6090.023,6.288097834935329,5.864575871850704,5.864575871850704
viterbi_base_model,S-A5,10.0,6100.023,19.090182633667016,-18.99366598487835,18.99366598487835
viterbi_base_model,S-A5,10.0,6110.023,18.445694263510976,18.37640366009991,18.37640366009991
viterbi_base_model,S-A5,10.0,6120.023,80.7271551233515,80.56209676652531,80.56209676652531
viterbi_base_model,S-A5,10.0,6130.023,71.90503495351827,71.70638494414275,71.70638494414275
viterbi_base_model,S-A5,10.0,6140.023,94.25093323025229,94.07928502123002,94.07928502123002
viterbi_base_model,S-A5,10.0,6150.023,103.04724372240264,102.70905858553948,102.70905858553948
viterbi_base_model,S-A5,10.0,6160.023,100.99077426177014,100.82124163377921,100.82124163377921
viterbi_base_model,S-A5,10.0,6170.023,93.13929793569383,92.98623120540617,92.98623120540617
viterbi_base_model,S-A5,10.0,6180.023,93.57885797230452,93.43523232137969,93.43523232137969
viterbi_base_model,S-A5,10.0,6190.023,80.909311198634,80.83044952531834,80.83044952531834
viterbi_base_model,S-A5,10.0,6200.023,104.54189122108168,104.45643849980728,104.45643849980728
viterbi_base_model,S-A5,10.0,6210.023,81.43672999140693,81.20665948086857,81.20665948086857
viterbi_base_model,S-A5,10.0,6220.023,84.80488271438209,84.69570078138446,84.69570078138446
viterbi_base_model,S-A5,10.0,6230.023,92.86286741930692,92.80948515154148,92.80948515154148
viterbi_base_model,S-A5,10.0,6240.023,45.33347448255025,45.25368270370987,45.25368270370987
viterbi_base_model,S-A5,10.0,6250.023,52.846987442127435,52.871722880814445,52.871722880814445
viterbi_base_model,S-A5,10.0,6260.023,82.93438272234566,82.81158071828565,82.81158071828565
viterbi_base_model,S-A5,10.0,6270.023,65.7767088207742,65.69014852041356,65.69014852041356
viterbi_base_model,S-A5,10.0,6280.023,111.30415576028031,111.26645227082409,111.26645227082409
viterbi_base_model,S-A5,10.0,6290.023,107.15257648534708,107.14819827525687,107.14819827525687
viterbi_base_model,S-A5,10.0,6300.023,92.58788669884306,92.5279417930389,92.5279417930389
viterbi_base_model,S-A5,10.0,6310.023,84.94864833030883,84.78142782499579,84.78142782499579
viterbi_base_model,S-A5,10.0,6320.023,94.98643321463553,94.97563553895122,94.97563553895122
viterbi_base_model,S-A5,10.0,6330.023,72.71173875379921,72.62954433833417,72.62954433833417
viterbi_base_model,S-A5,10.0,6340.023,4.354140862983286,4.365439282445845,4.365439282445845
viterbi_base_model,S-A5,10.0,6350.023,41.61237294058755,41.75172159843263,41.75172159843263
viterbi_base_model,S-A5,10.0,6360.023,1.0395919593539789,-0.23041289062269854,0.23041289062269854
viterbi_base_model,S-A5,10.0,6370.023,58.237530076455464,57.69119023566143,57.69119023566143
viterbi_base_model,S-A5,10.0,6380.023,42.96502669137358,43.075719834664895,43.075719834664895
viterbi_base_model,S-A5,10.0,6390.023,45.3568735688154,45.242384047386246,45.242384047386246
viterbi_base_model,S-A5,10.0,6400.023,121.12058828348269,121.03014833599309,121.03014833599309
viterbi_base_model,S-A5,10.0,6410.023,65.74564771500789,65.89397197905829,65.89397197905829
viterbi_base_model,S-A5,10.0,6420.023,19.426215146387342,18.904465013433228,18.904465013433228
viterbi_base_model,S-A5,10.0,6430.023,12.466191774630625,11.940970465973184,11.940970465973184
viterbi_base_model,S-A5,10.0,6440.023,34.64234396920371,-35.69859929978708,35.69859929978708
viterbi_base_model,S-A5,10.0,6450.023,39.53595113627078,-39.386435023937835,39.386435023937835
viterbi_base_model,S-A5,10.0,6460.023,60.9227772890503,-61.02386314213318,61.02386314213318
viterbi_base_model,S-A5,10.0,6470.023,46.70368647058007,-46.83069477275529,46.83069477275529
viterbi_base_model,S-A5,10.0,6480.023,24.56149627388157,24.529625613945704,24.529625613945704
viterbi_base_model,S-A5,10.0,6490.023,34.906446588381435,34.838846671597274,34.838846671597274
viterbi_base_model,S-A5,10.0,6500.023,66.76426894378803,65.48123768786053,65.48123768786053
viterbi_base_model,S-A5,10.0,6510.023,31.194201247935414,31.079345888083242,31.079345888083242
viterbi_base_model,S-A5,10.0,6520.023,2.8324129526179704,2.78046003962881,2.78046003962881
viterbi_base_model,S-A5,10.0,6530.023,8.21922296545474,7.535788316661268,7.535788316661268
viterbi_base_model,S-A5,10.0,6540.023,11.868138408948965,11.690822737983314,11.690822737983314
viterbi_base_model,S-A5,10.0,6550.023,58.18961234486987,58.088255192468026,58.088255192468026
viterbi_base_model,S-A5,10.0,6560.023,109.94427549645232,109.83631237554583,109.83631237554583
viterbi_base_model,S-A5,10.0,6570.023,42.241344666364434,42.12840650131625,42.12840650131625
viterbi_base_model,S-A5,10.0,6580.023,70.92583393208108,70.66319996915045,70.66319996915045
viterbi_base_model,S-A5,10.0,6590.023,139.02969831409425,138.97941929478694,138.97941929478694
viterbi_base_model,S-A5,10.0,6600.023,97.30782228209122,97.15652746499086,97.15652746499086
viterbi_base_model,S-A5,10.0,6610.023,91.78847690579937,91.66913606409025,91.66913606409025
viterbi_base_model,S-A5,10.0,6620.023,24.56981992827732,24.473375788091516,24.473375788091516
viterbi_base_model,S-A5,10.0,6630.023,65.456223488635,65.36151487505941,65.36151487505941
viterbi_base_model,S-A5,10.0,6640.023,73.01849806559879,72.96131337290892,72.96131337290892
viterbi_base_model,S-A5,10.0,6650.023,60.99932527685099,60.93192229200477,60.93192229200477
viterbi_base_model,S-A5,10.0,6660.023,77.65988210788976,77.56846033506547,77.56846033506547
viterbi_base_model,S-A5,10.0,6670.023,55.761602641794596,55.71828912363043,55.71828912363043
viterbi_base_model,S-A5,10.0,6680.023,26.059143772037803,26.06234657483195,26.06234657483195
viterbi_base_model,S-A5,10.0,6690.023,58.63034069507889,58.58530108837391,58.58530108837391
viterbi_base_model,S-A5,10.0,6700.023,95.04939956553471,95.00874097199883,95.00874097199883
viterbi_base_model,S-A5,10.0,6710.023,50.97020790986056,50.76392312884479,50.76392312884479
viterbi_base_model,S-A5,10.0,6720.023,71.80856663525915,71.76064959215164,71.76064959215164
viterbi_base_model,S-A5,10.0,6730.023,18.801485846326255,18.706940734378655,18.706940734378655
viterbi_base_model,S-A5,10.0,6740.023,35.75989488306936,35.70630634903253,35.70630634903253
viterbi_base_model,S-A5,10.0,6750.023,61.69374056673046,61.22377464840856,61.22377464840856
viterbi_base_model,S-A5,10.0,6760.023,45.778680795271505,45.64108624857478,45.64108624857478
viterbi_base_model,S-A5,10.0,6770.023,75.15481224380109,75.06430011970653,75.06430011970653
viterbi_base_model,S-A5,10.0,6780.023,55.63618802922861,55.59868646699877,55.59868646699877
viterbi_base_model,S-A5,10.0,6790.023,31.304325536283557,31.103562690076554,31.103562690076554
viterbi_base_model,S-A5,10.0,6800.023,92.9711892982556,92.74121755852715,92.74121755852715
viterbi_base_model,S-A5,10.0,6810.023,77.5733206430414,77.34248012463048,77.34248012463048
viterbi_base_model,S-A5,10.0,6820.023,74.6564117045819,74.60445695573495,74.60445695573495
viterbi_base_model,S-A5,10.0,6830.023,92.11186844098205,91.95641518895333,91.95641518895333
viterbi_base_model,S-A5,10.0,6840.023,8.737400032540624,8.563849779600353,8.563849779600353
viterbi_base_model,S-A5,10.0,6850.023,60.669814647312286,60.48500449681201,60.48500449681201
viterbi_base_model,S-A5,10.0,6860.023,5.818463236679746,-5.8074654327491295,5.8074654327491295
viterbi_base_model,S-A5,10.0,6870.023,65.65085118312653,-65.66344074313164,65.66344074313164
viterbi_base_model,S-A5,10.0,6880.023,17.051107125508494,-17.030852618458063,17.030852618458063
viterbi_base_model,S-A5,10.0,6890.023,20.52843372207933,-20.573319216973562,20.573319216973562
viterbi_base_model,S-A5,10.0,6900.023,20.809131002127607,20.73420045711337,20.73420045711337
viterbi_base_model,S-A5,10.0,6910.023,40.770019465135576,40.6799654887349,40.6799654887349
viterbi_base_model,S-A5,10.0,6920.023,69.80318826751417,69.68406799440487,69.68406799440487
viterbi_base_model,S-A5,10.0,6930.023,22.802803695340213,22.688907827921387,22.688907827921387
viterbi_base_model,S-A5,10.0,6940.023,21.501939676151185,21.45664693069721,21.45664693069721
viterbi_base_model,S-A5,10.0,6950.023,38.147058613183304,37.8244508910289,37.8244508910289
viterbi_base_model,S-A5,10.0,6960.023,8.965256975435668,8.889117132099749,8.889117132099749
viterbi_base_model,S-A5,10.0,6970.023,37.04236555237687,36.939404059482605,36.939404059482605
viterbi_base_model,S-A5,10.0,6980.023,18.441448102863774,18.48539921548963,18.48539921548963
viterbi_base_model,S-A5,10.0,6990.023,14.571410797617,14.449518056922734,14.449518056922734
viterbi_base_model,S-A5,10.0,7000.023,7.687104337877458,-7.684261535650009,7.684261535650009
viterbi_base_model,S-A5,10.0,7010.023,23.353440326369025,23.40520345248915,23.40520345248915
viterbi_base_model,S-A5,10.0,7020.023,15.254057852688224,14.153322854156318,14.153322854156318
viterbi_base_model,S-A5,10.0,7030.023,23.0470737837468,-22.933644603008986,22.933644603008986
viterbi_base_model,S-A5,10.0,7040.023,8.590990826299695,-8.576968364132078,8.576968364132078
viterbi_base_model,S-A5,10.0,7050.023,56.10900299889405,-56.06990845542002,56.06990845542002
viterbi_base_model,S-A5,10.0,7060.023,13.072234385001378,-13.018899753514383,13.018899753514383
viterbi_base_model,S-A5,10.0,7070.023,26.72465016990999,26.55531505470937,26.55531505470937
viterbi_base_model,S-A5,10.0,7080.023,6.001949079392028,0.6032628392522632,0.6032628392522632
viterbi_base_model,S-A5,10.0,7090.023,14.847421230704649,-14.657074509638534,14.657074509638534
viterbi_base_model,S-A5,10.0,7100.023,7.883941323292484,-7.8915949208706095,7.8915949208706095
viterbi_base_model,S-A5,10.0,7110.023,17.56791793322084,-17.4907530985306,17.4907530985306
viterbi_base_model,S-A5,10.0,7120.023,27.097971653455364,-26.98105507836832,26.98105507836832
viterbi_base_model,S-A5,10.0,7130.023,35.16821009210703,-35.3073656579693,35.3073656579693
viterbi_base_model,S-A5,10.0,7140.023,3.3679047459282807,-2.4989606932556008,2.4989606932556008
viterbi_base_model,S-A5,10.0,7150.023,45.47502822090692,45.37448370226451,45.37448370226451
viterbi_base_model,S-A5,10.0,7160.023,11.090806570089805,10.24094852498228,10.24094852498228
viterbi_base_model,S-A5,10.0,7170.023,56.987676052853104,-57.019897183515596,57.019897183515596
viterbi_base_model,S-A5,10.0,7180.023,11.87209980798226,-11.911866497446127,11.911866497446127
viterbi_base_model,S-A5,10.0,7190.023,30.74287740951856,-30.758805070448435,30.758805070448435
viterbi_base_model,S-A5,10.0,7200.023,3.458568075662901,2.8015954745189795,2.8015954745189795
viterbi_base_model,S-A5,10.0,7210.023,19.79283106064156,19.55893967756015,19.55893967756015
viterbi_base_model,S-A5,10.0,7220.023,51.97879956693766,51.902367197749044,51.902367197749044
viterbi_base_model,S-A5,10.0,7230.023,29.739209556269937,-25.753409473008848,25.753409473008848
viterbi_base_model,S-A5,10.0,7240.023,27.81000558492272,-27.84394829092172,27.84394829092172
viterbi_base_model,S-A5,10.0,7250.023,20.280576644017398,-20.402389531945417,20.402389531945417
viterbi_base_model,S-A5,10.0,7260.023,8.167994558105816,-7.318638124244668,7.318638124244668
viterbi_base_model,S-A5,10.0,7270.023,29.200378821252784,-29.281631371354983,29.281631371354983
viterbi_base_model,S-A5,10.0,7280.023,5.885248918990663,-6.029248077967104,6.029248077967104
viterbi_base_model,S-A5,10.0,7290.023,15.2892568321814,15.235431792885173,15.235431792885173
viterbi_base_model,S-A5,10.0,7300.023,80.95183596890071,80.96174226965933,80.96174226965933
viterbi_base_model,S-A5,10.0,7310.023,44.6137463173709,44.52653304227201,44.52653304227201
viterbi_base_model,S-A5,10.0,7320.023,25.540684002329062,25.193266716959364,25.193266716959364
viterbi_base_model,S-A5,10.0,7330.023,16.473555915272357,16.199154012055004,16.199154012055004
viterbi_base_model,S-A5,10.0,7340.023,64.4245583439341,64.29229533778894,64.29229533778894
viterbi_base_model,S-A5,10.0,7350.023,62.02123976713769,62.01074659613158,62.01074659613158
viterbi_base_model,S-A5,10.0,7360.023,48.478783091166285,48.468339657438634,48.468339657438634
viterbi_base_model,S-A5,10.0,7370.023,70.99067919312954,70.95399720110208,70.95399720110208
viterbi_base_model,S-A5,10.0,7380.023,38.104820336110336,38.03229938757295,38.03229938757295
viterbi_base_model,S-A5,10.0,7390.023,24.07995828368793,24.06325417391906,24.06325417391906
viterbi_base_model,S-A5,10.0,7400.023,71.97687587846644,71.94650570908507,71.94650570908507
viterbi_base_model,S-A5,10.0,7410.023,94.67248532400386,94.64112570875933,94.64112570875933
viterbi_base_model,S-A5,10.0,7420.023,56.637167372805195,56.60883996474516,56.60883996474516
viterbi_base_model,S-A5,10.0,7430.023,73.465935127711,73.38967959471859,73.38967959471859
viterbi_base_model,S-A5,10.0,7440.023,20.84792235900063,20.835521514304137,20.835521514304137
viterbi_base_model,S-A5,10.0,7450.023,65.74503982821113,65.72427728108644,65.72427728108644
viterbi_base_model,S-A5,10.0,7460.023,62.35486475047994,62.317314751479095,62.317314751479095
viterbi_base_model,S-A5,10.0,7470.023,85.74921440780113,85.68710861943339,85.68710861943339
viterbi_base_model,S-A5,10.0,7480.023,58.645600141970085,58.60752317512758,58.60752317512758
viterbi_base_model,S-A5,10.0,7490.023,24.93937246005939,24.91881799445503,24.91881799445503
viterbi_base_model,S-A5,10.0,7500.023,74.97733285455749,74.93803049949327,74.93803049949327
viterbi_base_model,S-A5,10.0,7510.023,93.43319301254036,93.35244896644375,93.35244896644375
viterbi_base_model,S-A5,10.0,7520.023,79.57340366755844,79.55794789564516,79.55794789564516
viterbi_base_model,S-A5,10.0,7530.023,20.344027452721,20.302480966934407,20.302480966934407
viterbi_base_model,S-A5,10.0,7540.023,71.5352586761223,71.3917427446994,71.3917427446994
viterbi_base_model,S-A5,10.0,7550.023,49.72525505407401,49.58848901203238,49.58848901203238
viterbi_base_model,S-A5,10.0,7560.023,17.637066088554512,17.62105829653545,17.62105829653545
viterbi_base_model,S-A5,10.0,7570.023,69.04103098772649,68.97596300129857,68.97596300129857
viterbi_base_model,S-A5,10.0,7580.023,33.54533553396148,33.44243208442465,33.44243208442465
viterbi_base_model,S-A5,10.0,7590.023,65.63057905605368,65.5924981733533,65.5924981733533
viterbi_base_model,S-A5,10.0,7600.023,52.302640797267976,52.30446704559738,52.30446704559738
viterbi_base_model,S-A5,10.0,7610.023,56.36803173711896,56.29768196902583,56.29768196902583
viterbi_base_model,S-A5,10.0,7620.023,52.89860657776556,52.80115518207374,52.80115518207374
viterbi_base_model,S-A5,10.0,7630.023,48.87979038274394,48.64577841178179,48.64577841178179
viterbi_base_model,S-A5,10.0,7640.023,18.388807454948918,17.07988406521295,17.07988406521295
viterbi_base_model,S-A5,10.0,7650.023,63.20882614940226,62.904767006277794,62.904767006277794
viterbi_base_model,S-A5,10.0,7660.023,21.659848018538113,21.605015107858776,21.605015107858776
viterbi_base_model,S-A5,10.0,7670.023,54.95520511160624,54.88043139723474,54.88043139723474
viterbi_base_model,S-A5,10.0,7680.023,78.64551165373281,78.49673295022819,78.49673295022819
viterbi_base_model,S-A5,10.0,7690.023,101.68982592683487,101.57620006761715,101.57620006761715
viterbi_base_model,S-A5,10.0,7700.023,70.1558742125774,69.97438562433561,69.97438562433561
viterbi_base_model,S-A5,10.0,7710.023,67.94938970580677,67.8590155021295,67.8590155021295
viterbi_base_model,S-A5,10.0,7720.023,77.97517854113215,77.84234807182172,77.84234807182172
viterbi_base_model,S-A5,10.0,7730.023,46.747211933296,46.61903925787372,46.61903925787372
viterbi_base_model,S-A5,10.0,7740.023,44.882838369437486,44.8795856656471,44.8795856656471
viterbi_base_model,S-A5,10.0,7750.023,42.92124617615488,35.66368826596765,35.66368826596765
viterbi_base_model,S-A5,10.0,7760.023,18.249566845111346,18.28519849697298,18.28519849697298
viterbi_base_model,S-A5,10.0,7770.023,8.627367111243816,6.926380798183313,6.926380798183313
viterbi_base_model,S-A5,10.0,7780.023,51.05622991264101,50.980602549787186,50.980602549787186
viterbi_base_model,S-A5,10.0,7790.023,79.17666567420105,79.09327152548812,79.09327152548812
viterbi_base_model,S-A5,10.0,7800.023,97.50660693414773,97.48652574314475,97.48652574314475
viterbi_base_model,S-A5,10.0,7810.023,47.17424357721007,47.1325996232585,47.1325996232585
viterbi_base_model,S-A5,10.0,7820.023,60.331906513565094,60.294335495043036,60.294335495043036
viterbi_base_model,S-A5,10.0,7830.023,64.65727008440622,64.64407617939813,64.64407617939813
viterbi_base_model,S-A5,10.0,7840.023,45.30845709207401,45.26803879370121,45.26803879370121
viterbi_base_model,S-A5,10.0,7850.023,77.8178874081639,77.6956421881307,77.6956421881307
viterbi_base_model,S-A5,10.0,7860.023,84.14480560159079,83.91762037715078,83.91762037715078
viterbi_base_model,S-A5,10.0,7870.023,51.52108607609331,51.39270254166624,51.39270254166624
viterbi_base_model,S-A5,10.0,7880.023,29.391329825657245,28.79563001683199,28.79563001683199
viterbi_base_model,S-A5,10.0,7890.023,34.93908758343268,34.91664381112158,34.91664381112158
viterbi_base_model,S-A5,10.0,7900.023,26.06667580537493,25.822725244446783,25.822725244446783
viterbi_base_model,S-A5,10.0,7910.023,28.36084324650552,28.201965655855933,28.201965655855933
viterbi_base_model,S-A5,10.0,7920.023,52.44524914395764,52.000868280713156,52.000868280713156
viterbi_base_model,S-A5,10.0,7930.023,77.77829605234379,77.61244337490689,77.61244337490689
viterbi_base_model,S-A5,10.0,7940.023,56.3504104108934,56.26420090518111,56.26420090518111
viterbi_base_model,S-A5,10.0,7950.023,32.174597941068924,32.07658127439045,32.07658127439045
viterbi_base_model,S-A5,10.0,7960.023,84.80262506365054,84.53166844885986,84.53166844885986
viterbi_base_model,S-A5,10.0,7970.023,89.87736604882275,89.81015969527701,89.81015969527701
viterbi_base_model,S-A5,10.0,7980.023,23.697190971362648,23.56096530775077,23.56096530775077
viterbi_base_model,S-A5,10.0,7990.023,25.057816239188313,24.77952270748985,24.77952270748985
viterbi_base_model,S-A5,10.0,8000.023,69.26400568638927,69.17938234551072,69.17938234551072
viterbi_base_model,S-A5,10.0,8010.023,68.09673355417083,68.04887558969943,68.04887558969943
viterbi_base_model,S-A5,10.0,8020.023,58.58092974251258,58.45540171773233,58.45540171773233
viterbi_base_model,S-A5,10.0,8030.023,34.72373306006933,34.77107955328259,34.77107955328259
viterbi_base_model,S-A5,10.0,8040.023,24.068933519101197,24.11032596503703,24.11032596503703
viterbi_base_model,S-A5,10.0,8050.023,2.9055747143491697,1.850011524805499,1.850011524805499
viterbi_base_model,S-A5,10.0,8060.023,26.780791828181613,26.714478604449905,26.714478604449905
viterbi_base_model,S-A5,10.0,8070.023,29.609682386879047,29.466621058052862,29.466621058052862
viterbi_base_model,S-A5,10.0,8080.023,19.038896798194465,19.01997766507112,19.01997766507112
viterbi_base_model,S-A5,10.0,8090.023,6.355574898216089,-4.386485277029323,4.386485277029323
viterbi_base_model,S-A5,10.0,8100.023,69.76422860724995,69.66343445099801,69.66343445099801
viterbi_base_model,S-A5,10.0,8110.023,24.411404635022617,24.34979595224208,24.34979595224208
viterbi_base_model,S-A5,10.0,8120.023,14.611472380683583,-14.028943330468508,14.028943330468508
viterbi_base_model,S-A5,10.0,8130.023,9.26062142208527,-7.597119458240375,7.597119458240375
viterbi_base_model,S-A5,10.0,8140.023,1.1106323877265187,-0.9752409450985056,0.9752409450985056
viterbi_base_model,S-A5,10.0,8150.023,5.7762328791463995,5.550363805291624,5.550363805291624
viterbi_base_model,S-A5,10.0,8160.023,49.333829653399526,49.311992404210244,49.311992404210244
viterbi_base_model,S-A5,10.0,8170.023,10.42219798083406,10.3843663590334,10.3843663590334
viterbi_base_model,S-A5,10.0,8180.023,3.537353256569834,2.4364118301490443,2.4364118301490443
viterbi_base_model,S-A5,10.0,8190.023,20.780772842546696,20.734542930616296,20.734542930616296
viterbi_base_model,S-A5,10.0,8200.023000000001,6.039606787605276,-4.140894624931285,4.140894624931285
viterbi_base_model,S-A5,10.0,8210.023000000001,33.92567993598762,-33.38102817861103,33.38102817861103
viterbi_base_model,S-A5,10.0,8220.023000000001,28.75380011052565,27.811163989124115,27.811163989124115
viterbi_base_model,S-A5,10.0,8230.023000000001,86.61169877926967,86.42490189218968,86.42490189218968
viterbi_base_model,S-A5,10.0,8240.023000000001,70.85242075289169,70.56538506185407,70.56538506185407
viterbi_base_model,S-A5,10.0,8250.023000000001,36.63799899667783,35.036655242457634,35.036655242457634
viterbi_base_model,S-A5,10.0,8260.023000000001,26.10156601924585,26.312574544900645,26.312574544900645
viterbi_base_model,S-A5,10.0,8270.023000000001,9.898946202978951,-8.653712790564109,8.653712790564109
viterbi_base_model,S-A5,10.0,8280.023000000001,49.36066927293404,-40.699434839356776,40.699434839356776
viterbi_base_model,S-A5,10.0,8290.023000000001,77.14146186997655,-79.34135289722381,79.34135289722381
viterbi_base_model,S-A5,10.0,8300.023000000001,84.70406934794242,-86.17488175023384,86.17488175023384
viterbi_base_model,S-A5,10.0,8310.023000000001,23.828323869696188,-24.14399663696775,24.14399663696775
viterbi_base_model,S-A5,10.0,8320.023000000001,17.551517234302356,-17.744422732622194,17.744422732622194
viterbi_base_model,S-A5,10.0,8330.023000000001,11.933597601130856,-12.483797902340772,12.483797902340772
viterbi_base_model,S-A5,10.0,8340.023000000001,9.525478347714996,-9.880388555044608,9.880388555044608
viterbi_base_model,S-A5,10.0,8350.023000000001,22.286184013318024,-22.461405484755545,22.461405484755545
viterbi_base_model,S-A5,10.0,8360.023000000001,114.61173092129201,129.13048386432047,129.13048386432047
viterbi_base_model,S-A5,10.0,8370.023000000001,78.20973850229247,54.965004058014586,54.965004058014586
viterbi_base_model,S-A5,10.0,8380.023000000001,46.21881069347166,-44.127459008356794,44.127459008356794
viterbi_base_model,S-A5,10.0,8390.023000000001,95.76352194950167,-95.99090153076595,95.99090153076595
viterbi_base_model,S-A5,10.0,8400.023000000001,50.42559275137429,46.272505264313224,46.272505264313224
viterbi_base_model,S-A5,10.0,8410.023000000001,65.67166806059656,64.67936503946773,64.67936503946773
viterbi_base_model,S-A5,10.0,8420.023000000001,48.243549125886425,47.31181227095234,47.31181227095234
viterbi_base_model,S-A5,10.0,8430.023000000001,13.1822327015349,-13.04364061017281,13.04364061017281
viterbi_base_model,S-A5,10.0,8440.023000000001,60.20811968019411,-60.117230324486,60.117230324486
viterbi_base_model,S-A5,10.0,8450.023000000001,83.09493796832183,73.93495599953725,73.93495599953725
viterbi_base_model,S-A5,10.0,8460.023000000001,40.70116303088564,20.418742795345274,20.418742795345274
viterbi_base_model,S-A5,10.0,8470.023000000001,9.169442416825166,-14.484193246025281,14.484193246025281
viterbi_base_model,S-A5,30.0,90.023,47.20109932253601,-56.10936600987034,56.10936600987034
viterbi_base_model,S-A5,30.0,120.023,91.46820539299202,83.94215331090447,83.94215331090447
viterbi_base_model,S-A5,30.0,150.023,37.5179093833236,-38.28555072266815,38.28555072266815
viterbi_base_model,S-A5,30.0,180.023,57.24784909983906,52.12529040363568,52.12529040363568
viterbi_base_model,S-A5,30.0,210.023,145.13727345538197,142.15950278070196,142.15950278070196
viterbi_base_model,S-A5,30.0,240.023,260.0433769220136,259.1851840520469,259.1851840520469
viterbi_base_model,S-A5,30.0,270.023,146.1648304181703,147.03882644851126,147.03882644851126
viterbi_base_model,S-A5,30.0,300.023,87.03178243956116,84.40776178653988,84.40776178653988
viterbi_base_model,S-A5,30.0,330.023,330.09202267795297,329.403621328367,329.403621328367
viterbi_base_model,S-A5,30.0,360.023,327.7680399740798,327.04840637399155,327.04840637399155
viterbi_base_model,S-A5,30.0,390.023,424.9479473198264,424.163223141932,424.163223141932
viterbi_base_model,S-A5,30.0,420.023,346.74702468726275,346.1481932303955,346.1481932303955
viterbi_base_model,S-A5,30.0,450.023,436.622284597054,436.1474359606197,436.1474359606197
viterbi_base_model,S-A5,30.0,480.023,325.46658005022795,324.3165109944566,324.3165109944566
viterbi_base_model,S-A5,30.0,510.023,232.1545949164474,231.61596328683476,231.61596328683476
viterbi_base_model,S-A5,30.0,540.023,312.90177045182594,312.4460150990608,312.4460150990608
viterbi_base_model,S-A5,30.0,570.023,154.51365957459197,154.64307168344902,154.64307168344902
viterbi_base_model,S-A5,30.0,600.023,84.66157771928509,82.6596745355826,82.6596745355826
viterbi_base_model,S-A5,30.0,630.023,147.45829733093908,146.83883631297684,146.83883631297684
viterbi_base_model,S-A5,30.0,660.023,83.83562828622404,-84.35009113963656,84.35009113963656
viterbi_base_model,S-A5,30.0,690.023,30.78817682721778,29.808934717436966,29.808934717436966
viterbi_base_model,S-A5,30.0,720.023,25.82842440304318,-28.85919237190354,28.85919237190354
viterbi_base_model,S-A5,30.0,750.023,23.47788476898975,-82.42513677050407,82.42513677050407
viterbi_base_model,S-A5,30.0,810.023,57.892326346068614,-60.60262005867296,60.60262005867296
viterbi_base_model,S-A5,30.0,840.023,184.64173841441132,-188.05626917014757,188.05626917014757
viterbi_base_model,S-A5,30.0,870.023,229.53753735088998,-231.88726728791278,231.88726728791278
viterbi_base_model,S-A5,30.0,900.023,126.2146872810929,-126.76843346088293,126.76843346088293
viterbi_base_model,S-A5,30.0,930.023,124.44078415355604,-125.66686481913013,125.66686481913013
viterbi_base_model,S-A5,30.0,960.023,50.25628569693678,-51.7310430135245,51.7310430135245
viterbi_base_model,S-A5,30.0,990.023,29.48918558209689,27.427852551598445,27.427852551598445
viterbi_base_model,S-A5,30.0,1020.023,53.617252653875184,52.625266729345114,52.625266729345114
viterbi_base_model,S-A5,30.0,1050.0230000000001,42.28907727718404,40.5938304049993,40.5938304049993
viterbi_base_model,S-A5,30.0,1080.0230000000001,47.391207057230325,43.2846476959413,43.2846476959413
viterbi_base_model,S-A5,30.0,1110.0230000000001,73.04112277068121,-78.73191443311616,78.73191443311616
viterbi_base_model,S-A5,30.0,1140.0230000000001,182.10375529198262,-185.64996945234756,185.64996945234756
viterbi_base_model,S-A5,30.0,1170.0230000000001,106.91871887473302,106.71534576928559,106.71534576928559
viterbi_base_model,S-A5,30.0,1200.0230000000001,428.7404356783012,408.2587613096327,408.2587613096327
viterbi_base_model,S-A5,30.0,1320.0230000000001,398.7394797840616,398.40719539548707,398.40719539548707
viterbi_base_model,S-A5,30.0,1350.0230000000001,294.4917755315383,294.3752103908237,294.3752103908237
viterbi_base_model,S-A5,30.0,1380.0230000000001,45.67415034827144,45.12476314180127,45.12476314180127
viterbi_base_model,S-A5,30.0,1410.0230000000001,54.385440051308606,-56.22335720416877,56.22335720416877
viterbi_base_model,S-A5,30.0,1440.0230000000001,222.02196088316387,-220.08208061478132,220.08208061478132
viterbi_base_model,S-A5,30.0,1470.0230000000001,388.0353997407912,-388.6385852671417,388.6385852671417
viterbi_base_model,S-A5,30.0,1500.0230000000001,244.09560407073155,-247.58674298599385,247.58674298599385
viterbi_base_model,S-A5,30.0,1530.0230000000001,153.80185341007882,-153.92065405413842,153.92065405413842
viterbi_base_model,S-A5,30.0,1560.0230000000001,206.382123862026,-206.6751010804874,206.6751010804874
viterbi_base_model,S-A5,30.0,1590.0230000000001,187.00823798913683,-188.19294345508305,188.19294345508305
viterbi_base_model,S-A5,30.0,1620.0230000000001,192.3807069043809,191.92714174534646,191.92714174534646
viterbi_base_model,S-A5,30.0,1650.0230000000001,545.6676820013294,540.0340062286829,540.0340062286829
viterbi_base_model,S-A5,30.0,1770.0230000000001,550.3364331648971,551.0239255809761,551.0239255809761
viterbi_base_model,S-A5,30.0,1800.0230000000001,548.4667180328963,548.0654885383336,548.0654885383336
viterbi_base_model,S-A5,30.0,1830.0230000000001,676.3408225896586,678.7079351659872,678.7079351659872
viterbi_base_model,S-A5,30.0,1860.0230000000001,432.78700483933505,432.0645598377803,432.0645598377803
viterbi_base_model,S-A5,30.0,1890.0230000000001,490.57409127899587,490.8954758394356,490.8954758394356
viterbi_base_model,S-A5,30.0,1920.0230000000001,423.4434837127051,422.5763481931414,422.5763481931414
viterbi_base_model,S-A5,30.0,1950.0230000000001,287.02866567386434,286.9144549174974,286.9144549174974
viterbi_base_model,S-A5,30.0,1980.0230000000001,292.27433671869517,292.5499841427074,292.5499841427074
viterbi_base_model,S-A5,30.0,2010.0230000000001,179.36965577617596,179.86096318713967,179.86096318713967
viterbi_base_model,S-A5,30.0,2040.0230000000001,547.1263762968695,547.9172048269805,547.9172048269805
viterbi_base_model,S-A5,30.0,2070.023,530.0480325399035,531.7234954500892,531.7234954500892
viterbi_base_model,S-A5,30.0,2130.023,406.71803417997404,405.43856216486205,405.43856216486205
viterbi_base_model,S-A5,30.0,2160.023,712.7648772711805,712.4535091532465,712.4535091532465
viterbi_base_model,S-A5,30.0,2190.023,500.3829274985345,496.2985860232965,496.2985860232965
viterbi_base_model,S-A5,30.0,2340.023,481.5636151753477,481.1177061767724,481.1177061767724
viterbi_base_model,S-A5,30.0,2370.023,448.62726192590463,448.40134040242094,448.40134040242094
viterbi_base_model,S-A5,30.0,2400.023,408.69365940272365,408.2336433420925,408.2336433420925
viterbi_base_model,S-A5,30.0,2430.023,525.0057227940562,524.512381869737,524.512381869737
viterbi_base_model,S-A5,30.0,2460.023,379.8863404036987,380.65044302851663,380.65044302851663
viterbi_base_model,S-A5,30.0,2490.023,271.3610303555876,271.26971526422886,271.26971526422886
viterbi_base_model,S-A5,30.0,2520.023,194.74856542730313,194.20899237581912,194.20899237581912
viterbi_base_model,S-A5,30.0,2550.023,554.1892987288521,555.29493311986,555.29493311986
viterbi_base_model,S-A5,30.0,2580.023,526.6647149307635,526.255635678128,526.255635678128
viterbi_base_model,S-A5,30.0,2610.023,480.07615272690947,480.09394769790237,480.09394769790237
viterbi_base_model,S-A5,30.0,2700.023,553.0320286100862,554.7405297063032,554.7405297063032
viterbi_base_model,S-A5,30.0,2730.023,521.1758032153533,522.481999414117,522.481999414117
viterbi_base_model,S-A5,30.0,2940.023,462.43183915173296,462.3722865321585,462.3722865321585
viterbi_base_model,S-A5,30.0,2970.023,562.8131593375131,561.6486410738664,561.6486410738664
viterbi_base_model,S-A5,30.0,3000.023,654.1993255311819,653.7534373505271,653.7534373505271
viterbi_base_model,S-A5,30.0,3060.023,504.7810766786862,504.47054006900936,504.47054006900936
viterbi_base_model,S-A5,30.0,3090.023,517.9800783355869,517.4087611410577,517.4087611410577
viterbi_base_model,S-A5,30.0,3120.023,563.0017511809316,561.776130205301,561.776130205301
viterbi_base_model,S-A5,30.0,3480.023,485.83673674866714,485.38293341277256,485.38293341277256
viterbi_base_model,S-A5,30.0,3540.023,463.9325127617329,464.01764014639275,464.01764014639275
viterbi_base_model,S-A5,30.0,3570.023,210.60102478241114,210.2495390532038,210.2495390532038
viterbi_base_model,S-A5,30.0,3600.023,255.28974609767988,255.1610360626198,255.1610360626198
viterbi_base_model,S-A5,30.0,3630.023,194.6314653826364,194.42609926941648,194.42609926941648
viterbi_base_model,S-A5,30.0,3660.023,170.54754813946857,170.37627317895019,170.37627317895019
viterbi_base_model,S-A5,30.0,3690.023,199.80825294926439,199.01741010847422,199.01741010847422
viterbi_base_model,S-A5,30.0,3720.023,435.62082151967115,435.58952764544534,435.58952764544534
viterbi_base_model,S-A5,30.0,3750.023,551.3157192834186,552.4775907041754,552.4775907041754
viterbi_base_model,S-A5,30.0,4080.023,499.4397850822863,499.32085535402416,499.32085535402416
viterbi_base_model,S-A5,30.0,4110.023,360.509704874649,360.2675303277543,360.2675303277543
viterbi_base_model,S-A5,30.0,4140.023,447.98744022889497,448.4204636731941,448.4204636731941
viterbi_base_model,S-A5,30.0,4170.023,69.23154883356817,68.08301602047624,68.08301602047624
viterbi_base_model,S-A5,30.0,4200.023,141.65523283495276,142.47804769333845,142.47804769333845
viterbi_base_model,S-A5,30.0,4230.023,427.7991722116133,427.60819951763966,427.60819951763966
viterbi_base_model,S-A5,30.0,4260.023,384.2981505453896,386.27137971689484,386.27137971689484
viterbi_base_model,S-A5,30.0,4290.023,435.1323621448052,437.5367621795412,437.5367621795412
viterbi_base_model,S-A5,30.0,4320.023,326.0880333465713,326.57767849696745,326.57767849696745
viterbi_base_model,S-A5,30.0,4350.023,426.25786328864496,425.6680163492341,425.6680163492341
viterbi_base_model,S-A5,30.0,4590.023,377.96566074057085,377.6381478448845,377.6381478448845
viterbi_base_model,S-A5,30.0,4620.023,510.69600721698527,510.4512379554212,510.4512379554212
viterbi_base_model,S-A5,30.0,4650.023,438.12769438453296,437.66415287297923,437.66415287297923
viterbi_base_model,S-A5,30.0,4680.023,318.92105205391067,317.6833546834114,317.6833546834114
viterbi_base_model,S-A5,30.0,4710.023,269.791857945358,269.90827968053276,269.90827968053276
viterbi_base_model,S-A5,30.0,4740.023,233.87776885453252,233.4711254402724,233.4711254402724
viterbi_base_model,S-A5,30.0,4770.023,176.65894426523516,175.7897741841351,175.7897741841351
viterbi_base_model,S-A5,30.0,4800.023,367.5938504354867,368.1536017165424,368.1536017165424
viterbi_base_model,S-A5,30.0,4830.023,333.3461690714778,334.2508936096195,334.2508936096195
viterbi_base_model,S-A5,30.0,4860.023,224.48407527742356,224.01809932758118,224.01809932758118
viterbi_base_model,S-A5,30.0,4890.023,437.3858735353884,439.2650845010893,439.2650845010893
viterbi_base_model,S-A5,30.0,4920.023,506.1180430361703,506.144240193236,506.144240193236
viterbi_base_model,S-A5,30.0,4950.023,629.4913662361787,632.2027174572555,632.2027174572555
viterbi_base_model,S-A5,30.0,4980.023,547.7778575420044,549.2440301925136,549.2440301925136
viterbi_base_model,S-A5,30.0,5010.023,264.6355174367835,264.64319309722964,264.64319309722964
viterbi_base_model,S-A5,30.0,5040.023,343.04613298479467,342.7842496259104,342.7842496259104
viterbi_base_model,S-A5,30.0,5070.023,415.06802722289143,414.12231287240564,414.12231287240564
viterbi_base_model,S-A5,30.0,5100.023,431.59088209095205,431.22649634907737,431.22649634907737
viterbi_base_model,S-A5,30.0,5130.023,324.04487140596655,322.7802690123175,322.7802690123175
viterbi_base_model,S-A5,30.0,5160.023,475.6515658482629,476.08984969826395,476.08984969826395
viterbi_base_model,S-A5,30.0,5190.023,436.2897915262762,435.3460085439666,435.3460085439666
viterbi_base_model,S-A5,30.0,5220.023,523.1890745783169,523.5945371949189,523.5945371949189
viterbi_base_model,S-A5,30.0,5250.023,597.9820904939742,598.6284383128119,598.6284383128119
viterbi_base_model,S-A5,30.0,5280.023,503.49952193002133,503.6399860564344,503.6399860564344
viterbi_base_model,S-A5,30.0,5310.023,569.9644319923488,569.6043342157333,569.6043342157333
viterbi_base_model,S-A5,30.0,5370.023,423.58561706386115,422.91133009910607,422.91133009910607
viterbi_base_model,S-A5,30.0,5400.023,504.26662886651945,503.9904710597762,503.9904710597762
viterbi_base_model,S-A5,30.0,5430.023,543.622289782134,544.080422917224,544.080422917224
viterbi_base_model,S-A5,30.0,5460.023,351.7507111065545,351.85847353544085,351.85847353544085
viterbi_base_model,S-A5,30.0,5490.023,195.05440854128062,193.83052517036444,193.83052517036444
viterbi_base_model,S-A5,30.0,5520.023,312.47027947419485,311.9869282076461,311.9869282076461
viterbi_base_model,S-A5,30.0,5550.023,298.5757156544769,298.71483105738804,298.71483105738804
viterbi_base_model,S-A5,30.0,5580.023,234.78386794179295,234.4809618909509,234.4809618909509
viterbi_base_model,S-A5,30.0,5610.023,242.50441116221845,241.3150733225533,241.3150733225533
viterbi_base_model,S-A5,30.0,5640.023,230.8957116027152,230.53121629766773,230.53121629766773
viterbi_base_model,S-A5,30.0,5670.023,200.18388785210837,200.1727514422537,200.1727514422537
viterbi_base_model,S-A5,30.0,5700.023,253.08123229255912,252.5027519178432,252.5027519178432
viterbi_base_model,S-A5,30.0,5730.023,338.6604490762027,338.48603093172295,338.48603093172295
viterbi_base_model,S-A5,30.0,5760.023,280.0388046963697,278.2346434821438,278.2346434821438
viterbi_base_model,S-A5,30.0,5790.023,193.27961233225003,192.77420220949742,192.77420220949742
viterbi_base_model,S-A5,30.0,5820.023,255.28080729485836,254.83035723939668,254.83035723939668
viterbi_base_model,S-A5,30.0,5850.023,160.0608403805274,159.48272397259015,159.48272397259015
viterbi_base_model,S-A5,30.0,5880.023,313.3814826602319,313.33087783588127,313.33087783588127
viterbi_base_model,S-A5,30.0,5910.023,207.9067378333896,207.7231607640038,207.7231607640038
viterbi_base_model,S-A5,30.0,5940.023,149.531714457885,149.10952633988128,149.10952633988128
viterbi_base_model,S-A5,30.0,5970.023,194.30889489482647,193.92590169742596,193.92590169742596
viterbi_base_model,S-A5,30.0,6000.023,88.48906511650164,88.98302001405386,88.98302001405386
viterbi_base_model,S-A5,30.0,6030.023,89.20430850992764,89.09304304972783,89.09304304972783
viterbi_base_model,S-A5,30.0,6060.023,141.97978030880373,141.26633561903904,141.26633561903904
viterbi_base_model,S-A5,30.0,6090.023,7.381318356188953,5.236536103234748,5.236536103234748
viterbi_base_model,S-A5,30.0,6120.023,246.6946243194759,246.34907198786433,246.34907198786433
viterbi_base_model,S-A5,30.0,6150.023,297.19946622832447,296.5144529283369,296.5144529283369
viterbi_base_model,S-A5,30.0,6180.023,278.6766647225432,278.7085196651546,278.7085196651546
viterbi_base_model,S-A5,30.0,6210.023,259.06784586013123,258.7189715123091,258.7189715123091
viterbi_base_model,S-A5,30.0,6240.023,181.12659133005343,180.9373609259064,180.9373609259064
viterbi_base_model,S-A5,30.0,6270.023,284.15750944276084,284.1056393136155,284.1056393136155
viterbi_base_model,S-A5,30.0,6300.023,272.1168366839959,272.252355625745,272.252355625745
viterbi_base_model,S-A5,30.0,6330.023,118.26371286374825,118.7407352035488,118.7407352035488
viterbi_base_model,S-A5,30.0,6360.023,100.99353037416586,100.5255869218642,100.5255869218642
viterbi_base_model,S-A5,30.0,6390.023,231.42796595665584,232.14609917529367,232.14609917529367
viterbi_base_model,S-A5,30.0,6420.023,2.6053556354890803,-4.833319487327355,4.833319487327355
viterbi_base_model,S-A5,30.0,6450.023,147.2860064512245,-147.24559524409275,147.24559524409275
viterbi_base_model,S-A5,30.0,6480.023,125.51878171837802,124.8491240863031,124.8491240863031
viterbi_base_model,S-A5,30.0,6510.023,40.195569899198844,41.39815443711126,41.39815443711126
viterbi_base_model,S-A5,30.0,6540.023,179.79478268429426,179.61517570751454,179.61517570751454
viterbi_base_model,S-A5,30.0,6570.023,252.1021561197506,251.77128736783268,251.77128736783268
viterbi_base_model,S-A5,30.0,6600.023,213.59161123734225,213.29930989181491,213.29930989181491
viterbi_base_model,S-A5,30.0,6630.023,199.47023326152407,199.25183257753775,199.25183257753775
viterbi_base_model,S-A5,30.0,6660.023,159.50788070582306,159.3470355614138,159.3470355614138
viterbi_base_model,S-A5,30.0,6690.023,204.55355508396377,204.35796082973607,204.35796082973607
viterbi_base_model,S-A5,30.0,6720.023,126.3663962470386,126.17377602804578,126.17377602804578
viterbi_base_model,S-A5,30.0,6750.023,182.47425047810773,181.92887887705083,181.92887887705083
viterbi_base_model,S-A5,30.0,6780.023,179.77212092752205,179.44346093398246,179.44346093398246
viterbi_base_model,S-A5,30.0,6810.023,244.30458175985333,243.90325133313772,243.90325133313772
viterbi_base_model,S-A5,30.0,6840.023,63.54260406819608,63.24147683413522,63.24147683413522
viterbi_base_model,S-A5,30.0,6870.023,103.32303309748667,-103.26699262441315,103.26699262441315
viterbi_base_model,S-A5,30.0,6900.023,131.50779356633265,131.09278560777926,131.09278560777926
viterbi_base_model,S-A5,30.0,6930.023,82.16878662120266,81.96580610028822,81.96580610028822
viterbi_base_model,S-A5,30.0,6960.023,64.67378432837255,64.30351829750676,64.30351829750676
viterbi_base_model,S-A5,30.0,6990.023,30.341224275530685,30.174975605976165,30.174975605976165
viterbi_base_model,S-A5,30.0,7020.023,17.40776596023635,-17.351985298679818,17.351985298679818
viterbi_base_model,S-A5,30.0,7050.023,42.674768167863554,-42.53826394622867,42.53826394622867
viterbi_base_model,S-A5,30.0,7080.023,23.547370496940957,-21.950181435173796,21.950181435173796
viterbi_base_model,S-A5,30.0,7110.023,79.43563185570511,-79.78927890036692,79.78927890036692
viterbi_base_model,S-A5,30.0,7140.023,53.25870359822641,53.11501497193709,53.11501497193709
viterbi_base_model,S-A5,30.0,7170.023,99.55330067216907,-99.69032358192912,99.69032358192912
viterbi_base_model,S-A5,30.0,7200.023,74.51328610366956,74.26192132925686,74.26192132925686
viterbi_base_model,S-A5,30.0,7230.023,73.79926041095466,-73.99952616058408,73.99952616058408
viterbi_base_model,S-A5,30.0,7260.023,41.81555951367285,-42.62965548257949,42.62965548257949
viterbi_base_model,S-A5,30.0,7290.023,140.8058281542403,140.72249217418155,140.72249217418155
viterbi_base_model,S-A5,30.0,7320.023,106.72476594552982,105.68111188244454,105.68111188244454
viterbi_base_model,S-A5,30.0,7350.023,181.14107041097256,181.43236129633033,181.43236129633033
viterbi_base_model,S-A5,30.0,7380.023,134.16736494699694,134.0413473773453,134.0413473773453
viterbi_base_model,S-A5,30.0,7410.023,224.7775816658413,224.63886747689554,224.63886747689554
viterbi_base_model,S-A5,30.0,7440.023,148.91519811866343,148.8777319711344,148.8777319711344
viterbi_base_model,S-A5,30.0,7470.023,169.31724605341068,169.2132019391814,169.2132019391814
viterbi_base_model,S-A5,30.0,7500.023,248.02571741968876,247.84722007122136,247.84722007122136
viterbi_base_model,S-A5,30.0,7530.023,141.49145566475383,141.28554756585578,141.28554756585578
viterbi_base_model,S-A5,30.0,7560.023,120.13681975721883,120.03967607950565,120.03967607950565
viterbi_base_model,S-A5,30.0,7590.023,174.192896818917,174.19080434706896,174.19080434706896
viterbi_base_model,S-A5,30.0,7620.023,119.30901743171505,118.52740585348042,118.52740585348042
viterbi_base_model,S-A5,30.0,7650.023,139.78324904999155,139.38952766415713,139.38952766415713
viterbi_base_model,S-A5,30.0,7680.023,250.46437013098532,250.04598809830156,250.04598809830156
viterbi_base_model,S-A5,30.0,7710.023,192.72679398360836,192.31917751113482,192.31917751113482
viterbi_base_model,S-A5,30.0,7740.023,98.64306410660149,98.82598143466467,98.82598143466467
viterbi_base_model,S-A5,30.0,7770.023,137.2920964233439,137.00021219590968,137.00021219590968
viterbi_base_model,S-A5,30.0,7800.023,204.76915760629896,204.9093047170736,204.9093047170736
viterbi_base_model,S-A5,30.0,7830.023,187.3931861329467,187.60337721898082,187.60337721898082
viterbi_base_model,S-A5,30.0,7860.023,164.64546682324135,164.1123873314908,164.1123873314908
viterbi_base_model,S-A5,30.0,7890.023,89.35810622664127,88.94086079501082,88.94086079501082
viterbi_base_model,S-A5,30.0,7920.023,186.48501347319393,185.87625913901815,185.87625913901815
viterbi_base_model,S-A5,30.0,7950.023,206.8098982738169,206.4206417473837,206.4206417473837
viterbi_base_model,S-A5,30.0,7980.023,117.79552307039843,117.52001159473465,117.52001159473465
viterbi_base_model,S-A5,30.0,8010.023,161.36814988004605,161.2676414002815,161.2676414002815
viterbi_base_model,S-A5,30.0,8040.023,52.285654822956616,52.68050115883365,52.68050115883365
viterbi_base_model,S-A5,30.0,8070.023,44.863288450265216,44.10411411283076,44.10411411283076
viterbi_base_model,S-A5,30.0,8100.023,80.10973539744701,79.98545457673318,79.98545457673318
viterbi_base_model,S-A5,30.0,8130.023,5.3324734583277555,-3.021315873248696,3.021315873248696
viterbi_base_model,S-A5,30.0,8160.023,62.07708498397395,62.13170211769983,62.13170211769983
viterbi_base_model,S-A5,30.0,8190.023,21.10916111622448,-16.788863727300463,16.788863727300463
viterbi_base_model,S-A5,30.0,8220.023000000001,185.22980652247588,184.79325635025324,184.79325635025324
viterbi_base_model,S-A5,30.0,8250.023000000001,86.16913279472,52.99751073421268,52.99751073421268
viterbi_base_model,S-A5,30.0,8280.023000000001,210.96053678819408,-206.35101694414004,206.35101694414004
viterbi_base_model,S-A5,30.0,8310.023000000001,53.10356861393482,-54.370794084549935,54.370794084549935
viterbi_base_model,S-A5,30.0,8340.023000000001,91.5776860601732,96.84368044917024,96.84368044917024
viterbi_base_model,S-A5,30.0,8370.023000000001,339.5733751161262,-85.77577136886758,85.77577136886758
viterbi_base_model,S-A5,30.0,8400.023000000001,164.64460352633964,158.2057908474801,158.2057908474801
viterbi_base_model,S-A5,30.0,8430.023000000001,3.270578643869572,2.538717281557359,2.538717281557359
viterbi_base_model,S-A5,30.0,8460.023000000001,95.7830003331893,38.559043244432374,38.559043244432374
viterbi_base_model,S-A5,60.0,120.023,56.142946243455654,45.6566050646272,45.6566050646272
viterbi_base_model,S-A5,60.0,180.023,200.49477698950292,194.28341591091103,194.28341591091103
viterbi_base_model,S-A5,60.0,240.023,405.99919301613977,406.24116631250916,406.24116631250916
viterbi_base_model,S-A5,60.0,300.023,417.0991988024508,413.81439287437894,413.81439287437894
viterbi_base_model,S-A5,60.0,360.023,749.7761272766237,751.1827892863263,751.1827892863263
viterbi_base_model,S-A5,60.0,420.023,781.1109962099209,782.2505257217897,782.2505257217897
viterbi_base_model,S-A5,60.0,480.023,557.7216377483775,555.9487760784239,555.9487760784239
viterbi_base_model,S-A5,60.0,540.023,466.4394570867782,467.04967657584035,467.04967657584035
viterbi_base_model,S-A5,60.0,600.023,232.10774520654707,229.49846166479682,229.49846166479682
viterbi_base_model,S-A5,60.0,660.023,53.332887104591265,-54.53663857897329,54.53663857897329
viterbi_base_model,S-A5,60.0,720.023,49.08188323029596,-111.29884396387396,111.29884396387396
viterbi_base_model,S-A5,60.0,840.023,415.4061656279384,-419.96093891705647,419.96093891705647
viterbi_base_model,S-A5,60.0,900.023,250.67769464363712,-252.43690926872333,252.43690926872333
viterbi_base_model,S-A5,60.0,960.023,21.132752240857585,-24.300448602104282,24.300448602104282
viterbi_base_model,S-A5,60.0,1020.023,95.57469839255397,93.20625854580162,93.20625854580162
viterbi_base_model,S-A5,60.0,1080.0230000000001,27.278594838015444,-35.47026537522489,35.47026537522489
viterbi_base_model,S-A5,60.0,1140.0230000000001,74.31888184288378,-78.94100891250119,78.94100891250119
viterbi_base_model,S-A5,60.0,1200.0230000000001,897.9447925330086,881.3794001994819,881.3794001994819
viterbi_base_model,S-A5,60.0,1320.0230000000001,692.3651315099656,692.7759305474253,692.7759305474253
viterbi_base_model,S-A5,60.0,1380.0230000000001,9.099498776776224,-11.09848813757499,11.09848813757499
viterbi_base_model,S-A5,60.0,1440.0230000000001,610.8318746252813,-608.7169073730081,608.7169073730081
viterbi_base_model,S-A5,60.0,1500.0230000000001,397.84889968650697,-401.50832854918224,401.50832854918224
viterbi_base_model,S-A5,60.0,1560.0230000000001,393.5268163278095,-394.85897448409986,394.85897448409986
viterbi_base_model,S-A5,60.0,1620.0230000000001,737.3022478639848,731.9595704272378,731.9595704272378
viterbi_base_model,S-A5,60.0,1800.0230000000001,1218.9235257647374,1226.7842169852584,1226.7842169852584
viterbi_base_model,S-A5,60.0,1860.0230000000001,921.8389622481792,922.9690535629238,922.9690535629238
viterbi_base_model,S-A5,60.0,1920.0230000000001,710.4901055820699,709.4896410618326,709.4896410618326
viterbi_base_model,S-A5,60.0,1980.0230000000001,469.88880672699946,472.408462663534,472.408462663534
viterbi_base_model,S-A5,60.0,2040.0230000000001,1077.4453334025952,1079.6800309735945,1079.6800309735945
viterbi_base_model,S-A5,60.0,2160.023,1208.710847138604,1208.7592490730976,1208.7592490730976
viterbi_base_model,S-A5,60.0,2340.023,930.2028203866806,929.5186428723164,929.5186428723164
viterbi_base_model,S-A5,60.0,2400.023,928.7542683967198,932.6840691836998,932.6840691836998
viterbi_base_model,S-A5,60.0,2460.023,650.3681840511557,651.866348314348,651.866348314348
viterbi_base_model,S-A5,60.0,2520.023,745.9259888363919,749.494514861351,749.494514861351
viterbi_base_model,S-A5,60.0,2580.023,998.8423370624649,1006.3560415156933,1006.3560415156933
viterbi_base_model,S-A5,60.0,2700.023,1074.7280644953291,1077.2367617825971,1077.2367617825971
viterbi_base_model,S-A5,60.0,2940.023,1025.593278493258,1024.0268509271552,1024.0268509271552
viterbi_base_model,S-A5,60.0,3000.023,1051.2365574097407,1048.8164408921552,1048.8164408921552
viterbi_base_model,S-A5,60.0,3060.023,1022.7856911147719,1021.9006730217694,1021.9006730217694
viterbi_base_model,S-A5,60.0,3120.023,1239.9551019100807,1235.7985835270913,1235.7985835270913
viterbi_base_model,S-A5,60.0,3480.023,1058.9869732141472,1059.9891112038017,1059.9891112038017
viterbi_base_model,S-A5,60.0,3540.023,674.2681155979566,674.2739709899403,674.2739709899403
viterbi_base_model,S-A5,60.0,3600.023,449.93570740432887,449.57519688892785,449.57519688892785
viterbi_base_model,S-A5,60.0,3660.023,370.3744352575193,369.3954443894303,369.3954443894303
viterbi_base_model,S-A5,60.0,3720.023,984.4611101797583,988.0602252992551,988.0602252992551
viterbi_base_model,S-A5,60.0,4080.023,859.4514446066771,859.5545323977032,859.5545323977032
viterbi_base_model,S-A5,60.0,4140.023,518.3035335451926,516.510117662594,516.510117662594
viterbi_base_model,S-A5,60.0,4200.023,566.9815369241444,570.1003629091641,570.1003629091641
viterbi_base_model,S-A5,60.0,4260.023,817.6998890626057,823.8610266167531,823.8610266167531
viterbi_base_model,S-A5,60.0,4320.023,752.9481034697213,752.2552193990072,752.2552193990072
viterbi_base_model,S-A5,60.0,4620.023,946.6947560709044,948.1000168655239,948.1000168655239
viterbi_base_model,S-A5,60.0,4680.023,589.0561160425501,587.5821160725314,587.5821160725314
viterbi_base_model,S-A5,60.0,4740.023,410.48838018096467,409.26232507632227,409.26232507632227
viterbi_base_model,S-A5,60.0,4800.023,702.8447264485321,702.4251857489918,702.4251857489918
viterbi_base_model,S-A5,60.0,4860.023,659.8902056540288,663.2765670247493,663.2765670247493
viterbi_base_model,S-A5,60.0,4920.023,1134.0676346913503,1138.3398746088606,1138.3398746088606
viterbi_base_model,S-A5,60.0,4980.023,811.566245929813,813.8811321110143,813.8811321110143
viterbi_base_model,S-A5,60.0,5040.023,758.3004692297067,756.9144055126468,756.9144055126468
viterbi_base_model,S-A5,60.0,5100.023,754.3945097079547,753.9816218847923,753.9816218847923
viterbi_base_model,S-A5,60.0,5160.023,910.2741025580438,911.4415931207199,911.4415931207199
viterbi_base_model,S-A5,60.0,5220.023,1119.454143231188,1122.2555972820803,1122.2555972820803
viterbi_base_model,S-A5,60.0,5280.023,1073.7017033536342,1073.2511932147486,1073.2511932147486
viterbi_base_model,S-A5,60.0,5400.023,1044.3628435440078,1048.0560653967677,1048.0560653967677
viterbi_base_model,S-A5,60.0,5460.023,546.6827767223378,545.692460370937,545.692460370937
viterbi_base_model,S-A5,60.0,5520.023,611.0106384946998,610.6954890628483,610.6954890628483
viterbi_base_model,S-A5,60.0,5580.023,477.0929034189296,475.80173741021025,475.80173741021025
viterbi_base_model,S-A5,60.0,5640.023,430.6291265806156,430.69968821265843,430.69968821265843
viterbi_base_model,S-A5,60.0,5700.023,592.0297700069306,590.9910280251135,590.9910280251135
viterbi_base_model,S-A5,60.0,5760.023,473.66024609230516,471.013995926138,471.013995926138
viterbi_base_model,S-A5,60.0,5820.023,415.1075088164348,414.3132956830959,414.3132956830959
viterbi_base_model,S-A5,60.0,5880.023,521.3661269921312,521.0655710309517,521.0655710309517
viterbi_base_model,S-A5,60.0,5940.023,343.7135402633057,343.0258228772557,343.0258228772557
viterbi_base_model,S-A5,60.0,6000.023,177.41817669567706,178.08233392992597,178.08233392992597
viterbi_base_model,S-A5,60.0,6060.023,148.51983555512106,146.55768511350342,146.55768511350342
viterbi_base_model,S-A5,60.0,6120.023,543.576227979355,542.8493323685893,542.8493323685893
viterbi_base_model,S-A5,60.0,6180.023,537.2031402805341,537.4259627152154,537.4259627152154
viterbi_base_model,S-A5,60.0,6240.023,465.2783003770827,465.04236514419966,465.04236514419966
viterbi_base_model,S-A5,60.0,6300.023,388.8994150676529,391.0063753832181,391.0063753832181
viterbi_base_model,S-A5,60.0,6360.023,331.14234264218015,332.64564263505724,332.64564263505724
viterbi_base_model,S-A5,60.0,6420.023,150.1321976342863,-152.09406111068807,152.09406111068807
viterbi_base_model,S-A5,60.0,6480.023,166.73559677278038,166.24470220395955,166.24470220395955
viterbi_base_model,S-A5,60.0,6540.023,431.9168644912783,431.385960288856,431.385960288856
viterbi_base_model,S-A5,60.0,6600.023,413.0882665263241,412.55001045026813,412.55001045026813
viterbi_base_model,S-A5,60.0,6660.023,364.07261219331605,363.705976514354,363.705976514354
viterbi_base_model,S-A5,60.0,6720.023,308.8418280459243,308.1028462810725,308.1028462810725
viterbi_base_model,S-A5,60.0,6780.023,424.0577706403218,423.3468260768141,423.3468260768141
viterbi_base_model,S-A5,60.0,6840.023,40.473092251531604,-40.02560677120789,40.02560677120789
viterbi_base_model,S-A5,60.0,6900.023,214.111570431127,213.0627159710611,213.0627159710611
viterbi_base_model,S-A5,60.0,6960.023,95.30203118541736,94.47084803378743,94.47084803378743
viterbi_base_model,S-A5,60.0,7020.023,58.218254249806,-59.88331309739773,59.88331309739773
viterbi_base_model,S-A5,60.0,7080.023,103.53974326274889,-101.73451957701188,101.73451957701188
viterbi_base_model,S-A5,60.0,7140.023,46.31538828205368,-46.57385644161158,46.57385644161158
viterbi_base_model,S-A5,60.0,7200.023,1.7530084232571215,0.26240289817933515,0.26240289817933515
viterbi_base_model,S-A5,60.0,7260.023,99.73003938695732,98.1009339223234,98.1009339223234
viterbi_base_model,S-A5,60.0,7320.023,288.6894541055448,287.11719702161696,287.11719702161696
viterbi_base_model,S-A5,60.0,7380.023,358.8660611643345,358.68037196529275,358.68037196529275
viterbi_base_model,S-A5,60.0,7440.023,318.23387234484454,318.0900470377072,318.0900470377072
viterbi_base_model,S-A5,60.0,7500.023,389.6283519086438,389.12491619614,389.12491619614
viterbi_base_model,S-A5,60.0,7560.023,294.3645802383788,294.2367775570883,294.2367775570883
viterbi_base_model,S-A5,60.0,7620.023,258.9753831928252,257.9174237426942,257.9174237426942
viterbi_base_model,S-A5,60.0,7680.023,442.60239202116696,442.35847339896657,442.35847339896657
viterbi_base_model,S-A5,60.0,7740.023,235.9244112332936,235.82633460669058,235.82633460669058
viterbi_base_model,S-A5,60.0,7800.023,390.8953154469536,392.5074697837067,392.5074697837067
viterbi_base_model,S-A5,60.0,7860.023,253.9284425916007,253.05188311962365,253.05188311962365
viterbi_base_model,S-A5,60.0,7920.023,393.30374770921605,392.2970452933372,392.2970452933372
viterbi_base_model,S-A5,60.0,7980.023,279.6048303862024,278.77786575440246,278.77786575440246
viterbi_base_model,S-A5,60.0,8040.023,96.77914661182606,96.78456613244879,96.78456613244879
viterbi_base_model,S-A5,60.0,8100.023,77.87115891058134,76.96413703358733,76.96413703358733
viterbi_base_model,S-A5,60.0,8160.023,48.17373614350811,45.342376791231054,45.342376791231054
viterbi_base_model,S-A5,60.0,8220.023000000001,251.66789779597684,237.78568986946934,237.78568986946934
viterbi_base_model,S-A5,60.0,8280.023000000001,263.17016952823894,-260.8574430729933,260.8574430729933
viterbi_base_model,S-A5,60.0,8340.023000000001,286.2828363392356,10.483316489799993,10.483316489799993
viterbi_base_model,S-A5,60.0,8400.023000000001,166.00103474619343,159.35774379458292,159.35774379458292
viterbi_fitted_model,S-A5,10.0,70.023,7.545284664853516,-0.5753171261233883,0.5753171261233883
viterbi_fitted_model,S-A5,10.0,80.023,25.541706663627025,-25.458191636050586,25.458191636050586
viterbi_fitted_model,S-A5,10.0,90.023,20.136313949968642,20.663420016593655,20.663420016593655
viterbi_fitted_model,S-A5,10.0,100.023,40.341916177344146,-35.819095528969385,35.819095528969385
viterbi_fitted_model,S-A5,10.0,110.023,37.51178827664142,-40.9775641159013,40.9775641159013
viterbi_fitted_model,S-A5,10.0,120.023,15.889737381755605,13.524727715148234,13.524727715148234
viterbi_fitted_model,S-A5,10.0,130.023,43.607277519149044,38.189620518959906,38.189620518959906
viterbi_fitted_model,S-A5,10.0,140.023,33.263617701935836,32.22084171362537,32.22084171362537
viterbi_fitted_model,S-A5,10.0,150.023,13.094674177476326,-3.2248595861095986,3.2248595861095986
viterbi_fitted_model,S-A5,10.0,160.023,33.44009832690828,-34.69533713250962,34.69533713250962
viterbi_fitted_model,S-A5,10.0,170.023,2.3746430020081646,-0.3706655851452325,0.3706655851452325
viterbi_fitted_model,S-A5,10.0,180.023,26.37114647596493,26.269042347632453,26.269042347632453
viterbi_fitted_model,S-A5,10.0,190.023,29.453678100459168,28.863834474057235,28.863834474057235
viterbi_fitted_model,S-A5,10.0,200.023,13.122450775615658,-3.0060177784041855,3.0060177784041855
viterbi_fitted_model,S-A5,10.0,210.023,53.048035956804306,47.44861337926842,47.44861337926842
viterbi_fitted_model,S-A5,10.0,220.023,34.10447041661351,33.89211686264946,33.89211686264946
viterbi_fitted_model,S-A5,10.0,230.023,61.018996246312966,60.816870859123114,60.816870859123114
viterbi_fitted_model,S-A5,10.0,240.023,77.5226843555504,77.35282002907623,77.35282002907623
viterbi_fitted_model,S-A5,10.0,250.023,77.96333225160272,77.73684952403612,77.73684952403612
viterbi_fitted_model,S-A5,10.0,260.023,104.7323051886245,104.1143705206179,104.1143705206179
viterbi_fitted_model,S-A5,10.0,270.023,68.8392578045801,68.68761896540028,68.68761896540028
viterbi_fitted_model,S-A5,10.0,280.023,33.87084840002028,33.094235441725615,33.094235441725615
viterbi_fitted_model,S-A5,10.0,290.023,45.665856115939015,45.24931010264952,45.24931010264952
viterbi_fitted_model,S-A5,10.0,300.023,30.458980160231693,29.043290559545166,29.043290559545166
viterbi_fitted_model,S-A5,10.0,310.023,7.829026133171853,1.8437255044763212,1.8437255044763212
viterbi_fitted_model,S-A5,10.0,320.023,53.75162886879732,53.513904069037736,53.513904069037736
viterbi_fitted_model,S-A5,10.0,330.023,72.57292042345647,72.49818138997148,72.49818138997148
viterbi_fitted_model,S-A5,10.0,340.023,114.94473586110989,114.69140605318162,114.69140605318162
viterbi_fitted_model,S-A5,10.0,350.023,142.6099089504964,142.21399887110707,142.21399887110707
viterbi_fitted_model,S-A5,10.0,360.023,111.97657121064147,111.48125721064164,111.48125721064164
viterbi_fitted_model,S-A5,10.0,370.023,107.31230170274603,107.15502936917358,107.15502936917358
viterbi_fitted_model,S-A5,10.0,380.023,108.52645040198499,108.41129605980831,108.41129605980831
viterbi_fitted_model,S-A5,10.0,390.023,105.58883092395631,105.40713828473136,105.40713828473136
viterbi_fitted_model,S-A5,10.0,400.023,142.7376114978875,142.2601162533482,142.2601162533482
viterbi_fitted_model,S-A5,10.0,410.023,176.55069965940248,176.50563214373045,176.50563214373045
viterbi_fitted_model,S-A5,10.0,420.023,134.2781394900156,134.28599008743637,134.28599008743637
viterbi_fitted_model,S-A5,10.0,430.023,100.40519969241215,100.31991342016029,100.31991342016029
viterbi_fitted_model,S-A5,10.0,440.023,112.65529501741105,111.54197818880826,111.54197818880826
viterbi_fitted_model,S-A5,10.0,450.023,116.70300560599699,116.60279650772958,116.60279650772958
viterbi_fitted_model,S-A5,10.0,460.023,156.29461512734431,155.8309686578695,155.8309686578695
viterbi_fitted_model,S-A5,10.0,470.023,164.04028637334565,163.73719984900265,163.73719984900265
viterbi_fitted_model,S-A5,10.0,480.023,128.57871645629402,128.4074374256969,128.4074374256969
viterbi_fitted_model,S-A5,10.0,490.023,129.6334623232577,128.9865244886759,128.9865244886759
viterbi_fitted_model,S-A5,10.0,500.023,67.5113475337437,66.88575872161097,66.88575872161097
viterbi_fitted_model,S-A5,10.0,510.023,65.66646425190297,65.41597728197968,65.41597728197968
viterbi_fitted_model,S-A5,10.0,520.023,77.6872513638355,77.69957117238823,77.69957117238823
viterbi_fitted_model,S-A5,10.0,530.023,88.73625896460614,88.50504234722641,88.50504234722641
viterbi_fitted_model,S-A5,10.0,540.023,75.40672338211502,75.31563476436028,75.31563476436028
viterbi_fitted_model,S-A5,10.0,550.023,109.6822853048094,109.38343592339037,109.38343592339037
viterbi_fitted_model,S-A5,10.0,560.023,127.94485641243718,127.747783618589,127.747783618589
viterbi_fitted_model,S-A5,10.0,570.023,63.26893054817625,63.21748058708938,63.21748058708938
viterbi_fitted_model,S-A5,10.0,580.023,52.108439513255014,51.95899567627552,51.95899567627552
viterbi_fitted_model,S-A5,10.0,590.023,39.58870331152918,39.47260830636158,39.47260830636158
viterbi_fitted_model,S-A5,10.0,600.023,68.28446059020908,68.0213402471309,68.0213402471309
viterbi_fitted_model,S-A5,10.0,610.023,2.7675244119694837,0.6307111062336137,0.6307111062336137
viterbi_fitted_model,S-A5,10.0,620.023,14.544494155353165,14.000506344979968,14.000506344979968
viterbi_fitted_model,S-A5,10.0,630.023,59.74115928496434,59.49246803078418,59.49246803078418
viterbi_fitted_model,S-A5,10.0,640.023,62.04074427934087,61.83829724880202,61.83829724880202
viterbi_fitted_model,S-A5,10.0,650.023,25.88673544762454,25.508843363404125,25.508843363404125
viterbi_fitted_model,S-A5,10.0,660.023,16.815060997631164,-16.961516090548166,16.961516090548166
viterbi_fitted_model,S-A5,10.0,670.023,46.5978928893769,-46.72360027848728,46.72360027848728
viterbi_fitted_model,S-A5,10.0,680.023,20.48685056578729,-20.664832309122342,20.664832309122342
viterbi_fitted_model,S-A5,10.0,690.023,45.392956690864686,45.07648842003899,45.07648842003899
viterbi_fitted_model,S-A5,10.0,700.023,8.548155389233921,4.519309084847816,4.519309084847816
viterbi_fitted_model,S-A5,10.0,710.023,19.635835674277097,-19.796929406858233,19.796929406858233
viterbi_fitted_model,S-A5,10.0,720.023,40.464557385437615,-40.55060564286821,40.55060564286821
viterbi_fitted_model,S-A5,10.0,730.023,19.739872917945075,17.726361990235688,17.726361990235688
viterbi_fitted_model,S-A5,10.0,740.023,8.664258722233544,-6.025974642148743,6.025974642148743
viterbi_fitted_model,S-A5,10.0,750.023,21.02540160318678,-36.991632001136935,36.991632001136935
viterbi_fitted_model,S-A5,10.0,790.023,13.535659831464647,-12.1756886132323,12.1756886132323
viterbi_fitted_model,S-A5,10.0,800.023,18.647179636832714,-18.350580820802715,18.350580820802715
viterbi_fitted_model,S-A5,10.0,810.023,4.803601333116858,-2.7522233333455013,2.7522233333455013
viterbi_fitted_model,S-A5,10.0,820.023,6.265876478776279,1.821794263516594,1.821794263516594
viterbi_fitted_model,S-A5,10.0,830.023,57.13657726837118,-59.67442106886179,59.67442106886179
viterbi_fitted_model,S-A5,10.0,840.023,56.255158696392535,-56.40530140034002,56.40530140034002
viterbi_fitted_model,S-A5,10.0,850.023,41.36644820590417,-43.24725658137023,43.24725658137023
viterbi_fitted_model,S-A5,10.0,860.023,88.4842994432037,-88.40370309171739,88.40370309171739
viterbi_fitted_model,S-A5,10.0,870.023,100.95488340245284,-101.67945758623276,101.67945758623276
viterbi_fitted_model,S-A5,10.0,880.023,89.85158625582781,-90.14285109867713,90.14285109867713
viterbi_fitted_model,S-A5,10.0,890.023,38.96519537426545,-40.06459423660708,40.06459423660708
viterbi_fitted_model,S-A5,10.0,900.023,19.807223588785245,-20.121787793406085,20.121787793406085
viterbi_fitted_model,S-A5,10.0,910.023,53.193991427825004,-53.21761244409671,53.21761244409671
viterbi_fitted_model,S-A5,10.0,920.023,53.446716319436604,-53.429062547162275,53.429062547162275
viterbi_fitted_model,S-A5,10.0,930.023,48.627848493680396,-48.51108513232065,48.51108513232065
viterbi_fitted_model,S-A5,10.0,940.023,67.54119730157556,-67.66890989630942,67.66890989630942
viterbi_fitted_model,S-A5,10.0,950.023,9.329903621734262,-9.488005764434657,9.488005764434657
viterbi_fitted_model,S-A5,10.0,960.023,23.26300526143894,-23.185683482372752,23.185683482372752
viterbi_fitted_model,S-A5,10.0,970.023,20.358051727920248,-21.664332492800973,21.664332492800973
viterbi_fitted_model,S-A5,10.0,980.023,6.776471722030345,-6.881515517106873,6.881515517106873
viterbi_fitted_model,S-A5,10.0,990.023,17.368212976073046,16.408611507137728,16.408611507137728
viterbi_fitted_model,S-A5,10.0,1000.023,5.745660435622716,-6.321352039135235,6.321352039135235
viterbi_fitted_model,S-A5,10.0,1010.023,17.8008384784643,17.339292211282874,17.339292211282874
viterbi_fitted_model,S-A5,10.0,1020.023,58.36442971617169,56.94632657746162,56.94632657746162
viterbi_fitted_model,S-A5,10.0,1030.0230000000001,8.620781397306018,8.541056777526482,8.541056777526482
viterbi_fitted_model,S-A5,10.0,1040.0230000000001,12.721098250402571,-12.855981923832537,12.855981923832537
viterbi_fitted_model,S-A5,10.0,1050.0230000000001,12.860915989671822,-13.159945898242501,13.159945898242501
viterbi_fitted_model,S-A5,10.0,1060.0230000000001,27.7922002857074,26.242943579730994,26.242943579730994
viterbi_fitted_model,S-A5,10.0,1070.0230000000001,28.476017879211867,27.510108221474052,27.510108221474052
viterbi_fitted_model,S-A5,10.0,1080.0230000000001,2.7573561125265686,-3.496629385291346,3.496629385291346
viterbi_fitted_model,S-A5,10.0,1090.0230000000001,4.248196514928646,-0.2693507285882326,0.2693507285882326
viterbi_fitted_model,S-A5,10.0,1100.0230000000001,47.96691657183702,47.05067255304033,47.05067255304033
viterbi_fitted_model,S-A5,10.0,1110.0230000000001,35.978365698084104,35.01221963566891,35.01221963566891
viterbi_fitted_model,S-A5,10.0,1120.0230000000001,18.23931643696527,-20.163676553840368,20.163676553840368
viterbi_fitted_model,S-A5,10.0,1130.0230000000001,91.54004744112989,-93.57346431677325,93.57346431677325
viterbi_fitted_model,S-A5,10.0,1140.0230000000001,129.76740177241516,-130.98787393934887,130.98787393934887
viterbi_fitted_model,S-A5,10.0,1150.0230000000001,36.81591578517459,-37.420988305128304,37.420988305128304
viterbi_fitted_model,S-A5,10.0,1160.0230000000001,15.931639664475773,-17.24611035012032,17.24611035012032
viterbi_fitted_model,S-A5,10.0,1170.0230000000001,47.84032598866952,-47.919561963372715,47.919561963372715
viterbi_fitted_model,S-A5,10.0,1180.0230000000001,7.038328388311047,-6.8094577004510235,6.8094577004510235
viterbi_fitted_model,S-A5,10.0,1190.0230000000001,161.57010878258907,161.44625715719314,161.44625715719314
viterbi_fitted_model,S-A5,10.0,1200.0230000000001,140.5589800727391,140.24248675595152,140.24248675595152
viterbi_fitted_model,S-A5,10.0,1210.0230000000001,192.34941653149198,187.98713323026269,187.98713323026269
viterbi_fitted_model,S-A5,10.0,1300.0230000000001,73.9609243832726,73.34742645784954,73.34742645784954
viterbi_fitted_model,S-A5,10.0,1310.0230000000001,96.12968005009202,96.07100741134974,96.07100741134974
viterbi_fitted_model,S-A5,10.0,1320.0230000000001,134.49730751168042,134.36250431217462,134.36250431217462
viterbi_fitted_model,S-A5,10.0,1330.0230000000001,121.61573848044327,121.56979718501843,121.56979718501843
viterbi_fitted_model,S-A5,10.0,1340.0230000000001,142.69497775504453,142.46421904236752,142.46421904236752
viterbi_fitted_model,S-A5,10.0,1350.0230000000001,105.37986485377355,105.36177622558023,105.36177622558023
viterbi_fitted_model,S-A5,10.0,1360.0230000000001,111.88871629011832,111.75329332452054,111.75329332452054
viterbi_fitted_model,S-A5,10.0,1370.0230000000001,77.34190758623957,77.26496889365708,77.26496889365708
viterbi_fitted_model,S-A5,10.0,1380.0230000000001,40.0241024806365,39.96332598043739,39.96332598043739
viterbi_fitted_model,S-A5,10.0,1390.0230000000001,5.482533479445489,-4.683943449008712,4.683943449008712
viterbi_fitted_model,S-A5,10.0,1400.0230000000001,10.194220479839363,9.830511765691,9.830511765691
viterbi_fitted_model,S-A5,10.0,1410.0230000000001,45.768416970746514,-45.9083396094754,45.9083396094754
viterbi_fitted_model,S-A5,10.0,1420.0230000000001,17.09028256603116,-16.573614390327315,16.573614390327315
viterbi_fitted_model,S-A5,10.0,1430.0230000000001,8.553279582308392,6.255247178914452,6.255247178914452
viterbi_fitted_model,S-A5,10.0,1440.0230000000001,95.85708024488153,-95.46261464473585,95.46261464473585
viterbi_fitted_model,S-A5,10.0,1450.0230000000001,67.62555240215258,-67.56283952122516,67.56283952122516
viterbi_fitted_model,S-A5,10.0,1460.0230000000001,57.02123291721839,-57.066926845796615,57.066926845796615
viterbi_fitted_model,S-A5,10.0,1470.0230000000001,160.5429802395186,-160.40596444566862,160.40596444566862
viterbi_fitted_model,S-A5,10.0,1480.0230000000001,107.73796859325374,-108.23482963296354,108.23482963296354
viterbi_fitted_model,S-A5,10.0,1490.0230000000001,119.62013406299131,-119.99362146298785,119.99362146298785
viterbi_fitted_model,S-A5,10.0,1500.0230000000001,87.54831369026154,-90.69312049433324,90.69312049433324
viterbi_fitted_model,S-A5,10.0,1510.0230000000001,67.70501256906246,-67.62812814211871,67.62812814211871
viterbi_fitted_model,S-A5,10.0,1520.0230000000001,89.20741028508597,-89.26055544645381,89.26055544645381
viterbi_fitted_model,S-A5,10.0,1530.0230000000001,79.29005167269031,-79.37024299264311,79.37024299264311
viterbi_fitted_model,S-A5,10.0,1540.0230000000001,56.00707179600552,-56.01409144381678,56.01409144381678
viterbi_fitted_model,S-A5,10.0,1550.0230000000001,18.524265184900127,-18.53427873790494,18.53427873790494
viterbi_fitted_model,S-A5,10.0,1560.0230000000001,64.71783456782892,-64.76919059532595,64.76919059532595
viterbi_fitted_model,S-A5,10.0,1570.0230000000001,76.53935430046347,-76.63900393110782,76.63900393110782
viterbi_fitted_model,S-A5,10.0,1580.0230000000001,65.18923676803598,-65.26601261913757,65.26601261913757
viterbi_fitted_model,S-A5,10.0,1590.0230000000001,36.42652986202053,-36.5494175149363,36.5494175149363
viterbi_fitted_model,S-A5,10.0,1600.0230000000001,103.71842407007713,-103.82628290355335,103.82628290355335
viterbi_fitted_model,S-A5,10.0,1610.0230000000001,47.02966284171448,-47.81871158004258,47.81871158004258
viterbi_fitted_model,S-A5,10.0,1620.0230000000001,11.56465995262457,11.110551492279647,11.110551492279647
viterbi_fitted_model,S-A5,10.0,1630.0230000000001,80.82700580416285,80.72187803946714,80.72187803946714
viterbi_fitted_model,S-A5,10.0,1640.0230000000001,100.20920897986942,100.09643052830859,100.09643052830859
viterbi_fitted_model,S-A5,10.0,1650.0230000000001,213.68374215227348,213.05431823765224,213.05431823765224
viterbi_fitted_model,S-A5,10.0,1770.0230000000001,200.02223377960885,199.93449324275866,199.93449324275866
viterbi_fitted_model,S-A5,10.0,1780.0230000000001,182.80934727820352,182.62675723426335,182.62675723426335
viterbi_fitted_model,S-A5,10.0,1790.0230000000001,168.64070748629808,168.46656260331972,168.46656260331972
viterbi_fitted_model,S-A5,10.0,1800.0230000000001,184.38483504367264,184.05992271190098,184.05992271190098
viterbi_fitted_model,S-A5,10.0,1810.0230000000001,192.76741659497446,192.1394697954435,192.1394697954435
viterbi_fitted_model,S-A5,10.0,1820.0230000000001,172.25607740962587,171.87065857512218,171.87065857512218
viterbi_fitted_model,S-A5,10.0,1830.0230000000001,216.38822908098467,216.2355922554682,216.2355922554682
viterbi_fitted_model,S-A5,10.0,1840.0230000000001,238.32615217782322,238.3657038581266,238.3657038581266
viterbi_fitted_model,S-A5,10.0,1850.0230000000001,224.27938777282208,224.11271698761158,224.11271698761158
viterbi_fitted_model,S-A5,10.0,1860.0230000000001,181.20918562138922,180.80989904359623,180.80989904359623
viterbi_fitted_model,S-A5,10.0,1870.0230000000001,133.58781228607623,133.30984687521044,133.30984687521044
viterbi_fitted_model,S-A5,10.0,1890.0230000000001,125.31050718107382,124.95992049445434,124.95992049445434
viterbi_fitted_model,S-A5,10.0,1920.0230000000001,218.61688121822573,218.3257903965294,218.3257903965294
viterbi_fitted_model,S-A5,10.0,1940.0230000000001,95.73121448654551,95.56050488448903,95.56050488448903
viterbi_fitted_model,S-A5,10.0,1950.0230000000001,121.70032905630956,121.6845742723085,121.6845742723085
viterbi_fitted_model,S-A5,10.0,1960.0230000000001,63.35031160416106,63.29130483523522,63.29130483523522
viterbi_fitted_model,S-A5,10.0,1970.0230000000001,102.02005584333475,101.93812735401882,101.93812735401882
viterbi_fitted_model,S-A5,10.0,1980.0230000000001,163.22335165523475,163.16698751319683,163.16698751319683
viterbi_fitted_model,S-A5,10.0,1990.0230000000001,67.83357111686311,67.76228264500699,67.76228264500699
viterbi_fitted_model,S-A5,10.0,2000.0230000000001,61.677902579915155,61.62564205939178,61.62564205939178
viterbi_fitted_model,S-A5,10.0,2010.0230000000001,21.722155805299074,21.775467545085775,21.775467545085775
viterbi_fitted_model,S-A5,10.0,2020.0230000000001,59.39283352434966,59.43904918608864,59.43904918608864
viterbi_fitted_model,S-A5,10.0,2030.0230000000001,98.86912269137014,98.65003611343678,98.65003611343678
viterbi_fitted_model,S-A5,10.0,2040.0230000000001,168.18258566932275,167.35334515594775,167.35334515594775
viterbi_fitted_model,S-A5,10.0,2050.023,203.59105772248665,203.05610089413682,203.05610089413682
viterbi_fitted_model,S-A5,10.0,2060.023,177.29957606561248,177.51506713980905,177.51506713980905
viterbi_fitted_model,S-A5,10.0,2070.023,194.4653955634449,194.64467498048418,194.64467498048418
viterbi_fitted_model,S-A5,10.0,2080.023,174.4281426660261,174.48668226398095,174.48668226398095
viterbi_fitted_model,S-A5,10.0,2090.023,162.87197416601282,162.56325480326467,162.56325480326467
viterbi_fitted_model,S-A5,10.0,2130.023,50.49600578223162,49.70151202189649,49.70151202189649
viterbi_fitted_model,S-A5,10.0,2140.023,139.50395315719624,139.20961110952058,139.20961110952058
viterbi_fitted_model,S-A5,10.0,2150.023,216.9824071151869,216.5049169550964,216.5049169550964
viterbi_fitted_model,S-A5,10.0,2160.023,214.32151160723393,214.09535615195554,214.09535615195554
viterbi_fitted_model,S-A5,10.0,2190.023,140.96486315009568,140.25354525472733,140.25354525472733
viterbi_fitted_model,S-A5,10.0,2200.023,163.89133898962555,163.43313822466504,163.43313822466504
viterbi_fitted_model,S-A5,10.0,2210.023,195.86825593234218,192.61858004560693,192.61858004560693
viterbi_fitted_model,S-A5,10.0,2270.023,114.54912519659409,111.2061187233819,111.2061187233819
viterbi_fitted_model,S-A5,10.0,2290.023,104.17581673901945,102.78248036813264,102.78248036813264
viterbi_fitted_model,S-A5,10.0,2300.023,177.77859343405174,177.271696852638,177.271696852638
viterbi_fitted_model,S-A5,10.0,2320.023,87.8166087804136,87.45013145132272,87.45013145132272
viterbi_fitted_model,S-A5,10.0,2330.023,190.70002250193502,190.56480311706403,190.56480311706403
viterbi_fitted_model,S-A5,10.0,2340.023,219.3281003212989,219.0929394632413,219.0929394632413
viterbi_fitted_model,S-A5,10.0,2350.023,116.28080509773764,116.15350786644593,116.15350786644593
viterbi_fitted_model,S-A5,10.0,2360.023,145.87016508428573,145.85423486671613,145.85423486671613
viterbi_fitted_model,S-A5,10.0,2370.023,180.65333005500065,180.5399696426135,180.5399696426135
viterbi_fitted_model,S-A5,10.0,2380.023,148.73090161363186,148.65715571388895,148.65715571388895
viterbi_fitted_model,S-A5,10.0,2390.023,119.24335714829162,119.20257157678758,119.20257157678758
viterbi_fitted_model,S-A5,10.0,2400.023,116.77012016739394,116.69442272823358,116.69442272823358
viterbi_fitted_model,S-A5,10.0,2410.023,176.35912550597482,176.1057417839507,176.1057417839507
viterbi_fitted_model,S-A5,10.0,2430.023,169.82535683364975,169.7103361661402,169.7103361661402
viterbi_fitted_model,S-A5,10.0,2440.023,167.16594746964225,167.0548135396502,167.0548135396502
viterbi_fitted_model,S-A5,10.0,2450.023,188.01663511082572,187.7457621951085,187.7457621951085
viterbi_fitted_model,S-A5,10.0,2460.023,147.22467176461333,147.0696403804348,147.0696403804348
viterbi_fitted_model,S-A5,10.0,2470.023,85.10483666757494,84.97743326931993,84.97743326931993
viterbi_fitted_model,S-A5,10.0,2480.023,148.69619297539907,148.65266995001963,148.65266995001963
viterbi_fitted_model,S-A5,10.0,2490.023,149.37179685128706,149.26041588916092,149.26041588916092
viterbi_fitted_model,S-A5,10.0,2500.023,86.1301606654716,86.12599443201863,86.12599443201863
viterbi_fitted_model,S-A5,10.0,2510.023,36.30556015249222,35.864880475931535,35.864880475931535
viterbi_fitted_model,S-A5,10.0,2520.023,48.888395611939146,48.60991032125179,48.60991032125179
viterbi_fitted_model,S-A5,10.0,2530.023,7.864277198119419,7.569636035760032,7.569636035760032
viterbi_fitted_model,S-A5,10.0,2540.023,138.19744896900755,138.0310500673544,138.0310500673544
viterbi_fitted_model,S-A5,10.0,2550.023,144.3821806979811,144.13336942045188,144.13336942045188
viterbi_fitted_model,S-A5,10.0,2560.023,203.19105664232563,202.8743987451232,202.8743987451232
viterbi_fitted_model,S-A5,10.0,2570.023,208.66972987758294,208.26283442668694,208.26283442668694
viterbi_fitted_model,S-A5,10.0,2580.023,185.20678985076287,184.4020124831241,184.4020124831241
viterbi_fitted_model,S-A5,10.0,2590.023,164.7694865591569,164.3972085271386,164.3972085271386
viterbi_fitted_model,S-A5,10.0,2610.023,125.44977293493399,124.53799036293873,124.53799036293873
viterbi_fitted_model,S-A5,10.0,2630.023,115.281843032035,115.01810901154865,115.01810901154865
viterbi_fitted_model,S-A5,10.0,2700.023,225.4288180710113,225.08070566320566,225.08070566320566
viterbi_fitted_model,S-A5,10.0,2720.023,200.79354033112725,200.75533541526087,200.75533541526087
viterbi_fitted_model,S-A5,10.0,2730.023,211.71918303180928,211.58939192083648,211.58939192083648
viterbi_fitted_model,S-A5,10.0,2740.023,175.4629340880935,175.5252979210849,175.5252979210849
viterbi_fitted_model,S-A5,10.0,2920.023,258.3017544989036,258.13460590137913,258.13460590137913
viterbi_fitted_model,S-A5,10.0,2930.023,195.83044992470238,195.14995673532465,195.14995673532465
viterbi_fitted_model,S-A5,10.0,2940.023,156.15064773590075,155.5805755217737,155.5805755217737
viterbi_fitted_model,S-A5,10.0,2950.023,153.95666706913124,153.59749734463009,153.59749734463009
viterbi_fitted_model,S-A5,10.0,2960.023,153.39939850401154,153.18832325446374,153.18832325446374
viterbi_fitted_model,S-A5,10.0,2970.023,160.42160571206512,159.90498239258477,159.90498239258477
viterbi_fitted_model,S-A5,10.0,2980.023,229.40212514976642,228.74339484283564,228.74339484283564
viterbi_fitted_model,S-A5,10.0,2990.023,173.08618765935378,172.99136626684412,172.99136626684412
viterbi_fitted_model,S-A5,10.0,3000.023,217.8269713866364,217.83459473631495,217.83459473631495
viterbi_fitted_model,S-A5,10.0,3010.023,220.7578928165606,220.50473606968802,220.50473606968802
viterbi_fitted_model,S-A5,10.0,3020.023,215.41796816837325,215.4038253232619,215.4038253232619
viterbi_fitted_model,S-A5,10.0,3050.023,98.93724927491932,98.24489580560495,98.24489580560495
viterbi_fitted_model,S-A5,10.0,3060.023,134.68156972358747,134.51576806328293,134.51576806328293
viterbi_fitted_model,S-A5,10.0,3070.023,164.3969192228806,164.32152268170734,164.32152268170734
viterbi_fitted_model,S-A5,10.0,3080.023,205.7426718938263,205.64553779045167,205.64553779045167
viterbi_fitted_model,S-A5,10.0,3090.023,162.5620153827034,162.29950863067157,162.29950863067157
viterbi_fitted_model,S-A5,10.0,3100.023,178.42675435158685,178.2602540362758,178.2602540362758
viterbi_fitted_model,S-A5,10.0,3110.023,177.00494911262018,176.8409958163293,176.8409958163293
viterbi_fitted_model,S-A5,10.0,3120.023,204.8336166993127,204.2721321966155,204.2721321966155
viterbi_fitted_model,S-A5,10.0,3470.023,187.86233690192117,187.71848619352028,187.71848619352028
viterbi_fitted_model,S-A5,10.0,3480.023,200.83696475894936,200.5814682753922,200.5814682753922
viterbi_fitted_model,S-A5,10.0,3520.023,172.37613895986465,172.2348518366351,172.2348518366351
viterbi_fitted_model,S-A5,10.0,3530.023,234.47262433065004,234.38652812217327,234.38652812217327
viterbi_fitted_model,S-A5,10.0,3540.023,212.23787442645994,212.11275762595506,212.11275762595506
viterbi_fitted_model,S-A5,10.0,3550.023,159.21236180002478,158.9955310968463,158.9955310968463
viterbi_fitted_model,S-A5,10.0,3560.023,93.03001411465792,92.9296245505182,92.9296245505182
viterbi_fitted_model,S-A5,10.0,3570.023,97.04678362831747,97.0117705622986,97.0117705622986
viterbi_fitted_model,S-A5,10.0,3580.023,53.56648282126333,53.37074904967268,53.37074904967268
viterbi_fitted_model,S-A5,10.0,3590.023,59.94991057764203,59.8680043414126,59.8680043414126
viterbi_fitted_model,S-A5,10.0,3600.023,76.52174533145323,76.50486408790846,76.50486408790846
viterbi_fitted_model,S-A5,10.0,3610.023,70.44717678327301,70.40097400288661,70.40097400288661
viterbi_fitted_model,S-A5,10.0,3620.023,108.30913166618244,108.25044135010937,108.25044135010937
viterbi_fitted_model,S-A5,10.0,3630.023,92.03965003452502,91.93935618462604,91.93935618462604
viterbi_fitted_model,S-A5,10.0,3640.023,75.85815941946433,75.79200474846574,75.79200474846574
viterbi_fitted_model,S-A5,10.0,3650.023,26.752441634800164,26.707690998783875,26.707690998783875
viterbi_fitted_model,S-A5,10.0,3660.023,75.35264925896061,75.30301602703452,75.30301602703452
viterbi_fitted_model,S-A5,10.0,3670.023,24.272401431405033,24.138505994806142,24.138505994806142
viterbi_fitted_model,S-A5,10.0,3680.023,71.00575364938489,70.93126834768361,70.93126834768361
viterbi_fitted_model,S-A5,10.0,3690.023,63.25968466014133,63.171253714152776,63.171253714152776
viterbi_fitted_model,S-A5,10.0,3700.023,60.43016179202308,60.21259488228429,60.21259488228429
viterbi_fitted_model,S-A5,10.0,3710.023,76.18133233335492,75.62979554753753,75.62979554753753
viterbi_fitted_model,S-A5,10.0,3720.023,119.96866335964522,119.76726063543015,119.76726063543015
viterbi_fitted_model,S-A5,10.0,3730.023,150.66499795418719,150.57598121731453,150.57598121731453
viterbi_fitted_model,S-A5,10.0,3740.023,165.34067242317997,165.26056712776756,165.26056712776756
viterbi_fitted_model,S-A5,10.0,3750.023,166.00263521352676,165.80553547954543,165.80553547954543
viterbi_fitted_model,S-A5,10.0,4060.023,148.36830468523155,148.1691866191297,148.1691866191297
viterbi_fitted_model,S-A5,10.0,4080.023,175.82744137374763,175.79091654798697,175.79091654798697
viterbi_fitted_model,S-A5,10.0,4090.023,155.29264387075943,155.2372577115018,155.2372577115018
viterbi_fitted_model,S-A5,10.0,4100.023,168.31029806302536,168.28524036199383,168.28524036199383
viterbi_fitted_model,S-A5,10.0,4110.023,103.64599614500445,103.61924722938528,103.61924722938528
viterbi_fitted_model,S-A5,10.0,4120.023,117.95223247779154,117.79897954516309,117.79897954516309
viterbi_fitted_model,S-A5,10.0,4130.023,138.90971031877646,138.8442009894476,138.8442009894476
viterbi_fitted_model,S-A5,10.0,4140.023,153.5604357596609,153.4578980571102,153.4578980571102
viterbi_fitted_model,S-A5,10.0,4150.023,156.36587946385677,156.2253153893155,156.2253153893155
viterbi_fitted_model,S-A5,10.0,4160.023,138.86488885309433,138.79040192261235,138.79040192261235
viterbi_fitted_model,S-A5,10.0,4170.023,43.79297255848125,43.60654112313084,43.60654112313084
viterbi_fitted_model,S-A5,10.0,4180.023,23.76337148875201,23.602623910355252,23.602623910355252
viterbi_fitted_model,S-A5,10.0,4190.023,1.0770053829345334,0.8690101105485191,0.8690101105485191
viterbi_fitted_model,S-A5,10.0,4200.023,12.99563312422125,13.032589690895229,13.032589690895229
viterbi_fitted_model,S-A5,10.0,4210.023,43.94085994737885,43.859269108929766,43.859269108929766
viterbi_fitted_model,S-A5,10.0,4220.023,85.49392263560979,85.59215659069403,85.59215659069403
viterbi_fitted_model,S-A5,10.0,4230.023,165.22507347486209,165.19373476251184,165.19373476251184
viterbi_fitted_model,S-A5,10.0,4240.023,153.999811991546,153.66557277176727,153.66557277176727
viterbi_fitted_model,S-A5,10.0,4250.023,108.58363655042902,108.73686250422942,108.73686250422942
viterbi_fitted_model,S-A5,10.0,4260.023,95.59608286971728,95.28400561811945,95.28400561811945
viterbi_fitted_model,S-A5,10.0,4270.023,170.8860950163526,171.10791154380038,171.10791154380038
viterbi_fitted_model,S-A5,10.0,4280.023,119.84799010948436,119.88976222130299,119.88976222130299
viterbi_fitted_model,S-A5,10.0,4290.023,89.84366602426998,90.03315352831557,90.03315352831557
viterbi_fitted_model,S-A5,10.0,4300.023,194.52024104384338,194.45885359040832,194.45885359040832
viterbi_fitted_model,S-A5,10.0,4310.023,153.17847239318874,153.0391547852531,153.0391547852531
viterbi_fitted_model,S-A5,10.0,4320.023,122.218869904763,122.25239511628187,122.25239511628187
viterbi_fitted_model,S-A5,10.0,4340.023,103.06466327975092,102.93590956957455,102.93590956957455
viterbi_fitted_model,S-A5,10.0,4350.023,148.30093738253834,148.1108800257213,148.1108800257213
viterbi_fitted_model,S-A5,10.0,4590.023,81.82988801295677,81.76513020382092,81.76513020382092
viterbi_fitted_model,S-A5,10.0,4600.023,133.27095068234394,133.15312941576082,133.15312941576082
viterbi_fitted_model,S-A5,10.0,4610.023,162.87143990274325,162.71618130305686,162.71618130305686
viterbi_fitted_model,S-A5,10.0,4620.023,167.42928081414473,167.39686886293913,167.39686886293913
viterbi_fitted_model,S-A5,10.0,4630.023,158.64049472499215,158.4946811934487,158.4946811934487
viterbi_fitted_model,S-A5,10.0,4640.023,184.65744736728294,184.56304798265427,184.56304798265427
viterbi_fitted_model,S-A5,10.0,4650.023,172.20487222104254,172.13697644696552,172.13697644696552
viterbi_fitted_model,S-A5,10.0,4660.023,139.54647784716298,139.22557174554134,139.22557174554134
viterbi_fitted_model,S-A5,10.0,4670.023,126.3746647262358,126.30250374724373,126.30250374724373
viterbi_fitted_model,S-A5,10.0,4680.023,72.45374209786686,72.18150369820292,72.18150369820292
viterbi_fitted_model,S-A5,10.0,4690.023,94.41327695016602,94.08173413619863,94.08173413619863
viterbi_fitted_model,S-A5,10.0,4700.023,152.0060292439409,151.42512793636277,151.42512793636277
viterbi_fitted_model,S-A5,10.0,4710.023,128.55150691161532,128.25911591544815,128.25911591544815
viterbi_fitted_model,S-A5,10.0,4720.023,36.93942754570909,36.875319888361986,36.875319888361986
viterbi_fitted_model,S-A5,10.0,4730.023,104.55661783308709,104.7740855875364,104.7740855875364
viterbi_fitted_model,S-A5,10.0,4740.023,105.29550249107957,104.96708592669312,104.96708592669312
viterbi_fitted_model,S-A5,10.0,4750.023,76.82238975051447,76.9275854758267,76.9275854758267
viterbi_fitted_model,S-A5,10.0,4760.023,51.52044793214327,51.5630725780211,51.5630725780211
viterbi_fitted_model,S-A5,10.0,4770.023,1.6826623667300697,0.25644443741790823,0.25644443741790823
viterbi_fitted_model,S-A5,10.0,4780.023,56.834159593395064,56.89073939997465,56.89073939997465
viterbi_fitted_model,S-A5,10.0,4790.023,119.08052733959094,118.64635238848462,118.64635238848462
viterbi_fitted_model,S-A5,10.0,4800.023,135.63737103078512,135.59493995582415,135.59493995582415
viterbi_fitted_model,S-A5,10.0,4810.023,91.10926871342942,90.9627298980682,90.9627298980682
viterbi_fitted_model,S-A5,10.0,4820.023,141.6198749753451,141.61763375364055,141.61763375364055
viterbi_fitted_model,S-A5,10.0,4830.023,163.05568396777966,163.32571130280445,163.32571130280445
viterbi_fitted_model,S-A5,10.0,4840.023,88.73255297996829,88.42906759026957,88.42906759026957
viterbi_fitted_model,S-A5,10.0,4850.023,82.45052961541886,82.466081406979,82.466081406979
viterbi_fitted_model,S-A5,10.0,4860.023,15.698818664232173,15.51397577737625,15.51397577737625
viterbi_fitted_model,S-A5,10.0,4870.023,75.47120569814997,75.38157544624588,75.38157544624588
viterbi_fitted_model,S-A5,10.0,4880.023,133.35255893159533,133.11004797814277,133.11004797814277
viterbi_fitted_model,S-A5,10.0,4890.023,170.11799391064932,170.05356433755225,170.05356433755225
viterbi_fitted_model,S-A5,10.0,4900.023,145.35405629550147,145.16124749913703,145.16124749913703
viterbi_fitted_model,S-A5,10.0,4910.023,124.04468940653634,124.0535188622856,124.0535188622856
viterbi_fitted_model,S-A5,10.0,4920.023,136.25918596771405,136.2271150709955,136.2271150709955
viterbi_fitted_model,S-A5,10.0,4930.023,190.5582291120234,190.34891338629615,190.34891338629615
viterbi_fitted_model,S-A5,10.0,4940.023,179.6182027885388,179.57771059701943,179.57771059701943
viterbi_fitted_model,S-A5,10.0,4950.023,169.09025992292482,168.95422511584485,168.95422511584485
viterbi_fitted_model,S-A5,10.0,4980.023,214.19362458166316,213.39605253303807,213.39605253303807
viterbi_fitted_model,S-A5,10.0,5000.023,167.0458964751164,166.85002526562397,166.85002526562397
viterbi_fitted_model,S-A5,10.0,5010.023,152.5062552132968,152.79391379475663,152.79391379475663
viterbi_fitted_model,S-A5,10.0,5020.023,90.38574501816466,89.94854226139697,89.94854226139697
viterbi_fitted_model,S-A5,10.0,5030.023,22.19181705247523,21.885514298256194,21.885514298256194
viterbi_fitted_model,S-A5,10.0,5040.023,89.48824790690999,89.4513851836548,89.4513851836548
viterbi_fitted_model,S-A5,10.0,5050.023,137.68103424401716,137.66843046341617,137.66843046341617
viterbi_fitted_model,S-A5,10.0,5060.023,116.17313915955269,115.67149799007922,115.67149799007922
viterbi_fitted_model,S-A5,10.0,5070.023,141.98811701157376,141.6201533449617,141.6201533449617
viterbi_fitted_model,S-A5,10.0,5080.023,150.37870891593266,150.1682001070218,150.1682001070218
viterbi_fitted_model,S-A5,10.0,5090.023,122.47656714190519,122.33136668221155,122.33136668221155
viterbi_fitted_model,S-A5,10.0,5100.023,155.4355815060261,155.32101232143182,155.32101232143182
viterbi_fitted_model,S-A5,10.0,5110.023,142.73665136839588,142.55293414648202,142.55293414648202
viterbi_fitted_model,S-A5,10.0,5120.023,133.38626020379257,133.34865389249654,133.34865389249654
viterbi_fitted_model,S-A5,10.0,5130.023,122.2405647154722,121.94590454055307,121.94590454055307
viterbi_fitted_model,S-A5,10.0,5140.023,84.72814346369502,84.33379128627824,84.33379128627824
viterbi_fitted_model,S-A5,10.0,5150.023,116.65365888583716,116.49836915753033,116.49836915753033
viterbi_fitted_model,S-A5,10.0,5160.023,153.45594482082282,153.3859941902188,153.3859941902188
viterbi_fitted_model,S-A5,10.0,5170.023,153.22287603488653,153.1714791966326,153.1714791966326
viterbi_fitted_model,S-A5,10.0,5180.023,169.73193691271615,169.52603345425078,169.52603345425078
viterbi_fitted_model,S-A5,10.0,5190.023,149.04580048169038,149.04899865473712,149.04899865473712
viterbi_fitted_model,S-A5,10.0,5200.023,167.2491476524833,166.30260478580945,166.30260478580945
viterbi_fitted_model,S-A5,10.0,5210.023,120.2996651087042,119.9814344080704,119.9814344080704
viterbi_fitted_model,S-A5,10.0,5220.023,164.4133338618175,164.45100507937212,164.45100507937212
viterbi_fitted_model,S-A5,10.0,5230.023,203.5330736909733,203.58032925223804,203.58032925223804
viterbi_fitted_model,S-A5,10.0,5240.023,155.6622939667705,155.56970016199529,155.56970016199529
viterbi_fitted_model,S-A5,10.0,5250.023,212.45387961132369,212.3250352886422,212.3250352886422
viterbi_fitted_model,S-A5,10.0,5260.023,216.024840463498,216.02459108116523,216.02459108116523
viterbi_fitted_model,S-A5,10.0,5270.023,170.19579679898212,170.28857552745052,170.28857552745052
viterbi_fitted_model,S-A5,10.0,5280.023,178.62143383164377,178.6683773347367,178.6683773347367
viterbi_fitted_model,S-A5,10.0,5290.023,127.92021509864547,127.83571671858422,127.83571671858422
viterbi_fitted_model,S-A5,10.0,5300.023,197.3368043144268,197.13306879049205,197.13306879049205
viterbi_fitted_model,S-A5,10.0,5310.023,242.63215221472893,242.4968874860298,242.4968874860298
viterbi_fitted_model,S-A5,10.0,5320.023,181.37883836632088,181.3300237151072,181.3300237151072
viterbi_fitted_model,S-A5,10.0,5330.023,145.9236711941837,145.77196384014542,145.77196384014542
viterbi_fitted_model,S-A5,10.0,5360.023,173.49239287175723,173.3435268527111,173.3435268527111
viterbi_fitted_model,S-A5,10.0,5370.023,167.49906376425594,167.01525018427907,167.01525018427907
viterbi_fitted_model,S-A5,10.0,5380.023,120.37771308005973,120.30129148284107,120.30129148284107
viterbi_fitted_model,S-A5,10.0,5390.023,135.68783652307835,135.59440972764864,135.59440972764864
viterbi_fitted_model,S-A5,10.0,5400.023,182.9739691727262,182.90549860851485,182.90549860851485
viterbi_fitted_model,S-A5,10.0,5410.023,153.1137044311574,153.02763347621953,153.02763347621953
viterbi_fitted_model,S-A5,10.0,5420.023,168.20086303398637,168.05911910988806,168.05911910988806
viterbi_fitted_model,S-A5,10.0,5430.023,192.99284264645698,192.9088845618233,192.9088845618233
viterbi_fitted_model,S-A5,10.0,5440.023,182.45778980796723,182.43155125056907,182.43155125056907
viterbi_fitted_model,S-A5,10.0,5450.023,168.82488366561566,168.75070168789512,168.75070168789512
viterbi_fitted_model,S-A5,10.0,5460.023,133.45338688828815,133.4310045288712,133.4310045288712
viterbi_fitted_model,S-A5,10.0,5470.023,124.32585367400083,124.28949859773206,124.28949859773206
viterbi_fitted_model,S-A5,10.0,5480.023,94.13377908201532,94.14028885563441,94.14028885563441
viterbi_fitted_model,S-A5,10.0,5490.023,79.81973758731915,79.76543962508171,79.76543962508171
viterbi_fitted_model,S-A5,10.0,5500.023,43.27555423242426,43.14370751480969,43.14370751480969
viterbi_fitted_model,S-A5,10.0,5510.023,72.06567482612245,70.91956711151943,70.91956711151943
viterbi_fitted_model,S-A5,10.0,5520.023,99.17113282135402,98.82307862020883,98.82307862020883
viterbi_fitted_model,S-A5,10.0,5530.023,107.81580228343452,107.64342109940162,107.64342109940162
viterbi_fitted_model,S-A5,10.0,5540.023,105.52103441743374,105.52435518031403,105.52435518031403
viterbi_fitted_model,S-A5,10.0,5550.023,124.2243400100776,124.2167196852613,124.2167196852613
viterbi_fitted_model,S-A5,10.0,5560.023,105.1228580031418,105.04079039443317,105.04079039443317
viterbi_fitted_model,S-A5,10.0,5570.023,69.56410807167725,69.45600252842833,69.45600252842833
viterbi_fitted_model,S-A5,10.0,5580.023,77.55426075523235,77.32241836556294,77.32241836556294
viterbi_fitted_model,S-A5,10.0,5590.023,87.17544743862447,87.06863257103946,87.06863257103946
viterbi_fitted_model,S-A5,10.0,5600.023,70.07591906618553,70.09964482437867,70.09964482437867
viterbi_fitted_model,S-A5,10.0,5610.023,76.31593829055262,75.8351903069001,75.8351903069001
viterbi_fitted_model,S-A5,10.0,5620.023,95.09331867758544,94.98372937968114,94.98372937968114
viterbi_fitted_model,S-A5,10.0,5630.023,70.57972343057828,70.4968452455257,70.4968452455257
viterbi_fitted_model,S-A5,10.0,5640.023,68.98642465331928,68.95077735760367,68.95077735760367
viterbi_fitted_model,S-A5,10.0,5650.023,79.40893604427852,79.1777511159948,79.1777511159948
viterbi_fitted_model,S-A5,10.0,5660.023,82.70219926551854,82.40469132913657,82.40469132913657
viterbi_fitted_model,S-A5,10.0,5670.023,74.32936811612986,74.24847083752013,74.24847083752013
viterbi_fitted_model,S-A5,10.0,5680.023,72.0943736410658,71.96540291038883,71.96540291038883
viterbi_fitted_model,S-A5,10.0,5690.023,53.96158343571881,53.95490292854984,53.95490292854984
viterbi_fitted_model,S-A5,10.0,5700.023,79.99121856010785,79.8894420277102,79.8894420277102
viterbi_fitted_model,S-A5,10.0,5710.023,81.03503334364201,80.95535851722599,80.95535851722599
viterbi_fitted_model,S-A5,10.0,5720.023,91.81717265924344,91.65721933590066,91.65721933590066
viterbi_fitted_model,S-A5,10.0,5730.023,117.08454591851886,116.97143921399044,116.97143921399044
viterbi_fitted_model,S-A5,10.0,5740.023,88.49422432039894,88.4021698552059,88.4021698552059
viterbi_fitted_model,S-A5,10.0,5750.023,133.13336748515528,133.10820736565856,133.10820736565856
viterbi_fitted_model,S-A5,10.0,5760.023,105.42360596793252,104.5532990302973,104.5532990302973
viterbi_fitted_model,S-A5,10.0,5770.023,83.34878496706561,83.05965643803276,83.05965643803276
viterbi_fitted_model,S-A5,10.0,5780.023,90.96672733054608,90.62179695066743,90.62179695066743
viterbi_fitted_model,S-A5,10.0,5790.023,58.28859860285755,57.98293443934206,57.98293443934206
viterbi_fitted_model,S-A5,10.0,5800.023,55.03765294783158,54.760170062599315,54.760170062599315
viterbi_fitted_model,S-A5,10.0,5810.023,80.28723362553039,80.03064353400697,80.03064353400697
viterbi_fitted_model,S-A5,10.0,5820.023,86.61485119011698,86.18865334741162,86.18865334741162
viterbi_fitted_model,S-A5,10.0,5830.023,111.4903742495152,111.39857066097119,111.39857066097119
viterbi_fitted_model,S-A5,10.0,5840.023,57.30540549940363,57.244516991154626,57.244516991154626
viterbi_fitted_model,S-A5,10.0,5850.023,56.31400047159686,56.228814651080896,56.228814651080896
viterbi_fitted_model,S-A5,10.0,5860.023,59.132494484252284,58.95278981929083,58.95278981929083
viterbi_fitted_model,S-A5,10.0,5870.023,44.371086766494344,44.302912159205405,44.302912159205405
viterbi_fitted_model,S-A5,10.0,5880.023,69.66908776465228,69.56738472473562,69.56738472473562
viterbi_fitted_model,S-A5,10.0,5890.023,110.28506087302709,110.24927260400183,110.24927260400183
viterbi_fitted_model,S-A5,10.0,5900.023,133.5723779290054,133.51741310943825,133.51741310943825
viterbi_fitted_model,S-A5,10.0,5910.023,69.03020975649191,69.00155787621583,69.00155787621583
viterbi_fitted_model,S-A5,10.0,5920.023,90.68137651133911,90.57067092656185,90.57067092656185
viterbi_fitted_model,S-A5,10.0,5930.023,48.262436929006554,48.15137196262026,48.15137196262026
viterbi_fitted_model,S-A5,10.0,5940.023,66.46257296749862,66.31331338148645,66.31331338148645
viterbi_fitted_model,S-A5,10.0,5950.023,37.92448199586033,37.64737698387976,37.64737698387976
viterbi_fitted_model,S-A5,10.0,5960.023,45.25221207061733,45.148875959903705,45.148875959903705
viterbi_fitted_model,S-A5,10.0,5970.023,42.68466629837272,42.6410908477146,42.6410908477146
viterbi_fitted_model,S-A5,10.0,5980.023,79.43384724831738,79.24769549507754,79.24769549507754
viterbi_fitted_model,S-A5,10.0,5990.023,72.2278350591666,72.03713959859466,72.03713959859466
viterbi_fitted_model,S-A5,10.0,6000.023,63.74604918164308,63.63156622183925,63.63156622183925
viterbi_fitted_model,S-A5,10.0,6010.023,22.001723403805958,22.01120223115056,22.01120223115056
viterbi_fitted_model,S-A5,10.0,6020.023,3.614016656786227,3.352964389868731,3.352964389868731
viterbi_fitted_model,S-A5,10.0,6030.023,7.359173995939346,-7.383395270036445,7.383395270036445
viterbi_fitted_model,S-A5,10.0,6040.023,52.05883354789476,52.026153705352186,52.026153705352186
viterbi_fitted_model,S-A5,10.0,6050.023,44.48868902065298,44.45034260499031,44.45034260499031
viterbi_fitted_model,S-A5,10.0,6060.023,60.603783311701825,60.46120599686733,60.46120599686733
viterbi_fitted_model,S-A5,10.0,6070.023,42.21383486356952,41.9983347315565,41.9983347315565
viterbi_fitted_model,S-A5,10.0,6080.023,38.60426897995844,38.78856414569815,38.78856414569815
viterbi_fitted_model,S-A5,10.0,6090.023,6.288097834935329,5.864575871850704,5.864575871850704
viterbi_fitted_model,S-A5,10.0,6100.023,19.090182633667016,-18.99366598487835,18.99366598487835
viterbi_fitted_model,S-A5,10.0,6110.023,18.445694263510976,18.37640366009991,18.37640366009991
viterbi_fitted_model,S-A5,10.0,6120.023,80.7271551233515,80.56209676652531,80.56209676652531
viterbi_fitted_model,S-A5,10.0,6130.023,71.90503495351827,71.70638494414275,71.70638494414275
viterbi_fitted_model,S-A5,10.0,6140.023,94.25093323025229,94.07928502123002,94.07928502123002
viterbi_fitted_model,S-A5,10.0,6150.023,103.04724372240264,102.70905858553948,102.70905858553948
viterbi_fitted_model,S-A5,10.0,6160.023,100.99077426177014,100.82124163377921,100.82124163377921
viterbi_fitted_model,S-A5,10.0,6170.023,93.13929793569383,92.98623120540617,92.98623120540617
viterbi_fitted_model,S-A5,10.0,6180.023,93.57885797230452,93.43523232137969,93.43523232137969
viterbi_fitted_model,S-A5,10.0,6190.023,80.909311198634,80.83044952531834,80.83044952531834
viterbi_fitted_model,S-A5,10.0,6200.023,104.54189122108168,104.45643849980728,104.45643849980728
viterbi_fitted_model,S-A5,10.0,6210.023,81.43672999140693,81.20665948086857,81.20665948086857
viterbi_fitted_model,S-A5,10.0,6220.023,84.80488271438209,84.69570078138446,84.69570078138446
viterbi_fitted_model,S-A5,10.0,6230.023,92.86286741930692,92.80948515154148,92.80948515154148
viterbi_fitted_model,S-A5,10.0,6240.023,45.33347448255025,45.25368270370987,45.25368270370987
viterbi_fitted_model,S-A5,10.0,6250.023,52.846987442127435,52.871722880814445,52.871722880814445
viterbi_fitted_model,S-A5,10.0,6260.023,82.93438272234566,82.81158071828565,82.81158071828565
viterbi_fitted_model,S-A5,10.0,6270.023,65.7767088207742,65.69014852041356,65.69014852041356
viterbi_fitted_model,S-A5,10.0,6280.023,111.30415576028031,111.26645227082409,111.26645227082409
viterbi_fitted_model,S-A5,10.0,6290.023,107.15257648534708,107.14819827525687,107.14819827525687
viterbi_fitted_model,S-A5,10.0,6300.023,92.58788669884306,92.5279417930389,92.5279417930389
viterbi_fitted_model,S-A5,10.0,6310.023,84.94864833030883,84.78142782499579,84.78142782499579
viterbi_fitted_model,S-A5,10.0,6320.023,94.98643321463553,94.97563553895122,94.97563553895122
viterbi_fitted_model,S-A5,10.0,6330.023,72.71173875379921,72.62954433833417,72.62954433833417
viterbi_fitted_model,S-A5,10.0,6340.023,4.354140862983286,4.365439282445845,4.365439282445845
viterbi_fitted_model,S-A5,10.0,6350.023,41.61237294058755,41.75172159843263,41.75172159843263
viterbi_fitted_model,S-A5,10.0,6360.023,1.0395919593539789,-0.23041289062269854,0.23041289062269854
viterbi_fitted_model,S-A5,10.0,6370.023,58.237530076455464,57.69119023566143,57.69119023566143
viterbi_fitted_model,S-A5,10.0,6380.023,42.96502669137358,43.075719834664895,43.075719834664895
viterbi_fitted_model,S-A5,10.0,6390.023,45.3568735688154,45.242384047386246,45.242384047386246
viterbi_fitted_model,S-A5,10.0,6400.023,121.12058828348269,121.03014833599309,121.03014833599309
viterbi_fitted_model,S-A5,10.0,6410.023,65.74564771500789,65.89397197905829,65.89397197905829
viterbi_fitted_model,S-A5,10.0,6420.023,19.426215146387342,18.904465013433228,18.904465013433228
viterbi_fitted_model,S-A5,10.0,6430.023,12.466191774630625,11.940970465973184,11.940970465973184
viterbi_fitted_model,S-A5,10.0,6440.023,34.64234396920371,-35.69859929978708,35.69859929978708
viterbi_fitted_model,S-A5,10.0,6450.023,39.53595113627078,-39.386435023937835,39.386435023937835
viterbi_fitted_model,S-A5,10.0,6460.023,60.9227772890503,-61.02386314213318,61.02386314213318
viterbi_fitted_model,S-A5,10.0,6470.023,46.70368647058007,-46.83069477275529,46.83069477275529
viterbi_fitted_model,S-A5,10.0,6480.023,24.56149627388157,24.529625613945704,24.529625613945704
viterbi_fitted_model,S-A5,10.0,6490.023,34.906446588381435,34.838846671597274,34.838846671597274
viterbi_fitted_model,S-A5,10.0,6500.023,66.76426894378803,65.48123768786053,65.48123768786053
viterbi_fitted_model,S-A5,10.0,6510.023,31.194201247935414,31.079345888083242,31.079345888083242
viterbi_fitted_model,S-A5,10.0,6520.023,2.8324129526179704,2.78046003962881,2.78046003962881
viterbi_fitted_model,S-A5,10.0,6530.023,8.21922296545474,7.535788316661268,7.535788316661268
viterbi_fitted_model,S-A5,10.0,6540.023,11.868138408948965,11.690822737983314,11.690822737983314
viterbi_fitted_model,S-A5,10.0,6550.023,58.18961234486987,58.088255192468026,58.088255192468026
viterbi_fitted_model,S-A5,10.0,6560.023,109.94427549645232,109.83631237554583,109.83631237554583
viterbi_fitted_model,S-A5,10.0,6570.023,42.241344666364434,42.12840650131625,42.12840650131625
viterbi_fitted_model,S-A5,10.0,6580.023,70.92583393208108,70.66319996915045,70.66319996915045
viterbi_fitted_model,S-A5,10.0,6590.023,139.02969831409425,138.97941929478694,138.97941929478694
viterbi_fitted_model,S-A5,10.0,6600.023,97.30782228209122,97.15652746499086,97.15652746499086
viterbi_fitted_model,S-A5,10.0,6610.023,91.78847690579937,91.66913606409025,91.66913606409025
viterbi_fitted_model,S-A5,10.0,6620.023,24.56981992827732,24.473375788091516,24.473375788091516
viterbi_fitted_model,S-A5,10.0,6630.023,65.456223488635,65.36151487505941,65.36151487505941
viterbi_fitted_model,S-A5,10.0,6640.023,73.01849806559879,72.96131337290892,72.96131337290892
viterbi_fitted_model,S-A5,10.0,6650.023,60.99932527685099,60.93192229200477,60.93192229200477
viterbi_fitted_model,S-A5,10.0,6660.023,77.65988210788976,77.56846033506547,77.56846033506547
viterbi_fitted_model,S-A5,10.0,6670.023,55.761602641794596,55.71828912363043,55.71828912363043
viterbi_fitted_model,S-A5,10.0,6680.023,26.059143772037803,26.06234657483195,26.06234657483195
viterbi_fitted_model,S-A5,10.0,6690.023,58.63034069507889,58.58530108837391,58.58530108837391
viterbi_fitted_model,S-A5,10.0,6700.023,95.04939956553471,95.00874097199883,95.00874097199883
viterbi_fitted_model,S-A5,10.0,6710.023,50.97020790986056,50.76392312884479,50.76392312884479
viterbi_fitted_model,S-A5,10.0,6720.023,71.80856663525915,71.76064959215164,71.76064959215164
viterbi_fitted_model,S-A5,10.0,6730.023,18.801485846326255,18.706940734378655,18.706940734378655
viterbi_fitted_model,S-A5,10.0,6740.023,35.75989488306936,35.70630634903253,35.70630634903253
viterbi_fitted_model,S-A5,10.0,6750.023,61.69374056673046,61.22377464840856,61.22377464840856
viterbi_fitted_model,S-A5,10.0,6760.023,45.778680795271505,45.64108624857478,45.64108624857478
viterbi_fitted_model,S-A5,10.0,6770.023,75.15481224380109,75.06430011970653,75.06430011970653
viterbi_fitted_model,S-A5,10.0,6780.023,55.63618802922861,55.59868646699877,55.59868646699877
viterbi_fitted_model,S-A5,10.0,6790.023,31.304325536283557,31.103562690076554,31.103562690076554
viterbi_fitted_model,S-A5,10.0,6800.023,92.9711892982556,92.74121755852715,92.74121755852715
viterbi_fitted_model,S-A5,10.0,6810.023,77.5733206430414,77.34248012463048,77.34248012463048
viterbi_fitted_model,S-A5,10.0,6820.023,74.6564117045819,74.60445695573495,74.60445695573495
viterbi_fitted_model,S-A5,10.0,6830.023,92.11186844098205,91.95641518895333,91.95641518895333
viterbi_fitted_model,S-A5,10.0,6840.023,8.737400032540624,8.563849779600353,8.563849779600353
viterbi_fitted_model,S-A5,10.0,6850.023,60.669814647312286,60.48500449681201,60.48500449681201
viterbi_fitted_model,S-A5,10.0,6860.023,5.818463236679746,-5.8074654327491295,5.8074654327491295
viterbi_fitted_model,S-A5,10.0,6870.023,65.65085118312653,-65.66344074313164,65.66344074313164
viterbi_fitted_model,S-A5,10.0,6880.023,17.051107125508494,-17.030852618458063,17.030852618458063
viterbi_fitted_model,S-A5,10.0,6890.023,20.52843372207933,-20.573319216973562,20.573319216973562
viterbi_fitted_model,S-A5,10.0,6900.023,20.809131002127607,20.73420045711337,20.73420045711337
viterbi_fitted_model,S-A5,10.0,6910.023,40.770019465135576,40.6799654887349,40.6799654887349
viterbi_fitted_model,S-A5,10.0,6920.023,69.80318826751417,69.68406799440487,69.68406799440487
viterbi_fitted_model,S-A5,10.0,6930.023,22.802803695340213,22.688907827921387,22.688907827921387
viterbi_fitted_model,S-A5,10.0,6940.023,21.501939676151185,21.45664693069721,21.45664693069721
viterbi_fitted_model,S-A5,10.0,6950.023,38.147058613183304,37.8244508910289,37.8244508910289
viterbi_fitted_model,S-A5,10.0,6960.023,8.965256975435668,8.889117132099749,8.889117132099749
viterbi_fitted_model,S-A5,10.0,6970.023,37.04236555237687,36.939404059482605,36.939404059482605
viterbi_fitted_model,S-A5,10.0,6980.023,18.441448102863774,18.48539921548963,18.48539921548963
viterbi_fitted_model,S-A5,10.0,6990.023,14.571410797617,14.449518056922734,14.449518056922734
viterbi_fitted_model,S-A5,10.0,7000.023,7.687104337877458,-7.684261535650009,7.684261535650009
viterbi_fitted_model,S-A5,10.0,7010.023,23.353440326369025,23.40520345248915,23.40520345248915
viterbi_fitted_model,S-A5,10.0,7020.023,15.254057852688224,14.153322854156318,14.153322854156318
viterbi_fitted_model,S-A5,10.0,7030.023,23.0470737837468,-22.933644603008986,22.933644603008986
viterbi_fitted_model,S-A5,10.0,7040.023,8.590990826299695,-8.576968364132078,8.576968364132078
viterbi_fitted_model,S-A5,10.0,7050.023,56.10900299889405,-56.06990845542002,56.06990845542002
viterbi_fitted_model,S-A5,10.0,7060.023,13.072234385001378,-13.018899753514383,13.018899753514383
viterbi_fitted_model,S-A5,10.0,7070.023,26.72465016990999,26.55531505470937,26.55531505470937
viterbi_fitted_model,S-A5,10.0,7080.023,6.001949079392028,0.6032628392522632,0.6032628392522632
viterbi_fitted_model,S-A5,10.0,7090.023,14.847421230704649,-14.657074509638534,14.657074509638534
viterbi_fitted_model,S-A5,10.0,7100.023,7.883941323292484,-7.8915949208706095,7.8915949208706095
viterbi_fitted_model,S-A5,10.0,7110.023,17.56791793322084,-17.4907530985306,17.4907530985306
viterbi_fitted_model,S-A5,10.0,7120.023,27.097971653455364,-26.98105507836832,26.98105507836832
viterbi_fitted_model,S-A5,10.0,7130.023,35.16821009210703,-35.3073656579693,35.3073656579693
viterbi_fitted_model,S-A5,10.0,7140.023,3.3679047459282807,-2.4989606932556008,2.4989606932556008
viterbi_fitted_model,S-A5,10.0,7150.023,45.47502822090692,45.37448370226451,45.37448370226451
viterbi_fitted_model,S-A5,10.0,7160.023,11.090806570089805,10.24094852498228,10.24094852498228
viterbi_fitted_model,S-A5,10.0,7170.023,56.987676052853104,-57.019897183515596,57.019897183515596
viterbi_fitted_model,S-A5,10.0,7180.023,11.87209980798226,-11.911866497446127,11.911866497446127
viterbi_fitted_model,S-A5,10.0,7190.023,30.74287740951856,-30.758805070448435,30.758805070448435
viterbi_fitted_model,S-A5,10.0,7200.023,3.458568075662901,2.8015954745189795,2.8015954745189795
viterbi_fitted_model,S-A5,10.0,7210.023,19.79283106064156,19.55893967756015,19.55893967756015
viterbi_fitted_model,S-A5,10.0,7220.023,51.97879956693766,51.902367197749044,51.902367197749044
viterbi_fitted_model,S-A5,10.0,7230.023,29.739209556269937,-25.753409473008848,25.753409473008848
viterbi_fitted_model,S-A5,10.0,7240.023,27.81000558492272,-27.84394829092172,27.84394829092172
viterbi_fitted_model,S-A5,10.0,7250.023,20.280576644017398,-20.402389531945417,20.402389531945417
viterbi_fitted_model,S-A5,10.0,7260.023,8.167994558105816,-7.318638124244668,7.318638124244668
viterbi_fitted_model,S-A5,10.0,7270.023,29.200378821252784,-29.281631371354983,29.281631371354983
viterbi_fitted_model,S-A5,10.0,7280.023,5.885248918990663,-6.029248077967104,6.029248077967104
viterbi_fitted_model,S-A5,10.0,7290.023,15.2892568321814,15.235431792885173,15.235431792885173
viterbi_fitted_model,S-A5,10.0,7300.023,80.95183596890071,80.96174226965933,80.96174226965933
viterbi_fitted_model,S-A5,10.0,7310.023,44.6137463173709,44.52653304227201,44.52653304227201
viterbi_fitted_model,S-A5,10.0,7320.023,25.540684002329062,25.193266716959364,25.193266716959364
viterbi_fitted_model,S-A5,10.0,7330.023,16.473555915272357,16.199154012055004,16.199154012055004
viterbi_fitted_model,S-A5,10.0,7340.023,64.4245583439341,64.29229533778894,64.29229533778894
viterbi_fitted_model,S-A5,10.0,7350.023,62.02123976713769,62.01074659613158,62.01074659613158
viterbi_fitted_model,S-A5,10.0,7360.023,48.478783091166285,48.468339657438634,48.468339657438634
viterbi_fitted_model,S-A5,10.0,7370.023,70.99067919312954,70.95399720110208,70.95399720110208
viterbi_fitted_model,S-A5,10.0,7380.023,38.104820336110336,38.03229938757295,38.03229938757295
viterbi_fitted_model,S-A5,10.0,7390.023,24.07995828368793,24.06325417391906,24.06325417391906
viterbi_fitted_model,S-A5,10.0,7400.023,71.97687587846644,71.94650570908507,71.94650570908507
viterbi_fitted_model,S-A5,10.0,7410.023,94.67248532400386,94.64112570875933,94.64112570875933
viterbi_fitted_model,S-A5,10.0,7420.023,56.637167372805195,56.60883996474516,56.60883996474516
viterbi_fitted_model,S-A5,10.0,7430.023,73.465935127711,73.38967959471859,73.38967959471859
viterbi_fitted_model,S-A5,10.0,7440.023,20.84792235900063,20.835521514304137,20.835521514304137
viterbi_fitted_model,S-A5,10.0,7450.023,65.74503982821113,65.72427728108644,65.72427728108644
viterbi_fitted_model,S-A5,10.0,7460.023,62.35486475047994,62.317314751479095,62.317314751479095
viterbi_fitted_model,S-A5,10.0,7470.023,85.74921440780113,85.68710861943339,85.68710861943339
viterbi_fitted_model,S-A5,10.0,7480.023,58.645600141970085,58.60752317512758,58.60752317512758
viterbi_fitted_model,S-A5,10.0,7490.023,24.93937246005939,24.91881799445503,24.91881799445503
viterbi_fitted_model,S-A5,10.0,7500.023,74.97733285455749,74.93803049949327,74.93803049949327
viterbi_fitted_model,S-A5,10.0,7510.023,93.43319301254036,93.35244896644375,93.35244896644375
viterbi_fitted_model,S-A5,10.0,7520.023,79.57340366755844,79.55794789564516,79.55794789564516
viterbi_fitted_model,S-A5,10.0,7530.023,20.344027452721,20.302480966934407,20.302480966934407
viterbi_fitted_model,S-A5,10.0,7540.023,71.5352586761223,71.3917427446994,71.3917427446994
viterbi_fitted_model,S-A5,10.0,7550.023,49.72525505407401,49.58848901203238,49.58848901203238
viterbi_fitted_model,S-A5,10.0,7560.023,17.637066088554512,17.62105829653545,17.62105829653545
viterbi_fitted_model,S-A5,10.0,7570.023,69.04103098772649,68.97596300129857,68.97596300129857
viterbi_fitted_model,S-A5,10.0,7580.023,33.54533553396148,33.44243208442465,33.44243208442465
viterbi_fitted_model,S-A5,10.0,7590.023,65.63057905605368,65.5924981733533,65.5924981733533
viterbi_fitted_model,S-A5,10.0,7600.023,52.302640797267976,52.30446704559738,52.30446704559738
viterbi_fitted_model,S-A5,10.0,7610.023,56.36803173711896,56.29768196902583,56.29768196902583
viterbi_fitted_model,S-A5,10.0,7620.023,52.89860657776556,52.80115518207374,52.80115518207374
viterbi_fitted_model,S-A5,10.0,7630.023,48.87979038274394,48.64577841178179,48.64577841178179
viterbi_fitted_model,S-A5,10.0,7640.023,18.388807454948918,17.07988406521295,17.07988406521295
viterbi_fitted_model,S-A5,10.0,7650.023,63.20882614940226,62.904767006277794,62.904767006277794
viterbi_fitted_model,S-A5,10.0,7660.023,21.659848018538113,21.605015107858776,21.605015107858776
viterbi_fitted_model,S-A5,10.0,7670.023,54.95520511160624,54.88043139723474,54.88043139723474
viterbi_fitted_model,S-A5,10.0,7680.023,78.64551165373281,78.49673295022819,78.49673295022819
viterbi_fitted_model,S-A5,10.0,7690.023,101.68982592683487,101.57620006761715,101.57620006761715
viterbi_fitted_model,S-A5,10.0,7700.023,70.1558742125774,69.97438562433561,69.97438562433561
viterbi_fitted_model,S-A5,10.0,7710.023,67.94938970580677,67.8590155021295,67.8590155021295
viterbi_fitted_model,S-A5,10.0,7720.023,77.97517854113215,77.84234807182172,77.84234807182172
viterbi_fitted_model,S-A5,10.0,7730.023,46.747211933296,46.61903925787372,46.61903925787372
viterbi_fitted_model,S-A5,10.0,7740.023,44.882838369437486,44.8795856656471,44.8795856656471
viterbi_fitted_model,S-A5,10.0,7750.023,42.92124617615488,35.66368826596765,35.66368826596765
viterbi_fitted_model,S-A5,10.0,7760.023,18.249566845111346,18.28519849697298,18.28519849697298
viterbi_fitted_model,S-A5,10.0,7770.023,8.627367111243816,6.926380798183313,6.926380798183313
viterbi_fitted_model,S-A5,10.0,7780.023,51.05622991264101,50.980602549787186,50.980602549787186
viterbi_fitted_model,S-A5,10.0,7790.023,79.17666567420105,79.09327152548812,79.09327152548812
viterbi_fitted_model,S-A5,10.0,7800.023,97.50660693414773,97.48652574314475,97.48652574314475
viterbi_fitted_model,S-A5,10.0,7810.023,47.17424357721007,47.1325996232585,47.1325996232585
viterbi_fitted_model,S-A5,10.0,7820.023,60.331906513565094,60.294335495043036,60.294335495043036
viterbi_fitted_model,S-A5,10.0,7830.023,64.65727008440622,64.64407617939813,64.64407617939813
viterbi_fitted_model,S-A5,10.0,7840.023,45.30845709207401,45.26803879370121,45.26803879370121
viterbi_fitted_model,S-A5,10.0,7850.023,77.8178874081639,77.6956421881307,77.6956421881307
viterbi_fitted_model,S-A5,10.0,7860.023,84.14480560159079,83.91762037715078,83.91762037715078
viterbi_fitted_model,S-A5,10.0,7870.023,51.52108607609331,51.39270254166624,51.39270254166624
viterbi_fitted_model,S-A5,10.0,7880.023,29.391329825657245,28.79563001683199,28.79563001683199
viterbi_fitted_model,S-A5,10.0,7890.023,34.93908758343268,34.91664381112158,34.91664381112158
viterbi_fitted_model,S-A5,10.0,7900.023,26.06667580537493,25.822725244446783,25.822725244446783
viterbi_fitted_model,S-A5,10.0,7910.023,28.36084324650552,28.201965655855933,28.201965655855933
viterbi_fitted_model,S-A5,10.0,7920.023,52.44524914395764,52.000868280713156,52.000868280713156
viterbi_fitted_model,S-A5,10.0,7930.023,77.77829605234379,77.61244337490689,77.61244337490689
viterbi_fitted_model,S-A5,10.0,7940.023,56.3504104108934,56.26420090518111,56.26420090518111
viterbi_fitted_model,S-A5,10.0,7950.023,32.174597941068924,32.07658127439045,32.07658127439045
viterbi_fitted_model,S-A5,10.0,7960.023,84.80262506365054,84.53166844885986,84.53166844885986
viterbi_fitted_model,S-A5,10.0,7970.023,89.87736604882275,89.81015969527701,89.81015969527701
viterbi_fitted_model,S-A5,10.0,7980.023,23.697190971362648,23.56096530775077,23.56096530775077
viterbi_fitted_model,S-A5,10.0,7990.023,25.057816239188313,24.77952270748985,24.77952270748985
viterbi_fitted_model,S-A5,10.0,8000.023,69.26400568638927,69.17938234551072,69.17938234551072
viterbi_fitted_model,S-A5,10.0,8010.023,68.09673355417083,68.04887558969943,68.04887558969943
viterbi_fitted_model,S-A5,10.0,8020.023,58.58092974251258,58.45540171773233,58.45540171773233
viterbi_fitted_model,S-A5,10.0,8030.023,34.72373306006933,34.77107955328259,34.77107955328259
viterbi_fitted_model,S-A5,10.0,8040.023,24.068933519101197,24.11032596503703,24.11032596503703
viterbi_fitted_model,S-A5,10.0,8050.023,2.9055747143491697,1.850011524805499,1.850011524805499
viterbi_fitted_model,S-A5,10.0,8060.023,26.780791828181613,26.714478604449905,26.714478604449905
viterbi_fitted_model,S-A5,10.0,8070.023,29.609682386879047,29.466621058052862,29.466621058052862
viterbi_fitted_model,S-A5,10.0,8080.023,19.038896798194465,19.01997766507112,19.01997766507112
viterbi_fitted_model,S-A5,10.0,8090.023,6.355574898216089,-4.386485277029323,4.386485277029323
viterbi_fitted_model,S-A5,10.0,8100.023,69.76422860724995,69.66343445099801,69.66343445099801
viterbi_fitted_model,S-A5,10.0,8110.023,24.411404635022617,24.34979595224208,24.34979595224208
viterbi_fitted_model,S-A5,10.0,8120.023,14.611472380683583,-14.028943330468508,14.028943330468508
viterbi_fitted_model,S-A5,10.0,8130.023,9.26062142208527,-7.597119458240375,7.597119458240375
viterbi_fitted_model,S-A5,10.0,8140.023,1.1106323877265187,-0.9752409450985056,0.9752409450985056
viterbi_fitted_model,S-A5,10.0,8150.023,5.7762328791463995,5.550363805291624,5.550363805291624
viterbi_fitted_model,S-A5,10.0,8160.023,49.333829653399526,49.311992404210244,49.311992404210244
viterbi_fitted_model,S-A5,10.0,8170.023,10.42219798083406,10.3843663590334,10.3843663590334
viterbi_fitted_model,S-A5,10.0,8180.023,3.537353256569834,2.4364118301490443,2.4364118301490443
viterbi_fitted_model,S-A5,10.0,8190.023,20.780772842546696,20.734542930616296,20.734542930616296
viterbi_fitted_model,S-A5,10.0,8200.023000000001,6.039606787605276,-4.140894624931285,4.140894624931285
viterbi_fitted_model,S-A5,10.0,8210.023000000001,33.92567993598762,-33.38102817861103,33.38102817861103
viterbi_fitted_model,S-A5,10.0,8220.023000000001,28.75380011052565,27.811163989124115,27.811163989124115
viterbi_fitted_model,S-A5,10.0,8230.023000000001,86.61169877926967,86.42490189218968,86.42490189218968
viterbi_fitted_model,S-A5,10.0,8240.023000000001,70.85242075289169,70.56538506185407,70.56538506185407
viterbi_fitted_model,S-A5,10.0,8250.023000000001,36.63799899667783,35.036655242457634,35.036655242457634
viterbi_fitted_model,S-A5,10.0,8260.023000000001,26.10156601924585,26.312574544900645,26.312574544900645
viterbi_fitted_model,S-A5,10.0,8270.023000000001,9.898946202978951,-8.653712790564109,8.653712790564109
viterbi_fitted_model,S-A5,10.0,8280.023000000001,49.36066927293404,-40.699434839356776,40.699434839356776
viterbi_fitted_model,S-A5,10.0,8290.023000000001,77.14146186997655,-79.34135289722381,79.34135289722381
viterbi_fitted_model,S-A5,10.0,8300.023000000001,84.70406934794242,-86.17488175023384,86.17488175023384
viterbi_fitted_model,S-A5,10.0,8310.023000000001,23.828323869696188,-24.14399663696775,24.14399663696775
viterbi_fitted_model,S-A5,10.0,8320.023000000001,17.551517234302356,-17.744422732622194,17.744422732622194
viterbi_fitted_model,S-A5,10.0,8330.023000000001,11.933597601130856,-12.483797902340772,12.483797902340772
viterbi_fitted_model,S-A5,10.0,8340.023000000001,9.525478347714996,-9.880388555044608,9.880388555044608
viterbi_fitted_model,S-A5,10.0,8350.023000000001,22.286184013318024,-22.461405484755545,22.461405484755545
viterbi_fitted_model,S-A5,10.0,8360.023000000001,114.61173092129201,129.13048386432047,129.13048386432047
viterbi_fitted_model,S-A5,10.0,8370.023000000001,78.20973850229247,54.965004058014586,54.965004058014586
viterbi_fitted_model,S-A5,10.0,8380.023000000001,46.21881069347166,-44.127459008356794,44.127459008356794
viterbi_fitted_model,S-A5,10.0,8390.023000000001,95.76352194950167,-95.99090153076595,95.99090153076595
viterbi_fitted_model,S-A5,10.0,8400.023000000001,50.42559275137429,46.272505264313224,46.272505264313224
viterbi_fitted_model,S-A5,10.0,8410.023000000001,65.67166806059656,64.67936503946773,64.67936503946773
viterbi_fitted_model,S-A5,10.0,8420.023000000001,48.243549125886425,47.31181227095234,47.31181227095234
viterbi_fitted_model,S-A5,10.0,8430.023000000001,13.1822327015349,-13.04364061017281,13.04364061017281
viterbi_fitted_model,S-A5,10.0,8440.023000000001,60.20811968019411,-60.117230324486,60.117230324486
viterbi_fitted_model,S-A5,10.0,8450.023000000001,83.09493796832183,73.93495599953725,73.93495599953725
viterbi_fitted_model,S-A5,10.0,8460.023000000001,40.70116303088564,20.418742795345274,20.418742795345274
viterbi_fitted_model,S-A5,10.0,8470.023000000001,9.169442416825166,-14.484193246025281,14.484193246025281
viterbi_fitted_model,S-A5,30.0,90.023,47.20109932253601,-56.10936600987034,56.10936600987034
viterbi_fitted_model,S-A5,30.0,120.023,91.46820539299202,83.94215331090447,83.94215331090447
viterbi_fitted_model,S-A5,30.0,150.023,37.5179093833236,-38.28555072266815,38.28555072266815
viterbi_fitted_model,S-A5,30.0,180.023,57.24784909983906,52.12529040363568,52.12529040363568
viterbi_fitted_model,S-A5,30.0,210.023,145.13727345538197,142.15950278070196,142.15950278070196
viterbi_fitted_model,S-A5,30.0,240.023,260.0433769220136,259.1851840520469,259.1851840520469
viterbi_fitted_model,S-A5,30.0,270.023,146.1648304181703,147.03882644851126,147.03882644851126
viterbi_fitted_model,S-A5,30.0,300.023,87.03178243956116,84.40776178653988,84.40776178653988
viterbi_fitted_model,S-A5,30.0,330.023,330.09202267795297,329.403621328367,329.403621328367
viterbi_fitted_model,S-A5,30.0,360.023,327.7680399740798,327.04840637399155,327.04840637399155
viterbi_fitted_model,S-A5,30.0,390.023,424.9479473198264,424.163223141932,424.163223141932
viterbi_fitted_model,S-A5,30.0,420.023,346.74702468726275,346.1481932303955,346.1481932303955
viterbi_fitted_model,S-A5,30.0,450.023,436.622284597054,436.1474359606197,436.1474359606197
viterbi_fitted_model,S-A5,30.0,480.023,325.46658005022795,324.3165109944566,324.3165109944566
viterbi_fitted_model,S-A5,30.0,510.023,232.1545949164474,231.61596328683476,231.61596328683476
viterbi_fitted_model,S-A5,30.0,540.023,312.90177045182594,312.4460150990608,312.4460150990608
viterbi_fitted_model,S-A5,30.0,570.023,154.51365957459197,154.64307168344902,154.64307168344902
viterbi_fitted_model,S-A5,30.0,600.023,84.66157771928509,82.6596745355826,82.6596745355826
viterbi_fitted_model,S-A5,30.0,630.023,147.45829733093908,146.83883631297684,146.83883631297684
viterbi_fitted_model,S-A5,30.0,660.023,83.83562828622404,-84.35009113963656,84.35009113963656
viterbi_fitted_model,S-A5,30.0,690.023,30.78817682721778,29.808934717436966,29.808934717436966
viterbi_fitted_model,S-A5,30.0,720.023,25.82842440304318,-28.85919237190354,28.85919237190354
viterbi_fitted_model,S-A5,30.0,750.023,23.47788476898975,-82.42513677050407,82.42513677050407
viterbi_fitted_model,S-A5,30.0,810.023,57.892326346068614,-60.60262005867296,60.60262005867296
viterbi_fitted_model,S-A5,30.0,840.023,184.64173841441132,-188.05626917014757,188.05626917014757
viterbi_fitted_model,S-A5,30.0,870.023,229.53753735088998,-231.88726728791278,231.88726728791278
viterbi_fitted_model,S-A5,30.0,900.023,126.2146872810929,-126.76843346088293,126.76843346088293
viterbi_fitted_model,S-A5,30.0,930.023,124.44078415355604,-125.66686481913013,125.66686481913013
viterbi_fitted_model,S-A5,30.0,960.023,50.25628569693678,-51.7310430135245,51.7310430135245
viterbi_fitted_model,S-A5,30.0,990.023,29.48918558209689,27.427852551598445,27.427852551598445
viterbi_fitted_model,S-A5,30.0,1020.023,53.617252653875184,52.625266729345114,52.625266729345114
viterbi_fitted_model,S-A5,30.0,1050.0230000000001,42.28907727718404,40.5938304049993,40.5938304049993
viterbi_fitted_model,S-A5,30.0,1080.0230000000001,47.391207057230325,43.2846476959413,43.2846476959413
viterbi_fitted_model,S-A5,30.0,1110.0230000000001,73.04112277068121,-78.73191443311616,78.73191443311616
viterbi_fitted_model,S-A5,30.0,1140.0230000000001,182.10375529198262,-185.64996945234756,185.64996945234756
viterbi_fitted_model,S-A5,30.0,1170.0230000000001,106.91871887473302,106.71534576928559,106.71534576928559
viterbi_fitted_model,S-A5,30.0,1200.0230000000001,428.7404356783012,408.2587613096327,408.2587613096327
viterbi_fitted_model,S-A5,30.0,1320.0230000000001,398.7394797840616,398.40719539548707,398.40719539548707
viterbi_fitted_model,S-A5,30.0,1350.0230000000001,294.4917755315383,294.3752103908237,294.3752103908237
viterbi_fitted_model,S-A5,30.0,1380.0230000000001,45.67415034827144,45.12476314180127,45.12476314180127
viterbi_fitted_model,S-A5,30.0,1410.0230000000001,54.385440051308606,-56.22335720416877,56.22335720416877
viterbi_fitted_model,S-A5,30.0,1440.0230000000001,222.02196088316387,-220.08208061478132,220.08208061478132
viterbi_fitted_model,S-A5,30.0,1470.0230000000001,388.0353997407912,-388.6385852671417,388.6385852671417
viterbi_fitted_model,S-A5,30.0,1500.0230000000001,244.09560407073155,-247.58674298599385,247.58674298599385
viterbi_fitted_model,S-A5,30.0,1530.0230000000001,153.80185341007882,-153.92065405413842,153.92065405413842
viterbi_fitted_model,S-A5,30.0,1560.0230000000001,206.382123862026,-206.6751010804874,206.6751010804874
viterbi_fitted_model,S-A5,30.0,1590.0230000000001,187.00823798913683,-188.19294345508305,188.19294345508305
viterbi_fitted_model,S-A5,30.0,1620.0230000000001,192.3807069043809,191.92714174534646,191.92714174534646
viterbi_fitted_model,S-A5,30.0,1650.0230000000001,545.6676820013294,540.0340062286829,540.0340062286829
viterbi_fitted_model,S-A5,30.0,1770.0230000000001,550.3364331648971,551.0239255809761,551.0239255809761
viterbi_fitted_model,S-A5,30.0,1800.0230000000001,548.4667180328963,548.0654885383336,548.0654885383336
viterbi_fitted_model,S-A5,30.0,1830.0230000000001,676.3408225896586,678.7079351659872,678.7079351659872
viterbi_fitted_model,S-A5,30.0,1860.0230000000001,432.78700483933505,432.0645598377803,432.0645598377803
viterbi_fitted_model,S-A5,30.0,1890.0230000000001,490.57409127899587,490.8954758394356,490.8954758394356
viterbi_fitted_model,S-A5,30.0,1920.0230000000001,423.4434837127051,422.5763481931414,422.5763481931414
viterbi_fitted_model,S-A5,30.0,1950.0230000000001,287.02866567386434,286.9144549174974,286.9144549174974
viterbi_fitted_model,S-A5,30.0,1980.0230000000001,292.27433671869517,292.5499841427074,292.5499841427074
viterbi_fitted_model,S-A5,30.0,2010.0230000000001,179.36965577617596,179.86096318713967,179.86096318713967
viterbi_fitted_model,S-A5,30.0,2040.0230000000001,547.1263762968695,547.9172048269805,547.9172048269805
viterbi_fitted_model,S-A5,30.0,2070.023,530.0480325399035,531.7234954500892,531.7234954500892
viterbi_fitted_model,S-A5,30.0,2130.023,406.71803417997404,405.43856216486205,405.43856216486205
viterbi_fitted_model,S-A5,30.0,2160.023,712.7648772711805,712.4535091532465,712.4535091532465
viterbi_fitted_model,S-A5,30.0,2190.023,500.3829274985345,496.2985860232965,496.2985860232965
viterbi_fitted_model,S-A5,30.0,2340.023,481.5636151753477,481.1177061767724,481.1177061767724
viterbi_fitted_model,S-A5,30.0,2370.023,448.62726192590463,448.40134040242094,448.40134040242094
viterbi_fitted_model,S-A5,30.0,2400.023,408.69365940272365,408.2336433420925,408.2336433420925
viterbi_fitted_model,S-A5,30.0,2430.023,525.0057227940562,524.512381869737,524.512381869737
viterbi_fitted_model,S-A5,30.0,2460.023,379.8863404036987,380.65044302851663,380.65044302851663
viterbi_fitted_model,S-A5,30.0,2490.023,271.3610303555876,271.26971526422886,271.26971526422886
viterbi_fitted_model,S-A5,30.0,2520.023,194.74856542730313,194.20899237581912,194.20899237581912
viterbi_fitted_model,S-A5,30.0,2550.023,554.1892987288521,555.29493311986,555.29493311986
viterbi_fitted_model,S-A5,30.0,2580.023,526.6647149307635,526.255635678128,526.255635678128
viterbi_fitted_model,S-A5,30.0,2610.023,480.07615272690947,480.09394769790237,480.09394769790237
viterbi_fitted_model,S-A5,30.0,2700.023,553.0320286100862,554.7405297063032,554.7405297063032
viterbi_fitted_model,S-A5,30.0,2730.023,521.1758032153533,522.481999414117,522.481999414117
viterbi_fitted_model,S-A5,30.0,2940.023,462.43183915173296,462.3722865321585,462.3722865321585
viterbi_fitted_model,S-A5,30.0,2970.023,562.8131593375131,561.6486410738664,561.6486410738664
viterbi_fitted_model,S-A5,30.0,3000.023,654.1993255311819,653.7534373505271,653.7534373505271
viterbi_fitted_model,S-A5,30.0,3060.023,504.7810766786862,504.47054006900936,504.47054006900936
viterbi_fitted_model,S-A5,30.0,3090.023,517.9800783355869,517.4087611410577,517.4087611410577
viterbi_fitted_model,S-A5,30.0,3120.023,563.0017511809316,561.776130205301,561.776130205301
viterbi_fitted_model,S-A5,30.0,3480.023,485.83673674866714,485.38293341277256,485.38293341277256
viterbi_fitted_model,S-A5,30.0,3540.023,463.9325127617329,464.01764014639275,464.01764014639275
viterbi_fitted_model,S-A5,30.0,3570.023,210.60102478241114,210.2495390532038,210.2495390532038
viterbi_fitted_model,S-A5,30.0,3600.023,255.28974609767988,255.1610360626198,255.1610360626198
viterbi_fitted_model,S-A5,30.0,3630.023,194.6314653826364,194.42609926941648,194.42609926941648
viterbi_fitted_model,S-A5,30.0,3660.023,170.54754813946857,170.37627317895019,170.37627317895019
viterbi_fitted_model,S-A5,30.0,3690.023,199.80825294926439,199.01741010847422,199.01741010847422
viterbi_fitted_model,S-A5,30.0,3720.023,435.62082151967115,435.58952764544534,435.58952764544534
viterbi_fitted_model,S-A5,30.0,3750.023,551.3157192834186,552.4775907041754,552.4775907041754
viterbi_fitted_model,S-A5,30.0,4080.023,499.4397850822863,499.32085535402416,499.32085535402416
viterbi_fitted_model,S-A5,30.0,4110.023,360.509704874649,360.2675303277543,360.2675303277543
viterbi_fitted_model,S-A5,30.0,4140.023,447.98744022889497,448.4204636731941,448.4204636731941
viterbi_fitted_model,S-A5,30.0,4170.023,69.23154883356817,68.08301602047624,68.08301602047624
viterbi_fitted_model,S-A5,30.0,4200.023,141.65523283495276,142.47804769333845,142.47804769333845
viterbi_fitted_model,S-A5,30.0,4230.023,427.7991722116133,427.60819951763966,427.60819951763966
viterbi_fitted_model,S-A5,30.0,4260.023,384.2981505453896,386.27137971689484,386.27137971689484
viterbi_fitted_model,S-A5,30.0,4290.023,435.1323621448052,437.5367621795412,437.5367621795412
viterbi_fitted_model,S-A5,30.0,4320.023,326.0880333465713,326.57767849696745,326.57767849696745
viterbi_fitted_model,S-A5,30.0,4350.023,426.25786328864496,425.6680163492341,425.6680163492341
viterbi_fitted_model,S-A5,30.0,4590.023,377.96566074057085,377.6381478448845,377.6381478448845
viterbi_fitted_model,S-A5,30.0,4620.023,510.69600721698527,510.4512379554212,510.4512379554212
viterbi_fitted_model,S-A5,30.0,4650.023,438.12769438453296,437.66415287297923,437.66415287297923
viterbi_fitted_model,S-A5,30.0,4680.023,318.92105205391067,317.6833546834114,317.6833546834114
viterbi_fitted_model,S-A5,30.0,4710.023,269.791857945358,269.90827968053276,269.90827968053276
viterbi_fitted_model,S-A5,30.0,4740.023,233.87776885453252,233.4711254402724,233.4711254402724
viterbi_fitted_model,S-A5,30.0,4770.023,176.65894426523516,175.7897741841351,175.7897741841351
viterbi_fitted_model,S-A5,30.0,4800.023,367.5938504354867,368.1536017165424,368.1536017165424
viterbi_fitted_model,S-A5,30.0,4830.023,333.3461690714778,334.2508936096195,334.2508936096195
viterbi_fitted_model,S-A5,30.0,4860.023,224.48407527742356,224.01809932758118,224.01809932758118
viterbi_fitted_model,S-A5,30.0,4890.023,437.3858735353884,439.2650845010893,439.2650845010893
viterbi_fitted_model,S-A5,30.0,4920.023,506.1180430361703,506.144240193236,506.144240193236
viterbi_fitted_model,S-A5,30.0,4950.023,629.4913662361787,632.2027174572555,632.2027174572555
viterbi_fitted_model,S-A5,30.0,4980.023,547.7778575420044,549.2440301925136,549.2440301925136
viterbi_fitted_model,S-A5,30.0,5010.023,264.6355174367835,264.64319309722964,264.64319309722964
viterbi_fitted_model,S-A5,30.0,5040.023,343.04613298479467,342.7842496259104,342.7842496259104
viterbi_fitted_model,S-A5,30.0,5070.023,415.06802722289143,414.12231287240564,414.12231287240564
viterbi_fitted_model,S-A5,30.0,5100.023,431.59088209095205,431.22649634907737,431.22649634907737
viterbi_fitted_model,S-A5,30.0,5130.023,324.04487140596655,322.7802690123175,322.7802690123175
viterbi_fitted_model,S-A5,30.0,5160.023,475.6515658482629,476.08984969826395,476.08984969826395
viterbi_fitted_model,S-A5,30.0,5190.023,436.2897915262762,435.3460085439666,435.3460085439666
viterbi_fitted_model,S-A5,30.0,5220.023,523.1890745783169,523.5945371949189,523.5945371949189
viterbi_fitted_model,S-A5,30.0,5250.023,597.9820904939742,598.6284383128119,598.6284383128119
viterbi_fitted_model,S-A5,30.0,5280.023,503.49952193002133,503.6399860564344,503.6399860564344
viterbi_fitted_model,S-A5,30.0,5310.023,569.9644319923488,569.6043342157333,569.6043342157333
viterbi_fitted_model,S-A5,30.0,5370.023,423.58561706386115,422.91133009910607,422.91133009910607
viterbi_fitted_model,S-A5,30.0,5400.023,504.26662886651945,503.9904710597762,503.9904710597762
viterbi_fitted_model,S-A5,30.0,5430.023,543.622289782134,544.080422917224,544.080422917224
viterbi_fitted_model,S-A5,30.0,5460.023,351.7507111065545,351.85847353544085,351.85847353544085
viterbi_fitted_model,S-A5,30.0,5490.023,195.05440854128062,193.83052517036444,193.83052517036444
viterbi_fitted_model,S-A5,30.0,5520.023,312.47027947419485,311.9869282076461,311.9869282076461
viterbi_fitted_model,S-A5,30.0,5550.023,298.5757156544769,298.71483105738804,298.71483105738804
viterbi_fitted_model,S-A5,30.0,5580.023,234.78386794179295,234.4809618909509,234.4809618909509
viterbi_fitted_model,S-A5,30.0,5610.023,242.50441116221845,241.3150733225533,241.3150733225533
viterbi_fitted_model,S-A5,30.0,5640.023,230.8957116027152,230.53121629766773,230.53121629766773
viterbi_fitted_model,S-A5,30.0,5670.023,200.18388785210837,200.1727514422537,200.1727514422537
viterbi_fitted_model,S-A5,30.0,5700.023,253.08123229255912,252.5027519178432,252.5027519178432
viterbi_fitted_model,S-A5,30.0,5730.023,338.6604490762027,338.48603093172295,338.48603093172295
viterbi_fitted_model,S-A5,30.0,5760.023,280.0388046963697,278.2346434821438,278.2346434821438
viterbi_fitted_model,S-A5,30.0,5790.023,193.27961233225003,192.77420220949742,192.77420220949742
viterbi_fitted_model,S-A5,30.0,5820.023,255.28080729485836,254.83035723939668,254.83035723939668
viterbi_fitted_model,S-A5,30.0,5850.023,160.0608403805274,159.48272397259015,159.48272397259015
viterbi_fitted_model,S-A5,30.0,5880.023,313.3814826602319,313.33087783588127,313.33087783588127
viterbi_fitted_model,S-A5,30.0,5910.023,207.9067378333896,207.7231607640038,207.7231607640038
viterbi_fitted_model,S-A5,30.0,5940.023,149.531714457885,149.10952633988128,149.10952633988128
viterbi_fitted_model,S-A5,30.0,5970.023,194.30889489482647,193.92590169742596,193.92590169742596
viterbi_fitted_model,S-A5,30.0,6000.023,88.48906511650164,88.98302001405386,88.98302001405386
viterbi_fitted_model,S-A5,30.0,6030.023,89.20430850992764,89.09304304972783,89.09304304972783
viterbi_fitted_model,S-A5,30.0,6060.023,141.97978030880373,141.26633561903904,141.26633561903904
viterbi_fitted_model,S-A5,30.0,6090.023,7.381318356188953,5.236536103234748,5.236536103234748
viterbi_fitted_model,S-A5,30.0,6120.023,246.6946243194759,246.34907198786433,246.34907198786433
viterbi_fitted_model,S-A5,30.0,6150.023,297.19946622832447,296.5144529283369,296.5144529283369
viterbi_fitted_model,S-A5,30.0,6180.023,278.6766647225432,278.7085196651546,278.7085196651546
viterbi_fitted_model,S-A5,30.0,6210.023,259.06784586013123,258.7189715123091,258.7189715123091
viterbi_fitted_model,S-A5,30.0,6240.023,181.12659133005343,180.9373609259064,180.9373609259064
viterbi_fitted_model,S-A5,30.0,6270.023,284.15750944276084,284.1056393136155,284.1056393136155
viterbi_fitted_model,S-A5,30.0,6300.023,272.1168366839959,272.252355625745,272.252355625745
viterbi_fitted_model,S-A5,30.0,6330.023,118.26371286374825,118.7407352035488,118.7407352035488
viterbi_fitted_model,S-A5,30.0,6360.023,100.99353037416586,100.5255869218642,100.5255869218642
viterbi_fitted_model,S-A5,30.0,6390.023,231.42796595665584,232.14609917529367,232.14609917529367
viterbi_fitted_model,S-A5,30.0,6420.023,2.6053556354890803,-4.833319487327355,4.833319487327355
viterbi_fitted_model,S-A5,30.0,6450.023,147.2860064512245,-147.24559524409275,147.24559524409275
viterbi_fitted_model,S-A5,30.0,6480.023,125.51878171837802,124.8491240863031,124.8491240863031
viterbi_fitted_model,S-A5,30.0,6510.023,40.195569899198844,41.39815443711126,41.39815443711126
viterbi_fitted_model,S-A5,30.0,6540.023,179.79478268429426,179.61517570751454,179.61517570751454
viterbi_fitted_model,S-A5,30.0,6570.023,252.1021561197506,251.77128736783268,251.77128736783268
viterbi_fitted_model,S-A5,30.0,6600.023,213.59161123734225,213.29930989181491,213.29930989181491
viterbi_fitted_model,S-A5,30.0,6630.023,199.47023326152407,199.25183257753775,199.25183257753775
viterbi_fitted_model,S-A5,30.0,6660.023,159.50788070582306,159.3470355614138,159.3470355614138
viterbi_fitted_model,S-A5,30.0,6690.023,204.55355508396377,204.35796082973607,204.35796082973607
viterbi_fitted_model,S-A5,30.0,6720.023,126.3663962470386,126.17377602804578,126.17377602804578
viterbi_fitted_model,S-A5,30.0,6750.023,182.47425047810773,181.92887887705083,181.92887887705083
viterbi_fitted_model,S-A5,30.0,6780.023,179.77212092752205,179.44346093398246,179.44346093398246
viterbi_fitted_model,S-A5,30.0,6810.023,244.30458175985333,243.90325133313772,243.90325133313772
viterbi_fitted_model,S-A5,30.0,6840.023,63.54260406819608,63.24147683413522,63.24147683413522
viterbi_fitted_model,S-A5,30.0,6870.023,103.32303309748667,-103.26699262441315,103.26699262441315
viterbi_fitted_model,S-A5,30.0,6900.023,131.50779356633265,131.09278560777926,131.09278560777926
viterbi_fitted_model,S-A5,30.0,6930.023,82.16878662120266,81.96580610028822,81.96580610028822
viterbi_fitted_model,S-A5,30.0,6960.023,64.67378432837255,64.30351829750676,64.30351829750676
viterbi_fitted_model,S-A5,30.0,6990.023,30.341224275530685,30.174975605976165,30.174975605976165
viterbi_fitted_model,S-A5,30.0,7020.023,17.40776596023635,-17.351985298679818,17.351985298679818
viterbi_fitted_model,S-A5,30.0,7050.023,42.674768167863554,-42.53826394622867,42.53826394622867
viterbi_fitted_model,S-A5,30.0,7080.023,23.547370496940957,-21.950181435173796,21.950181435173796
viterbi_fitted_model,S-A5,30.0,7110.023,79.43563185570511,-79.78927890036692,79.78927890036692
viterbi_fitted_model,S-A5,30.0,7140.023,53.25870359822641,53.11501497193709,53.11501497193709
viterbi_fitted_model,S-A5,30.0,7170.023,99.55330067216907,-99.69032358192912,99.69032358192912
viterbi_fitted_model,S-A5,30.0,7200.023,74.51328610366956,74.26192132925686,74.26192132925686
viterbi_fitted_model,S-A5,30.0,7230.023,73.79926041095466,-73.99952616058408,73.99952616058408
viterbi_fitted_model,S-A5,30.0,7260.023,41.81555951367285,-42.62965548257949,42.62965548257949
viterbi_fitted_model,S-A5,30.0,7290.023,140.8058281542403,140.72249217418155,140.72249217418155
viterbi_fitted_model,S-A5,30.0,7320.023,106.72476594552982,105.68111188244454,105.68111188244454
viterbi_fitted_model,S-A5,30.0,7350.023,181.14107041097256,181.43236129633033,181.43236129633033
viterbi_fitted_model,S-A5,30.0,7380.023,134.16736494699694,134.0413473773453,134.0413473773453
viterbi_fitted_model,S-A5,30.0,7410.023,224.7775816658413,224.63886747689554,224.63886747689554
viterbi_fitted_model,S-A5,30.0,7440.023,148.91519811866343,148.8777319711344,148.8777319711344
viterbi_fitted_model,S-A5,30.0,7470.023,169.31724605341068,169.2132019391814,169.2132019391814
viterbi_fitted_model,S-A5,30.0,7500.023,248.02571741968876,247.84722007122136,247.84722007122136
viterbi_fitted_model,S-A5,30.0,7530.023,141.49145566475383,141.28554756585578,141.28554756585578
viterbi_fitted_model,S-A5,30.0,7560.023,120.13681975721883,120.03967607950565,120.03967607950565
viterbi_fitted_model,S-A5,30.0,7590.023,174.192896818917,174.19080434706896,174.19080434706896
viterbi_fitted_model,S-A5,30.0,7620.023,119.30901743171505,118.52740585348042,118.52740585348042
viterbi_fitted_model,S-A5,30.0,7650.023,139.78324904999155,139.38952766415713,139.38952766415713
viterbi_fitted_model,S-A5,30.0,7680.023,250.46437013098532,250.04598809830156,250.04598809830156
viterbi_fitted_model,S-A5,30.0,7710.023,192.72679398360836,192.31917751113482,192.31917751113482
viterbi_fitted_model,S-A5,30.0,7740.023,98.64306410660149,98.82598143466467,98.82598143466467
viterbi_fitted_model,S-A5,30.0,7770.023,137.2920964233439,137.00021219590968,137.00021219590968
viterbi_fitted_model,S-A5,30.0,7800.023,204.76915760629896,204.9093047170736,204.9093047170736
viterbi_fitted_model,S-A5,30.0,7830.023,187.3931861329467,187.60337721898082,187.60337721898082
viterbi_fitted_model,S-A5,30.0,7860.023,164.64546682324135,164.1123873314908,164.1123873314908
viterbi_fitted_model,S-A5,30.0,7890.023,89.35810622664127,88.94086079501082,88.94086079501082
viterbi_fitted_model,S-A5,30.0,7920.023,186.48501347319393,185.87625913901815,185.87625913901815
viterbi_fitted_model,S-A5,30.0,7950.023,206.8098982738169,206.4206417473837,206.4206417473837
viterbi_fitted_model,S-A5,30.0,7980.023,117.79552307039843,117.52001159473465,117.52001159473465
viterbi_fitted_model,S-A5,30.0,8010.023,161.36814988004605,161.2676414002815,161.2676414002815
viterbi_fitted_model,S-A5,30.0,8040.023,52.285654822956616,52.68050115883365,52.68050115883365
viterbi_fitted_model,S-A5,30.0,8070.023,44.863288450265216,44.10411411283076,44.10411411283076
viterbi_fitted_model,S-A5,30.0,8100.023,80.10973539744701,79.98545457673318,79.98545457673318
viterbi_fitted_model,S-A5,30.0,8130.023,5.3324734583277555,-3.021315873248696,3.021315873248696
viterbi_fitted_model,S-A5,30.0,8160.023,62.07708498397395,62.13170211769983,62.13170211769983
viterbi_fitted_model,S-A5,30.0,8190.023,21.10916111622448,-16.788863727300463,16.788863727300463
viterbi_fitted_model,S-A5,30.0,8220.023000000001,185.22980652247588,184.79325635025324,184.79325635025324
viterbi_fitted_model,S-A5,30.0,8250.023000000001,86.16913279472,52.99751073421268,52.99751073421268
viterbi_fitted_model,S-A5,30.0,8280.023000000001,210.96053678819408,-206.35101694414004,206.35101694414004
viterbi_fitted_model,S-A5,30.0,8310.023000000001,53.10356861393482,-54.370794084549935,54.370794084549935
viterbi_fitted_model,S-A5,30.0,8340.023000000001,91.5776860601732,96.84368044917024,96.84368044917024
viterbi_fitted_model,S-A5,30.0,8370.023000000001,339.5733751161262,-85.77577136886758,85.77577136886758
viterbi_fitted_model,S-A5,30.0,8400.023000000001,164.64460352633964,158.2057908474801,158.2057908474801
viterbi_fitted_model,S-A5,30.0,8430.023000000001,3.270578643869572,2.538717281557359,2.538717281557359
viterbi_fitted_model,S-A5,30.0,8460.023000000001,95.7830003331893,38.559043244432374,38.559043244432374
viterbi_fitted_model,S-A5,60.0,120.023,56.142946243455654,45.6566050646272,45.6566050646272
viterbi_fitted_model,S-A5,60.0,180.023,200.49477698950292,194.28341591091103,194.28341591091103
viterbi_fitted_model,S-A5,60.0,240.023,405.99919301613977,406.24116631250916,406.24116631250916
viterbi_fitted_model,S-A5,60.0,300.023,417.0991988024508,413.81439287437894,413.81439287437894
viterbi_fitted_model,S-A5,60.0,360.023,749.7761272766237,751.1827892863263,751.1827892863263
viterbi_fitted_model,S-A5,60.0,420.023,781.1109962099209,782.2505257217897,782.2505257217897
viterbi_fitted_model,S-A5,60.0,480.023,557.7216377483775,555.9487760784239,555.9487760784239
viterbi_fitted_model,S-A5,60.0,540.023,466.4394570867782,467.04967657584035,467.04967657584035
viterbi_fitted_model,S-A5,60.0,600.023,232.10774520654707,229.49846166479682,229.49846166479682
viterbi_fitted_model,S-A5,60.0,660.023,53.332887104591265,-54.53663857897329,54.53663857897329
viterbi_fitted_model,S-A5,60.0,720.023,49.08188323029596,-111.29884396387396,111.29884396387396
viterbi_fitted_model,S-A5,60.0,840.023,415.4061656279384,-419.96093891705647,419.96093891705647
viterbi_fitted_model,S-A5,60.0,900.023,250.67769464363712,-252.43690926872333,252.43690926872333
viterbi_fitted_model,S-A5,60.0,960.023,21.132752240857585,-24.300448602104282,24.300448602104282
viterbi_fitted_model,S-A5,60.0,1020.023,95.57469839255397,93.20625854580162,93.20625854580162
viterbi_fitted_model,S-A5,60.0,1080.0230000000001,27.278594838015444,-35.47026537522489,35.47026537522489
viterbi_fitted_model,S-A5,60.0,1140.0230000000001,74.31888184288378,-78.94100891250119,78.94100891250119
viterbi_fitted_model,S-A5,60.0,1200.0230000000001,897.9447925330086,881.3794001994819,881.3794001994819
viterbi_fitted_model,S-A5,60.0,1320.0230000000001,692.3651315099656,692.7759305474253,692.7759305474253
viterbi_fitted_model,S-A5,60.0,1380.0230000000001,9.099498776776224,-11.09848813757499,11.09848813757499
viterbi_fitted_model,S-A5,60.0,1440.0230000000001,610.8318746252813,-608.7169073730081,608.7169073730081
viterbi_fitted_model,S-A5,60.0,1500.0230000000001,397.84889968650697,-401.50832854918224,401.50832854918224
viterbi_fitted_model,S-A5,60.0,1560.0230000000001,393.5268163278095,-394.85897448409986,394.85897448409986
viterbi_fitted_model,S-A5,60.0,1620.0230000000001,737.3022478639848,731.9595704272378,731.9595704272378
viterbi_fitted_model,S-A5,60.0,1800.0230000000001,1218.9235257647374,1226.7842169852584,1226.7842169852584
viterbi_fitted_model,S-A5,60.0,1860.0230000000001,921.8389622481792,922.9690535629238,922.9690535629238
viterbi_fitted_model,S-A5,60.0,1920.0230000000001,710.4901055820699,709.4896410618326,709.4896410618326
viterbi_fitted_model,S-A5,60.0,1980.0230000000001,469.88880672699946,472.408462663534,472.408462663534
viterbi_fitted_model,S-A5,60.0,2040.0230000000001,1077.4453334025952,1079.6800309735945,1079.6800309735945
viterbi_fitted_model,S-A5,60.0,2160.023,1208.710847138604,1208.7592490730976,1208.7592490730976
viterbi_fitted_model,S-A5,60.0,2340.023,930.2028203866806,929.5186428723164,929.5186428723164
viterbi_fitted_model,S-A5,60.0,2400.023,928.7542683967198,932.6840691836998,932.6840691836998
viterbi_fitted_model,S-A5,60.0,2460.023,650.3681840511557,651.866348314348,651.866348314348
viterbi_fitted_model,S-A5,60.0,2520.023,745.9259888363919,749.494514861351,749.494514861351
viterbi_fitted_model,S-A5,60.0,2580.023,998.8423370624649,1006.3560415156933,1006.3560415156933
viterbi_fitted_model,S-A5,60.0,2700.023,1074.7280644953291,1077.2367617825971,1077.2367617825971
viterbi_fitted_model,S-A5,60.0,2940.023,1025.593278493258,1024.0268509271552,1024.0268509271552
viterbi_fitted_model,S-A5,60.0,3000.023,1051.2365574097407,1048.8164408921552,1048.8164408921552
viterbi_fitted_model,S-A5,60.0,3060.023,1022.7856911147719,1021.9006730217694,1021.9006730217694
viterbi_fitted_model,S-A5,60.0,3120.023,1239.9551019100807,1235.7985835270913,1235.7985835270913
viterbi_fitted_model,S-A5,60.0,3480.023,1058.9869732141472,1059.9891112038017,1059.9891112038017
viterbi_fitted_model,S-A5,60.0,3540.023,674.2681155979566,674.2739709899403,674.2739709899403
viterbi_fitted_model,S-A5,60.0,3600.023,449.93570740432887,449.57519688892785,449.57519688892785
viterbi_fitted_model,S-A5,60.0,3660.023,370.3744352575193,369.3954443894303,369.3954443894303
viterbi_fitted_model,S-A5,60.0,3720.023,984.4611101797583,988.0602252992551,988.0602252992551
viterbi_fitted_model,S-A5,60.0,4080.023,859.4514446066771,859.5545323977032,859.5545323977032
viterbi_fitted_model,S-A5,60.0,4140.023,518.3035335451926,516.510117662594,516.510117662594
viterbi_fitted_model,S-A5,60.0,4200.023,566.9815369241444,570.1003629091641,570.1003629091641
viterbi_fitted_model,S-A5,60.0,4260.023,817.6998890626057,823.8610266167531,823.8610266167531
viterbi_fitted_model,S-A5,60.0,4320.023,752.9481034697213,752.2552193990072,752.2552193990072
viterbi_fitted_model,S-A5,60.0,4620.023,946.6947560709044,948.1000168655239,948.1000168655239
viterbi_fitted_model,S-A5,60.0,4680.023,589.0561160425501,587.5821160725314,587.5821160725314
viterbi_fitted_model,S-A5,60.0,4740.023,410.48838018096467,409.26232507632227,409.26232507632227
viterbi_fitted_model,S-A5,60.0,4800.023,702.8447264485321,702.4251857489918,702.4251857489918
viterbi_fitted_model,S-A5,60.0,4860.023,659.8902056540288,663.2765670247493,663.2765670247493
viterbi_fitted_model,S-A5,60.0,4920.023,1134.0676346913503,1138.3398746088606,1138.3398746088606
viterbi_fitted_model,S-A5,60.0,4980.023,811.566245929813,813.8811321110143,813.8811321110143
viterbi_fitted_model,S-A5,60.0,5040.023,758.3004692297067,756.9144055126468,756.9144055126468
viterbi_fitted_model,S-A5,60.0,5100.023,754.3945097079547,753.9816218847923,753.9816218847923
viterbi_fitted_model,S-A5,60.0,5160.023,910.2741025580438,911.4415931207199,911.4415931207199
viterbi_fitted_model,S-A5,60.0,5220.023,1119.454143231188,1122.2555972820803,1122.2555972820803
viterbi_fitted_model,S-A5,60.0,5280.023,1073.7017033536342,1073.2511932147486,1073.2511932147486
viterbi_fitted_model,S-A5,60.0,5400.023,1044.3628435440078,1048.0560653967677,1048.0560653967677
viterbi_fitted_model,S-A5,60.0,5460.023,546.6827767223378,545.692460370937,545.692460370937
viterbi_fitted_model,S-A5,60.0,5520.023,611.0106384946998,610.6954890628483,610.6954890628483
viterbi_fitted_model,S-A5,60.0,5580.023,477.0929034189296,475.80173741021025,475.80173741021025
viterbi_fitted_model,S-A5,60.0,5640.023,430.6291265806156,430.69968821265843,430.69968821265843
viterbi_fitted_model,S-A5,60.0,5700.023,592.0297700069306,590.9910280251135,590.9910280251135
viterbi_fitted_model,S-A5,60.0,5760.023,473.66024609230516,471.013995926138,471.013995926138
viterbi_fitted_model,S-A5,60.0,5820.023,415.1075088164348,414.3132956830959,414.3132956830959
viterbi_fitted_model,S-A5,60.0,5880.023,521.3661269921312,521.0655710309517,521.0655710309517
viterbi_fitted_model,S-A5,60.0,5940.023,343.7135402633057,343.0258228772557,343.0258228772557
viterbi_fitted_model,S-A5,60.0,6000.023,177.41817669567706,178.08233392992597,178.08233392992597
viterbi_fitted_model,S-A5,60.0,6060.023,148.51983555512106,146.55768511350342,146.55768511350342
viterbi_fitted_model,S-A5,60.0,6120.023,543.576227979355,542.8493323685893,542.8493323685893
viterbi_fitted_model,S-A5,60.0,6180.023,537.2031402805341,537.4259627152154,537.4259627152154
viterbi_fitted_model,S-A5,60.0,6240.023,465.2783003770827,465.04236514419966,465.04236514419966
viterbi_fitted_model,S-A5,60.0,6300.023,388.8994150676529,391.0063753832181,391.0063753832181
viterbi_fitted_model,S-A5,60.0,6360.023,331.14234264218015,332.64564263505724,332.64564263505724
viterbi_fitted_model,S-A5,60.0,6420.023,150.1321976342863,-152.09406111068807,152.09406111068807
viterbi_fitted_model,S-A5,60.0,6480.023,166.73559677278038,166.24470220395955,166.24470220395955
viterbi_fitted_model,S-A5,60.0,6540.023,431.9168644912783,431.385960288856,431.385960288856
viterbi_fitted_model,S-A5,60.0,6600.023,413.0882665263241,412.55001045026813,412.55001045026813
viterbi_fitted_model,S-A5,60.0,6660.023,364.07261219331605,363.705976514354,363.705976514354
viterbi_fitted_model,S-A5,60.0,6720.023,308.8418280459243,308.1028462810725,308.1028462810725
viterbi_fitted_model,S-A5,60.0,6780.023,424.0577706403218,423.3468260768141,423.3468260768141
viterbi_fitted_model,S-A5,60.0,6840.023,40.473092251531604,-40.02560677120789,40.02560677120789
viterbi_fitted_model,S-A5,60.0,6900.023,214.111570431127,213.0627159710611,213.0627159710611
viterbi_fitted_model,S-A5,60.0,6960.023,95.30203118541736,94.47084803378743,94.47084803378743
viterbi_fitted_model,S-A5,60.0,7020.023,58.218254249806,-59.88331309739773,59.88331309739773
viterbi_fitted_model,S-A5,60.0,7080.023,103.53974326274889,-101.73451957701188,101.73451957701188
viterbi_fitted_model,S-A5,60.0,7140.023,46.31538828205368,-46.57385644161158,46.57385644161158
viterbi_fitted_model,S-A5,60.0,7200.023,1.7530084232571215,0.26240289817933515,0.26240289817933515
viterbi_fitted_model,S-A5,60.0,7260.023,99.73003938695732,98.1009339223234,98.1009339223234
viterbi_fitted_model,S-A5,60.0,7320.023,288.6894541055448,287.11719702161696,287.11719702161696
viterbi_fitted_model,S-A5,60.0,7380.023,358.8660611643345,358.68037196529275,358.68037196529275
viterbi_fitted_model,S-A5,60.0,7440.023,318.23387234484454,318.0900470377072,318.0900470377072
viterbi_fitted_model,S-A5,60.0,7500.023,389.6283519086438,389.12491619614,389.12491619614
viterbi_fitted_model,S-A5,60.0,7560.023,294.3645802383788,294.2367775570883,294.2367775570883
viterbi_fitted_model,S-A5,60.0,7620.023,258.9753831928252,257.9174237426942,257.9174237426942
viterbi_fitted_model,S-A5,60.0,7680.023,442.60239202116696,442.35847339896657,442.35847339896657
viterbi_fitted_model,S-A5,60.0,7740.023,235.9244112332936,235.82633460669058,235.82633460669058
viterbi_fitted_model,S-A5,60.0,7800.023,390.8953154469536,392.5074697837067,392.5074697837067
viterbi_fitted_model,S-A5,60.0,7860.023,253.9284425916007,253.05188311962365,253.05188311962365
viterbi_fitted_model,S-A5,60.0,7920.023,393.30374770921605,392.2970452933372,392.2970452933372
viterbi_fitted_model,S-A5,60.0,7980.023,279.6048303862024,278.77786575440246,278.77786575440246
viterbi_fitted_model,S-A5,60.0,8040.023,96.77914661182606,96.78456613244879,96.78456613244879
viterbi_fitted_model,S-A5,60.0,8100.023,77.87115891058134,76.96413703358733,76.96413703358733
viterbi_fitted_model,S-A5,60.0,8160.023,48.17373614350811,45.342376791231054,45.342376791231054
viterbi_fitted_model,S-A5,60.0,8220.023000000001,251.66789779597684,237.78568986946934,237.78568986946934
viterbi_fitted_model,S-A5,60.0,8280.023000000001,263.17016952823894,-260.8574430729933,260.8574430729933
viterbi_fitted_model,S-A5,60.0,8340.023000000001,286.2828363392356,10.483316489799993,10.483316489799993
viterbi_fitted_model,S-A5,60.0,8400.023000000001,166.00103474619343,159.35774379458292,159.35774379458292
viterbi_base_model,S-A6,10.0,30.139,23.919536123268067,-12.098017664997087,12.098017664997087
viterbi_base_model,S-A6,10.0,40.138999999999996,79.78776753642612,6.142581376158432,6.142581376158432
viterbi_base_model,S-A6,10.0,80.139,91.42577626288097,86.029301714087,86.029301714087
viterbi_base_model,S-A6,10.0,90.139,151.25234740858087,149.66311171961576,149.66311171961576
viterbi_base_model,S-A6,10.0,100.139,29.905530386863656,29.840104717716134,29.840104717716134
viterbi_base_model,S-A6,10.0,110.139,45.979357636589754,-52.92803672003979,52.92803672003979
viterbi_base_model,S-A6,10.0,120.139,22.2197570394221,-4.434174443437858,4.434174443437858
viterbi_base_model,S-A6,10.0,130.139,35.84412938873175,-36.18072700528303,36.18072700528303
viterbi_base_model,S-A6,10.0,140.139,45.34064533810902,44.4769921869508,44.4769921869508
viterbi_base_model,S-A6,10.0,150.139,43.96630842625331,42.99366732582166,42.99366732582166
viterbi_base_model,S-A6,10.0,160.139,50.5887909494836,49.81787115194728,49.81787115194728
viterbi_base_model,S-A6,10.0,170.139,49.827011634281675,48.07111244702399,48.07111244702399
viterbi_base_model,S-A6,10.0,180.139,41.52933644205239,40.67680218775445,40.67680218775445
viterbi_base_model,S-A6,10.0,190.139,88.55049196543375,92.23455842373251,92.23455842373251
viterbi_base_model,S-A6,10.0,200.139,57.202783301364065,20.34825649761175,20.34825649761175
viterbi_base_model,S-A6,10.0,210.139,45.78588370980397,-44.221317603743096,44.221317603743096
viterbi_base_model,S-A6,10.0,220.139,39.99583064094119,-47.05404695659771,47.05404695659771
viterbi_base_model,S-A6,10.0,230.139,70.59776269456356,-70.40776270155922,70.40776270155922
viterbi_base_model,S-A6,10.0,240.139,81.92229119786973,81.16934988959399,81.16934988959399
viterbi_base_model,S-A6,10.0,250.139,31.036758036233774,29.050238573568933,29.050238573568933
viterbi_base_model,S-A6,10.0,260.139,17.61567988658579,-16.114852680109145,16.114852680109145
viterbi_base_model,S-A6,10.0,270.139,38.91879559429968,-38.19091486725195,38.19091486725195
viterbi_base_model,S-A6,10.0,280.139,92.29289784445142,91.98177412927593,91.98177412927593
viterbi_base_model,S-A6,10.0,290.139,13.513789497590654,12.769686632919335,12.769686632919335
viterbi_base_model,S-A6,10.0,300.139,13.292716190257355,12.955877376397652,12.955877376397652
viterbi_base_model,S-A6,10.0,310.139,83.31194472090537,83.03774977558065,83.03774977558065
viterbi_base_model,S-A6,10.0,320.139,77.95315046621747,76.34428675865482,76.34428675865482
viterbi_base_model,S-A6,10.0,330.139,69.54670849097332,67.93178313680889,67.93178313680889
viterbi_base_model,S-A6,10.0,340.139,21.08796095341808,20.732967146083613,20.732967146083613
viterbi_base_model,S-A6,10.0,350.139,30.294812157151718,29.98266992394625,29.98266992394625
viterbi_base_model,S-A6,10.0,360.139,15.817970959678386,14.169626054775481,14.169626054775481
viterbi_base_model,S-A6,10.0,370.139,55.635399473019575,52.46472263157796,52.46472263157796
viterbi_base_model,S-A6,10.0,380.139,68.8240195261067,65.70451856220126,65.70451856220126
viterbi_base_model,S-A6,10.0,390.139,50.54497401467761,-53.68787891943883,53.68787891943883
viterbi_base_model,S-A6,10.0,400.139,12.751657365227569,-3.5178136714334904,3.5178136714334904
viterbi_base_model,S-A6,10.0,410.139,23.745254275429637,8.622281317169817,8.622281317169817
viterbi_base_model,S-A6,10.0,420.139,33.900115564935035,32.44245317720897,32.44245317720897
viterbi_base_model,S-A6,10.0,430.139,7.700091624520071,-2.308413606657229,2.308413606657229
viterbi_base_model,S-A6,10.0,440.139,61.96153923541018,61.9039482277007,61.9039482277007
viterbi_base_model,S-A6,10.0,450.139,16.624566692564066,16.191653315123965,16.191653315123965
viterbi_base_model,S-A6,10.0,460.139,2.950442411449322,-2.7647423575671723,2.7647423575671723
viterbi_base_model,S-A6,10.0,470.139,13.869749746268813,-13.796721427390683,13.796721427390683
viterbi_base_model,S-A6,10.0,480.139,18.415392157018413,-18.693067467486852,18.693067467486852
viterbi_base_model,S-A6,10.0,490.139,9.336226073500919,7.498110775151801,7.498110775151801
viterbi_base_model,S-A6,10.0,500.139,28.056333606684724,-27.913251261923108,27.913251261923108
viterbi_base_model,S-A6,10.0,510.139,6.313752430438746,-8.852354623246676,8.852354623246676
viterbi_base_model,S-A6,10.0,520.139,27.930369538162385,26.42819169909709,26.42819169909709
viterbi_base_model,S-A6,10.0,530.139,31.874305053023445,23.881604933213044,23.881604933213044
viterbi_base_model,S-A6,10.0,540.139,67.72803816939087,65.59766362686241,65.59766362686241
viterbi_base_model,S-A6,10.0,550.139,18.089084266700045,17.767811224509508,17.767811224509508
viterbi_base_model,S-A6,10.0,560.139,20.49152392244341,20.233817170589653,20.233817170589653
viterbi_base_model,S-A6,10.0,570.139,50.95562754526019,50.63214901400622,50.63214901400622
viterbi_base_model,S-A6,10.0,580.139,23.57916193309983,22.94870741417773,22.94870741417773
viterbi_base_model,S-A6,10.0,590.139,31.25147398544836,31.041540777533523,31.041540777533523
viterbi_base_model,S-A6,10.0,600.139,27.687853154863525,26.787206702717366,26.787206702717366
viterbi_base_model,S-A6,10.0,610.139,75.02935899645655,74.85592266878606,74.85592266878606
viterbi_base_model,S-A6,10.0,620.139,39.81508047623584,39.469229494552025,39.469229494552025
viterbi_base_model,S-A6,10.0,630.139,41.29147831073291,41.17593126662468,41.17593126662468
viterbi_base_model,S-A6,10.0,640.139,52.48737571543452,52.34408438260424,52.34408438260424
viterbi_base_model,S-A6,10.0,650.139,7.926367812164739,-8.00251526916604,8.00251526916604
viterbi_base_model,S-A6,10.0,660.139,5.390432272599789,4.947752481029834,4.947752481029834
viterbi_base_model,S-A6,10.0,670.139,9.763370010007959,8.851333463707846,8.851333463707846
viterbi_base_model,S-A6,10.0,680.139,66.05362492252158,65.57996928237804,65.57996928237804
viterbi_base_model,S-A6,10.0,690.139,49.21162059682241,48.442197692302344,48.442197692302344
viterbi_base_model,S-A6,10.0,700.139,82.39983709257461,80.22002509613266,80.22002509613266
viterbi_base_model,S-A6,10.0,710.139,82.26420883013364,81.84615257370282,81.84615257370282
viterbi_base_model,S-A6,10.0,720.139,40.83682432117133,40.78910095006872,40.78910095006872
viterbi_base_model,S-A6,10.0,730.139,43.34576653965622,43.0918250377611,43.0918250377611
viterbi_base_model,S-A6,10.0,740.139,57.982970427947805,57.775962832449586,57.775962832449586
viterbi_base_model,S-A6,10.0,750.139,13.923550694220852,12.415187713011488,12.415187713011488
viterbi_base_model,S-A6,10.0,760.139,13.282170323033464,-14.161076225647516,14.161076225647516
viterbi_base_model,S-A6,10.0,770.139,3.103854992557644,-2.9040791156448975,2.9040791156448975
viterbi_base_model,S-A6,10.0,780.139,14.307366631429675,-12.284829928653565,12.284829928653565
viterbi_base_model,S-A6,10.0,790.139,20.77892911193359,-19.879802454804413,19.879802454804413
viterbi_base_model,S-A6,10.0,800.139,26.735798132328448,26.165803994475773,26.165803994475773
viterbi_base_model,S-A6,10.0,810.139,9.287253928572095,8.536976575562452,8.536976575562452
viterbi_base_model,S-A6,10.0,820.139,23.77960397090824,23.74563569991668,23.74563569991668
viterbi_base_model,S-A6,10.0,830.139,26.360610035838853,26.267321833721827,26.267321833721827
viterbi_base_model,S-A6,10.0,840.139,21.850433557784637,-21.930864409597472,21.930864409597472
viterbi_base_model,S-A6,10.0,850.139,32.39692537505239,31.701171039133666,31.701171039133666
viterbi_base_model,S-A6,10.0,860.139,22.078421514079725,21.722575473371194,21.722575473371194
viterbi_base_model,S-A6,10.0,870.139,3.06466566342312,-1.9720844364645522,1.9720844364645522
viterbi_base_model,S-A6,10.0,880.139,9.828415670022883,-10.037804846731245,10.037804846731245
viterbi_base_model,S-A6,10.0,890.139,13.805694298091607,13.240619338330603,13.240619338330603
viterbi_base_model,S-A6,10.0,900.139,17.191549496553055,17.127137969426748,17.127137969426748
viterbi_base_model,S-A6,10.0,910.139,36.268667608079994,36.219349311766095,36.219349311766095
viterbi_base_model,S-A6,10.0,920.139,46.62463649095703,46.55662602368194,46.55662602368194
viterbi_base_model,S-A6,10.0,930.139,42.90978889828846,42.74208329316005,42.74208329316005
viterbi_base_model,S-A6,10.0,940.139,24.153785063220802,24.062519737750478,24.062519737750478
viterbi_base_model,S-A6,10.0,950.139,35.083826084843444,34.84409396279922,34.84409396279922
viterbi_base_model,S-A6,10.0,960.139,98.65694205250458,98.36547416086266,98.36547416086266
viterbi_base_model,S-A6,10.0,970.139,82.81992958765765,82.738196604735,82.738196604735
viterbi_base_model,S-A6,10.0,980.139,87.92865708640691,87.84624920803422,87.84624920803422
viterbi_base_model,S-A6,10.0,990.139,41.62033030026477,41.13604382053545,41.13604382053545
viterbi_base_model,S-A6,10.0,1000.139,37.56442814961092,37.51959678899195,37.51959678899195
viterbi_base_model,S-A6,10.0,1010.139,82.50869567628098,82.46867491311275,82.46867491311275
viterbi_base_model,S-A6,10.0,1020.139,61.721309061937895,61.61644304760582,61.61644304760582
viterbi_base_model,S-A6,10.0,1030.1390000000001,62.958378331736434,62.94436001219205,62.94436001219205
viterbi_base_model,S-A6,10.0,1040.1390000000001,78.19674096190204,78.11704133387556,78.11704133387556
viterbi_base_model,S-A6,10.0,1050.1390000000001,56.99002260139058,56.9131101394849,56.9131101394849
viterbi_base_model,S-A6,10.0,1060.1390000000001,70.7620333334646,70.69640670841304,70.69640670841304
viterbi_base_model,S-A6,10.0,1070.1390000000001,30.41153176499835,30.343271766954686,30.343271766954686
viterbi_base_model,S-A6,10.0,1080.1390000000001,13.171877618814941,-13.192273815020162,13.192273815020162
viterbi_base_model,S-A6,10.0,1090.1390000000001,24.24952234812617,-24.31748448057759,24.31748448057759
viterbi_base_model,S-A6,10.0,1100.1390000000001,43.68124596855377,-44.39661012492137,44.39661012492137
viterbi_base_model,S-A6,10.0,1110.1390000000001,25.771742585027962,-26.121950375164484,26.121950375164484
viterbi_base_model,S-A6,10.0,1120.1390000000001,17.284058322725166,-17.284660328221563,17.284660328221563
viterbi_base_model,S-A6,10.0,1130.1390000000001,9.534459113244695,7.734348586350176,7.734348586350176
viterbi_base_model,S-A6,10.0,1140.1390000000001,103.15038728653387,-103.31559751814211,103.31559751814211
viterbi_base_model,S-A6,10.0,1150.1390000000001,46.952065975797254,-47.18636052430663,47.18636052430663
viterbi_base_model,S-A6,10.0,1160.1390000000001,7.0017550900254895,-7.133026156100847,7.133026156100847
viterbi_base_model,S-A6,10.0,1170.1390000000001,77.63888824130021,77.4610793039463,77.4610793039463
viterbi_base_model,S-A6,10.0,1180.1390000000001,55.62235737536545,-55.69864646245469,55.69864646245469
viterbi_base_model,S-A6,10.0,1190.1390000000001,54.62311632265936,-55.16636398315961,55.16636398315961
viterbi_base_model,S-A6,10.0,1200.1390000000001,83.13458709059645,81.82866567207861,81.82866567207861
viterbi_base_model,S-A6,10.0,1210.1390000000001,71.91733401776884,71.88135880255462,71.88135880255462
viterbi_base_model,S-A6,10.0,1220.1390000000001,113.56174082379513,113.53363645835631,113.53363645835631
viterbi_base_model,S-A6,10.0,1230.1390000000001,70.17740813857388,70.12608752210267,70.12608752210267
viterbi_base_model,S-A6,10.0,1240.1390000000001,72.16854686395573,72.09286124067926,72.09286124067926
viterbi_base_model,S-A6,10.0,1250.1390000000001,60.35502604300958,59.950470490228206,59.950470490228206
viterbi_base_model,S-A6,10.0,1260.1390000000001,38.79528363294452,38.6057417185469,38.6057417185469
viterbi_base_model,S-A6,10.0,1270.1390000000001,73.82456985576087,72.8533571814442,72.8533571814442
viterbi_base_model,S-A6,10.0,1280.1390000000001,27.050948673457494,26.193072823430366,26.193072823430366
viterbi_base_model,S-A6,10.0,1290.1390000000001,6.298501400511423,4.887289492658184,4.887289492658184
viterbi_base_model,S-A6,10.0,1300.1390000000001,16.209453955255892,16.148818474292007,16.148818474292007
viterbi_base_model,S-A6,10.0,1310.1390000000001,17.06011041355204,16.40323214289548,16.40323214289548
viterbi_base_model,S-A6,10.0,1320.1390000000001,50.75529799498708,50.56458601885413,50.56458601885413
viterbi_base_model,S-A6,10.0,1330.1390000000001,69.66962342323198,69.60756748471712,69.60756748471712
viterbi_base_model,S-A6,10.0,1340.1390000000001,22.807388693848356,22.49999667988821,22.49999667988821
viterbi_base_model,S-A6,10.0,1350.1390000000001,88.06799737713936,87.65737265613981,87.65737265613981
viterbi_base_model,S-A6,10.0,1360.1390000000001,66.49914090697659,66.12573295262948,66.12573295262948
viterbi_base_model,S-A6,10.0,1370.1390000000001,61.21773968826115,60.971553613154285,60.971553613154285
viterbi_base_model,S-A6,10.0,1380.1390000000001,71.65243387193486,-71.62071253942952,71.62071253942952
viterbi_base_model,S-A6,10.0,1390.1390000000001,63.54763059673247,-63.90884590384697,63.90884590384697
viterbi_base_model,S-A6,10.0,1400.1390000000001,38.53813660138331,-38.765918377918005,38.765918377918005
viterbi_base_model,S-A6,10.0,1410.1390000000001,28.570481906473436,-29.202544312451046,29.202544312451046
viterbi_base_model,S-A6,10.0,1420.1390000000001,8.870954251108884,6.838227975608056,6.838227975608056
viterbi_base_model,S-A6,10.0,1430.1390000000001,56.90533565067403,56.73479602941397,56.73479602941397
viterbi_base_model,S-A6,10.0,1440.1390000000001,43.5205863789446,43.13713211985143,43.13713211985143
viterbi_base_model,S-A6,10.0,1450.1390000000001,44.09456618498431,44.01725169963264,44.01725169963264
viterbi_base_model,S-A6,10.0,1460.1390000000001,19.58380293874373,19.327320145110367,19.327320145110367
viterbi_base_model,S-A6,10.0,1470.1390000000001,39.05990406483586,-39.06559816425977,39.06559816425977
viterbi_base_model,S-A6,10.0,1480.1390000000001,69.70436980643764,-69.73781357107653,69.73781357107653
viterbi_base_model,S-A6,10.0,1490.1390000000001,33.12733631786829,-32.52015417311314,32.52015417311314
viterbi_base_model,S-A6,10.0,1500.1390000000001,40.052501402676086,-40.24652757658321,40.24652757658321
viterbi_base_model,S-A6,10.0,1510.1390000000001,87.92858958835029,-87.94515512332912,87.94515512332912
viterbi_base_model,S-A6,10.0,1520.1390000000001,104.49180489454541,-104.89642608565774,104.89642608565774
viterbi_base_model,S-A6,10.0,1530.1390000000001,81.84638632267244,-81.89893955195379,81.89893955195379
viterbi_base_model,S-A6,10.0,1540.1390000000001,66.67843127677645,-66.7206036882725,66.7206036882725
viterbi_base_model,S-A6,10.0,1550.1390000000001,18.70430277365931,18.37499664602058,18.37499664602058
viterbi_base_model,S-A6,10.0,1560.1390000000001,24.80664612035732,24.53701916933222,24.53701916933222
viterbi_base_model,S-A6,10.0,1570.1390000000001,45.83266439571068,45.716693586001135,45.716693586001135
viterbi_base_model,S-A6,10.0,1580.1390000000001,44.85479967146495,44.90501107270231,44.90501107270231
viterbi_base_model,S-A6,10.0,1590.1390000000001,23.68529078127438,23.54949618665665,23.54949618665665
viterbi_base_model,S-A6,10.0,1600.1390000000001,10.802624024350727,-10.50562546391706,10.50562546391706
viterbi_base_model,S-A6,10.0,1610.1390000000001,8.525844448043653,7.6658220486544515,7.6658220486544515
viterbi_base_model,S-A6,10.0,1620.1390000000001,54.95486040750219,54.04563642481537,54.04563642481537
viterbi_base_model,S-A6,10.0,1630.1390000000001,39.41568915950165,39.247305372284806,39.247305372284806
viterbi_base_model,S-A6,10.0,1640.1390000000001,35.10136154322369,34.88847619293919,34.88847619293919
viterbi_base_model,S-A6,10.0,1650.1390000000001,16.782051352749555,16.54726252804434,16.54726252804434
viterbi_base_model,S-A6,10.0,1660.1390000000001,67.1276727061608,-67.08198095053996,67.08198095053996
viterbi_base_model,S-A6,10.0,1670.1390000000001,20.34877481427186,-20.17714884370705,20.17714884370705
viterbi_base_model,S-A6,10.0,1680.1390000000001,0.8242450644424545,-0.45099998946988507,0.45099998946988507
viterbi_base_model,S-A6,10.0,1690.1390000000001,18.667129077360386,18.516463025029033,18.516463025029033
viterbi_base_model,S-A6,10.0,1700.1390000000001,5.418095403187012,-2.512286911224429,2.512286911224429
viterbi_base_model,S-A6,10.0,1710.1390000000001,25.527745030307297,24.70182260824367,24.70182260824367
viterbi_base_model,S-A6,10.0,1720.1390000000001,44.49724319467204,44.37600610334883,44.37600610334883
viterbi_base_model,S-A6,10.0,1730.1390000000001,41.178235162477094,40.96936026846611,40.96936026846611
viterbi_base_model,S-A6,10.0,1740.1390000000001,8.828511135374125,-9.215819207740765,9.215819207740765
viterbi_base_model,S-A6,10.0,1750.1390000000001,4.944419771097995,4.066770961256882,4.066770961256882
viterbi_base_model,S-A6,10.0,1760.1390000000001,39.60433601096186,-39.32508247761062,39.32508247761062
viterbi_base_model,S-A6,10.0,1770.1390000000001,21.231898075642004,-21.191363381519007,21.191363381519007
viterbi_base_model,S-A6,10.0,1780.1390000000001,3.840303130710844,-3.8757956053025175,3.8757956053025175
viterbi_base_model,S-A6,10.0,1790.1390000000001,17.935292876161796,17.406571167620054,17.406571167620054
viterbi_base_model,S-A6,10.0,1800.1390000000001,19.682148566075426,-19.701265085676898,19.701265085676898
viterbi_base_model,S-A6,10.0,1810.1390000000001,15.480775741513852,-15.483695567089448,15.483695567089448
viterbi_base_model,S-A6,10.0,1820.1390000000001,25.475026625757078,25.008875450394797,25.008875450394797
viterbi_base_model,S-A6,10.0,1830.1390000000001,25.47905930141567,25.21410507009742,25.21410507009742
viterbi_base_model,S-A6,10.0,1840.1390000000001,29.535516505816037,29.325309753897145,29.325309753897145
viterbi_base_model,S-A6,10.0,1850.1390000000001,19.06233959250508,18.161810638978935,18.161810638978935
viterbi_base_model,S-A6,10.0,1860.1390000000001,50.36138273264612,50.180125165390905,50.180125165390905
viterbi_base_model,S-A6,10.0,1870.1390000000001,19.73379919195837,19.738934320445694,19.738934320445694
viterbi_base_model,S-A6,10.0,1880.1390000000001,12.542269591528324,-12.058317250365345,12.058317250365345
viterbi_base_model,S-A6,10.0,1890.1390000000001,12.136035341597182,12.011124842349773,12.011124842349773
viterbi_base_model,S-A6,10.0,1900.1390000000001,6.251667301824161,3.634531116632683,3.634531116632683
viterbi_base_model,S-A6,10.0,1910.1390000000001,54.97462454557962,-55.293564975183244,55.293564975183244
viterbi_base_model,S-A6,10.0,1920.1390000000001,100.40480173280096,-100.46084768075933,100.46084768075933
viterbi_base_model,S-A6,10.0,1930.1390000000001,58.57359070187146,-58.90484089619606,58.90484089619606
viterbi_base_model,S-A6,10.0,1940.1390000000001,60.26443909107578,-60.41233227658065,60.41233227658065
viterbi_base_model,S-A6,10.0,1950.1390000000001,156.01393777067824,-156.33324150127538,156.33324150127538
viterbi_base_model,S-A6,10.0,1960.1390000000001,144.29634224289626,-144.76341277603785,144.76341277603785
viterbi_base_model,S-A6,10.0,1970.1390000000001,136.65502566646592,-138.4413526235167,138.4413526235167
viterbi_base_model,S-A6,10.0,1980.1390000000001,76.6252255582169,-77.19549333381804,77.19549333381804
viterbi_base_model,S-A6,10.0,1990.1390000000001,4.035305463347099,-3.0653480292355795,3.0653480292355795
viterbi_base_model,S-A6,10.0,2000.1390000000001,114.17816301200708,-117.03031864945336,117.03031864945336
viterbi_base_model,S-A6,10.0,2010.1390000000001,76.0938741259837,-82.6437133203367,82.6437133203367
viterbi_base_model,S-A6,10.0,2020.1390000000001,125.20005856998785,-124.70527010035713,124.70527010035713
viterbi_base_model,S-A6,10.0,2030.1390000000001,2.0927016068433737,1.6150247815078451,1.6150247815078451
viterbi_base_model,S-A6,10.0,2040.1390000000001,71.6674233623609,-71.75860465675504,71.75860465675504
viterbi_base_model,S-A6,10.0,2050.139,35.840011866449,-36.05689950975134,36.05689950975134
viterbi_base_model,S-A6,10.0,2060.139,89.07132411430217,-89.24833212874208,89.24833212874208
viterbi_base_model,S-A6,10.0,2070.139,42.924468540892974,42.555143013992506,42.555143013992506
viterbi_base_model,S-A6,10.0,2080.139,44.45890482911774,43.307336440572016,43.307336440572016
viterbi_base_model,S-A6,10.0,2090.139,32.81359975599606,32.81119345360092,32.81119345360092
viterbi_base_model,S-A6,10.0,2100.139,4.844195857045093,-2.102319478074765,2.102319478074765
viterbi_base_model,S-A6,10.0,2110.139,6.779509442670706,5.71373063244495,5.71373063244495
viterbi_base_model,S-A6,10.0,2120.139,28.685294689795995,27.89731813317727,27.89731813317727
viterbi_base_model,S-A6,10.0,2130.139,50.315090666060506,50.03768207995354,50.03768207995354
viterbi_base_model,S-A6,10.0,2140.139,43.843189873533184,43.624258138518286,43.624258138518286
viterbi_base_model,S-A6,10.0,2150.139,10.228430175322073,9.784597480377087,9.784597480377087
viterbi_base_model,S-A6,10.0,2160.139,105.74331025762267,-107.15229534763628,107.15229534763628
viterbi_base_model,S-A6,10.0,2170.139,149.99946391939588,-150.0695243062106,150.0695243062106
viterbi_base_model,S-A6,10.0,2180.139,168.07301215947123,-169.5117505183099,169.5117505183099
viterbi_base_model,S-A6,10.0,2190.139,162.29252472703732,-164.2005803656369,164.2005803656369
viterbi_base_model,S-A6,10.0,2200.139,61.08616508464475,-61.360610649984096,61.360610649984096
viterbi_base_model,S-A6,10.0,2210.139,13.424230406407373,12.832367096114154,12.832367096114154
viterbi_base_model,S-A6,10.0,2220.139,145.1113005905638,-145.46771518023323,145.46771518023323
viterbi_base_model,S-A6,10.0,2230.139,134.55034030456628,-135.7912940285542,135.7912940285542
viterbi_base_model,S-A6,10.0,2240.139,100.50456401046304,-101.38654034500598,101.38654034500598
viterbi_base_model,S-A6,10.0,2250.139,104.83789084440971,-105.38693955310251,105.38693955310251
viterbi_base_model,S-A6,10.0,2260.139,186.28942562252936,-187.63428739258657,187.63428739258657
viterbi_base_model,S-A6,10.0,2270.139,67.44094933172043,-69.56212809596512,69.56212809596512
viterbi_base_model,S-A6,10.0,2280.139,54.35843922195681,-54.608212317465,54.608212317465
viterbi_base_model,S-A6,10.0,2290.139,202.68183612497756,-205.42358986465757,205.42358986465757
viterbi_base_model,S-A6,10.0,2300.139,222.14267638146225,-223.7584948664721,223.7584948664721
viterbi_base_model,S-A6,10.0,2310.139,205.09844837528743,-205.06767711748205,205.06767711748205
viterbi_base_model,S-A6,10.0,2320.139,77.24364100631291,-77.20349441681091,77.20349441681091
viterbi_base_model,S-A6,10.0,2330.139,67.69970966159175,-67.78323670420059,67.78323670420059
viterbi_base_model,S-A6,10.0,2340.139,92.74934573575764,-93.17850165378852,93.17850165378852
viterbi_base_model,S-A6,10.0,2350.139,62.07244816319336,-62.13503710706771,62.13503710706771
viterbi_base_model,S-A6,10.0,2360.139,10.800710845025428,9.731960331126984,9.731960331126984
viterbi_base_model,S-A6,10.0,2370.139,52.43371917581341,-53.07143630391281,53.07143630391281
viterbi_base_model,S-A6,10.0,2380.139,106.77255490766942,-106.64537825977092,106.64537825977092
viterbi_base_model,S-A6,10.0,2390.139,116.11072023027985,-116.39563095389798,116.39563095389798
viterbi_base_model,S-A6,10.0,2400.139,72.3360243410563,-72.31610691528026,72.31610691528026
viterbi_base_model,S-A6,10.0,2410.139,49.41353287921678,47.842937020995215,47.842937020995215
viterbi_base_model,S-A6,10.0,2420.139,3.6618947524817567,-0.006544592483770373,0.006544592483770373
viterbi_base_model,S-A6,10.0,2430.139,12.137262267685099,-12.081825276220236,12.081825276220236
viterbi_base_model,S-A6,10.0,2440.139,51.29276705310973,-51.320310406013604,51.320310406013604
viterbi_base_model,S-A6,10.0,2450.139,14.817126276991125,14.659715122454998,14.659715122454998
viterbi_base_model,S-A6,10.0,2460.139,45.08494928406969,-45.30614730406695,45.30614730406695
viterbi_base_model,S-A6,10.0,2470.139,132.12045711748306,-132.99227107376774,132.99227107376774
viterbi_base_model,S-A6,10.0,2480.139,115.67169558476685,-115.94965417623948,115.94965417623948
viterbi_base_model,S-A6,10.0,2490.139,69.51184822500669,-69.50778601097923,69.50778601097923
viterbi_base_model,S-A6,10.0,2500.139,47.25345022556423,47.13674930068657,47.13674930068657
viterbi_base_model,S-A6,10.0,2510.139,12.463214346034556,-12.741089337793511,12.741089337793511
viterbi_base_model,S-A6,10.0,2520.139,38.157898307557765,37.559410432082856,37.559410432082856
viterbi_base_model,S-A6,10.0,2530.139,45.803748365753144,45.39881551090738,45.39881551090738
viterbi_base_model,S-A6,10.0,2540.139,20.617276229213946,20.370394464451984,20.370394464451984
viterbi_base_model,S-A6,10.0,2550.139,11.513923634401825,-11.98774414119783,11.98774414119783
viterbi_base_model,S-A6,10.0,2560.139,55.09325812966878,-55.10954962821934,55.10954962821934
viterbi_base_model,S-A6,10.0,2570.139,60.32718869776713,-60.556823777579716,60.556823777579716
viterbi_base_model,S-A6,10.0,2580.139,44.163717857035806,-44.93593849951846,44.93593849951846
viterbi_base_model,S-A6,10.0,2590.139,64.84335104596227,-65.39846423834551,65.39846423834551
viterbi_base_model,S-A6,10.0,2600.139,109.86886585876447,-109.83864519409315,109.83864519409315
viterbi_base_model,S-A6,10.0,2610.139,46.093862329935,46.00662642204492,46.00662642204492
viterbi_base_model,S-A6,10.0,2620.139,28.96100910761756,28.87298204320135,28.87298204320135
viterbi_base_model,S-A6,10.0,2630.139,35.3450640416442,-35.34182945308922,35.34182945308922
viterbi_base_model,S-A6,10.0,2640.139,14.20211704749487,14.107133347599436,14.107133347599436
viterbi_base_model,S-A6,10.0,2650.139,11.464334816215302,11.496777935591371,11.496777935591371
viterbi_base_model,S-A6,10.0,2660.139,50.254881295193435,50.06494564256579,50.06494564256579
viterbi_base_model,S-A6,10.0,2670.139,0.5358870686709075,0.3539556140055389,0.3539556140055389
viterbi_base_model,S-A6,10.0,2680.139,7.767798307493752,-7.59816123552222,7.59816123552222
viterbi_base_model,S-A6,10.0,2690.139,25.05036258078082,-25.15737934698176,25.15737934698176
viterbi_base_model,S-A6,10.0,2700.139,26.363950469925236,26.15735738330629,26.15735738330629
viterbi_base_model,S-A6,10.0,2710.139,65.1605541572941,-65.49675863438532,65.49675863438532
viterbi_base_model,S-A6,10.0,2720.139,81.4089838776122,-81.3925569793701,81.3925569793701
viterbi_base_model,S-A6,10.0,2730.139,54.58186765760175,53.60869732529147,53.60869732529147
viterbi_base_model,S-A6,10.0,2740.139,89.4739402848417,-89.47928066355134,89.47928066355134
viterbi_base_model,S-A6,10.0,2750.139,90.74039835661918,-91.31899645059879,91.31899645059879
viterbi_base_model,S-A6,10.0,2760.139,71.35936525659156,-71.19869907441371,71.19869907441371
viterbi_base_model,S-A6,10.0,2770.139,90.03547447159781,-90.14819695076369,90.14819695076369
viterbi_base_model,S-A6,10.0,2780.139,85.54013973714393,-85.52773647807963,85.52773647807963
viterbi_base_model,S-A6,10.0,2790.139,136.0157179035027,-136.6072291225826,136.6072291225826
viterbi_base_model,S-A6,10.0,2800.139,98.53789477127081,-98.50353896774017,98.50353896774017
viterbi_base_model,S-A6,10.0,2810.139,34.44567540111576,34.00009713757468,34.00009713757468
viterbi_base_model,S-A6,10.0,2820.139,25.57190709542974,-25.55807114168353,25.55807114168353
viterbi_base_model,S-A6,10.0,2830.139,8.141055650287708,-8.100828542157114,8.100828542157114
viterbi_base_model,S-A6,10.0,2840.139,18.441662172817033,18.312345708748857,18.312345708748857
viterbi_base_model,S-A6,10.0,2850.139,16.227451275755964,-16.137000549572345,16.137000549572345
viterbi_base_model,S-A6,10.0,2860.139,27.68900883347304,-27.618909345157455,27.618909345157455
viterbi_base_model,S-A6,10.0,2870.139,33.513210655836055,-33.524561854958975,33.524561854958975
viterbi_base_model,S-A6,10.0,2880.139,89.5297099728215,-89.54425480354166,89.54425480354166
viterbi_base_model,S-A6,10.0,2890.139,35.36965088375277,-35.39309791179062,35.39309791179062
viterbi_base_model,S-A6,10.0,2900.139,26.415003853472246,26.153345436942974,26.153345436942974
viterbi_base_model,S-A6,10.0,2910.139,14.208797181675658,14.189785628470425,14.189785628470425
viterbi_base_model,S-A6,10.0,2920.139,18.862055326643322,18.644589285206138,18.644589285206138
viterbi_base_model,S-A6,10.0,2930.139,4.012395123022293,-3.9673071084436557,3.9673071084436557
viterbi_base_model,S-A6,10.0,2940.139,11.874999365788787,11.053566002563166,11.053566002563166
viterbi_base_model,S-A6,10.0,2950.139,53.122180188866885,53.08944482272352,53.08944482272352
viterbi_base_model,S-A6,10.0,2960.139,12.682403608626819,-12.236567129219907,12.236567129219907
viterbi_base_model,S-A6,10.0,2970.139,56.4565075447988,-56.44725161037602,56.44725161037602
viterbi_base_model,S-A6,10.0,2980.139,63.62461771521908,-64.4429015198124,64.4429015198124
viterbi_base_model,S-A6,10.0,2990.139,46.545857541760945,-46.898908967247536,46.898908967247536
viterbi_base_model,S-A6,10.0,3000.139,12.918103779854254,11.950724423559308,11.950724423559308
viterbi_base_model,S-A6,10.0,3010.139,6.095244650581084,5.481870791723118,5.481870791723118
viterbi_base_model,S-A6,10.0,3020.139,40.31306380556575,-40.56028022007469,40.56028022007469
viterbi_base_model,S-A6,10.0,3030.139,64.58302641570239,-64.54574317413542,64.54574317413542
viterbi_base_model,S-A6,10.0,3040.139,22.805727788796265,-22.663438196646933,22.663438196646933
viterbi_base_model,S-A6,10.0,3050.139,17.534332349883016,-17.612455457715555,17.612455457715555
viterbi_base_model,S-A6,10.0,3060.139,171.5821823555549,-172.99541096211448,172.99541096211448
viterbi_base_model,S-A6,10.0,3070.139,118.55546495808895,-118.70640406623713,118.70640406623713
viterbi_base_model,S-A6,10.0,3080.139,42.230227608837374,-42.119229463485134,42.119229463485134
viterbi_base_model,S-A6,10.0,3090.139,23.77391496757076,23.580874133792655,23.580874133792655
viterbi_base_model,S-A6,10.0,3100.139,109.27426106667484,-110.18796616328525,110.18796616328525
viterbi_base_model,S-A6,10.0,3110.139,165.4414632024611,-165.4929015767614,165.4929015767614
viterbi_base_model,S-A6,10.0,3120.139,121.08023902965469,-121.33461497607558,121.33461497607558
viterbi_base_model,S-A6,10.0,3130.139,51.874040115261586,-52.32246597475563,52.32246597475563
viterbi_base_model,S-A6,10.0,3140.139,120.8527022166032,-120.58569587447941,120.58569587447941
viterbi_base_model,S-A6,10.0,3150.139,66.57596697669197,-66.6930404459799,66.6930404459799
viterbi_base_model,S-A6,10.0,3160.139,28.93602554645857,-29.007953822990288,29.007953822990288
viterbi_base_model,S-A6,10.0,3170.139,32.761715260552684,32.62838305337101,32.62838305337101
viterbi_base_model,S-A6,10.0,3180.139,80.425616797606,80.25345064669226,80.25345064669226
viterbi_base_model,S-A6,10.0,3190.139,69.93736838346688,69.42155179279385,69.42155179279385
viterbi_base_model,S-A6,10.0,3200.139,89.32374356410693,-90.00030572052952,90.00030572052952
viterbi_base_model,S-A6,10.0,3210.139,26.727679326338432,-27.93184716753235,27.93184716753235
viterbi_base_model,S-A6,10.0,3220.139,115.76873645899158,-116.15416310623928,116.15416310623928
viterbi_base_model,S-A6,10.0,3230.139,161.2094266916363,-162.60660400769933,162.60660400769933
viterbi_base_model,S-A6,10.0,3240.139,97.53374206982487,-97.8299293346449,97.8299293346449
viterbi_base_model,S-A6,10.0,3250.139,5.083638854380316,4.96980234655226,4.96980234655226
viterbi_base_model,S-A6,10.0,3260.139,7.327374225078199,5.923838006886797,5.923838006886797
viterbi_base_model,S-A6,10.0,3270.139,60.455183584392124,-60.62511736880978,60.62511736880978
viterbi_base_model,S-A6,10.0,3280.139,57.773697511094916,-58.00284924750993,58.00284924750993
viterbi_base_model,S-A6,10.0,3290.139,85.70205000855107,-87.5478019668486,87.5478019668486
viterbi_base_model,S-A6,10.0,3300.139,90.03790097729565,-90.64742703026009,90.64742703026009
viterbi_base_model,S-A6,10.0,3310.139,106.82307016530339,-106.84337736031071,106.84337736031071
viterbi_base_model,S-A6,10.0,3320.139,116.92917281889603,-116.9868471674171,116.9868471674171
viterbi_base_model,S-A6,10.0,3330.139,86.89188564981788,-86.9544135837055,86.9544135837055
viterbi_base_model,S-A6,10.0,3340.139,15.78957502520656,-14.7055965874385,14.7055965874385
viterbi_base_model,S-A6,10.0,3350.139,40.86454322850822,-40.942724059413585,40.942724059413585
viterbi_base_model,S-A6,10.0,3360.139,64.64565102241436,-65.29397055172363,65.29397055172363
viterbi_base_model,S-A6,10.0,3370.139,82.43215613099633,-82.15392421988165,82.15392421988165
viterbi_base_model,S-A6,10.0,3380.139,60.299052023683615,-60.945006317684026,60.945006317684026
viterbi_base_model,S-A6,10.0,3390.139,26.533183405417,-26.178012847137797,26.178012847137797
viterbi_base_model,S-A6,10.0,3400.139,137.65532220867397,-137.6131667871189,137.6131667871189
viterbi_base_model,S-A6,10.0,3410.139,122.77343966164567,-122.79260034248045,122.79260034248045
viterbi_base_model,S-A6,10.0,3420.139,132.50343184176046,-132.25943282454315,132.25943282454315
viterbi_base_model,S-A6,10.0,3430.139,102.21879627388311,-103.21494909463564,103.21494909463564
viterbi_base_model,S-A6,10.0,3440.139,151.00366557935868,-151.09990935916312,151.09990935916312
viterbi_base_model,S-A6,10.0,3450.139,166.15678053410622,-167.31105025536252,167.31105025536252
viterbi_base_model,S-A6,10.0,3460.139,87.94556309973258,-88.32499714563917,88.32499714563917
viterbi_base_model,S-A6,10.0,3470.139,110.81874158379212,-110.63952885762718,110.63952885762718
viterbi_base_model,S-A6,10.0,3480.139,95.57102770202886,-95.4820211023204,95.4820211023204
viterbi_base_model,S-A6,10.0,3490.139,34.011741063717,-34.01514460082787,34.01514460082787
viterbi_base_model,S-A6,10.0,3500.139,37.91402307604894,-38.15342795483571,38.15342795483571
viterbi_base_model,S-A6,10.0,3510.139,17.568171074921505,-17.815293936176705,17.815293936176705
viterbi_base_model,S-A6,10.0,3520.139,119.72297508516883,-119.87458021530651,119.87458021530651
viterbi_base_model,S-A6,10.0,3530.139,168.08250454417902,-168.34556910724734,168.34556910724734
viterbi_base_model,S-A6,10.0,3540.139,91.38205066143993,-91.85761839175511,91.85761839175511
viterbi_base_model,S-A6,10.0,3550.139,143.7667854776037,-141.8832735971922,141.8832735971922
viterbi_base_model,S-A6,10.0,3560.139,79.35888208750269,-79.3889071873123,79.3889071873123
viterbi_base_model,S-A6,10.0,3570.139,33.50592445238211,-33.4773131125787,33.4773131125787
viterbi_base_model,S-A6,10.0,3580.139,31.14028744244645,-31.595357608521393,31.595357608521393
viterbi_base_model,S-A6,10.0,3590.139,80.04841308865484,78.8179237386198,78.8179237386198
viterbi_base_model,S-A6,10.0,3600.139,54.868329898738274,54.21241075684726,54.21241075684726
viterbi_base_model,S-A6,10.0,3610.139,8.945580171384199,-9.034780849344333,9.034780849344333
viterbi_base_model,S-A6,10.0,3620.139,3.1141352239727764,-3.2499355047953387,3.2499355047953387
viterbi_base_model,S-A6,10.0,3630.139,17.771226868367897,-17.93326527848851,17.93326527848851
viterbi_base_model,S-A6,10.0,3640.139,38.256026415403255,-38.3149481612283,38.3149481612283
viterbi_base_model,S-A6,10.0,3650.139,26.023645356886686,-26.136100035524183,26.136100035524183
viterbi_base_model,S-A6,10.0,3660.139,19.62145798135608,-19.857140887293394,19.857140887293394
viterbi_base_model,S-A6,10.0,3670.139,2.6679362498012127,-2.6857441736293275,2.6857441736293275
viterbi_base_model,S-A6,10.0,3680.139,11.662399276385392,11.715663980997704,11.715663980997704
viterbi_base_model,S-A6,10.0,3690.139,7.958353603303747,7.210006539634577,7.210006539634577
viterbi_base_model,S-A6,10.0,3700.139,16.555910905578926,-16.573293047780933,16.573293047780933
viterbi_base_model,S-A6,10.0,3710.139,4.063973609978522,2.588342189486198,2.588342189486198
viterbi_base_model,S-A6,10.0,3720.139,66.4742932066358,-67.15696649805389,67.15696649805389
viterbi_base_model,S-A6,10.0,3730.139,167.4373573474502,-167.58590463646215,167.58590463646215
viterbi_base_model,S-A6,10.0,3740.139,165.8197417162626,-165.81296179820447,165.81296179820447
viterbi_base_model,S-A6,10.0,3750.139,62.58751718810767,-62.789010651093854,62.789010651093854
viterbi_base_model,S-A6,10.0,3760.139,65.40311730588559,-65.56468567474197,65.56468567474197
viterbi_base_model,S-A6,10.0,3770.139,98.42233687108815,-98.74580652786474,98.74580652786474
viterbi_base_model,S-A6,10.0,3780.139,130.67541956175037,-130.89068991891975,130.89068991891975
viterbi_base_model,S-A6,10.0,3790.139,143.10405814708923,-143.1890649199041,143.1890649199041
viterbi_base_model,S-A6,10.0,3800.139,57.07147405185048,-57.337321723480954,57.337321723480954
viterbi_base_model,S-A6,10.0,3810.139,107.07788539137094,-107.50886393558102,107.50886393558102
viterbi_base_model,S-A6,10.0,3820.139,18.69350506528909,-18.828907042654635,18.828907042654635
viterbi_base_model,S-A6,10.0,3830.139,44.34758335588931,44.052034938484425,44.052034938484425
viterbi_base_model,S-A6,10.0,3840.139,36.63300145302301,36.58146374275147,36.58146374275147
viterbi_base_model,S-A6,10.0,3850.139,39.17071483571026,38.93406238928897,38.93406238928897
viterbi_base_model,S-A6,10.0,3860.139,6.313782291763468,4.682587156908546,4.682587156908546
viterbi_base_model,S-A6,10.0,3870.139,17.1897866324992,16.38054840285796,16.38054840285796
viterbi_base_model,S-A6,10.0,3880.139,34.90206840695988,34.75008388851343,34.75008388851343
viterbi_base_model,S-A6,10.0,3890.139,17.69223035731761,17.445890480219614,17.445890480219614
viterbi_base_model,S-A6,10.0,3900.139,28.874569446064168,28.433046801175077,28.433046801175077
viterbi_base_model,S-A6,10.0,3910.139,69.4536445631166,68.60096699170143,68.60096699170143
viterbi_base_model,S-A6,10.0,3920.139,65.66496521442572,65.53498729977387,65.53498729977387
viterbi_base_model,S-A6,10.0,3930.139,67.28145876478601,67.23703706982212,67.23703706982212
viterbi_base_model,S-A6,10.0,3940.139,74.22161465847162,74.17158405431117,74.17158405431117
viterbi_base_model,S-A6,10.0,3950.139,15.203294900910794,14.328931519677596,14.328931519677596
viterbi_base_model,S-A6,10.0,3960.139,26.24307012374497,25.92890951481442,25.92890951481442
viterbi_base_model,S-A6,10.0,3970.139,61.170247597824755,60.88533917326042,60.88533917326042
viterbi_base_model,S-A6,10.0,3980.139,99.40375882282888,99.33055199298762,99.33055199298762
viterbi_base_model,S-A6,10.0,3990.139,60.07589198555847,59.86565009571547,59.86565009571547
viterbi_base_model,S-A6,10.0,4000.139,8.142017198163563,-8.35213069054187,8.35213069054187
viterbi_base_model,S-A6,10.0,4010.139,18.19883821612296,-18.193995171179843,18.193995171179843
viterbi_base_model,S-A6,10.0,4020.139,30.846487281509965,-31.31209340822562,31.31209340822562
viterbi_base_model,S-A6,10.0,4030.139,2.5079730052288256,-1.3842463884829286,1.3842463884829286
viterbi_base_model,S-A6,10.0,4040.139,5.010722178559436,-4.705409788310469,4.705409788310469
viterbi_base_model,S-A6,10.0,4050.139,37.780483497207676,-37.899579181668074,37.899579181668074
viterbi_base_model,S-A6,10.0,4060.139,6.315620574851365,-4.910355917072906,4.910355917072906
viterbi_base_model,S-A6,10.0,4070.139,3.5028439494737813,3.127513017218348,3.127513017218348
viterbi_base_model,S-A6,10.0,4080.139,17.88081683884537,-18.012104497336182,18.012104497336182
viterbi_base_model,S-A6,10.0,4090.139,8.597526457412824,-5.708602994689251,5.708602994689251
viterbi_base_model,S-A6,10.0,4100.139,8.257836144580063,-8.450988035642002,8.450988035642002
viterbi_base_model,S-A6,10.0,4110.139,55.335804150780206,54.6815943890016,54.6815943890016
viterbi_base_model,S-A6,10.0,4120.139,58.43689884191172,58.085929381074365,58.085929381074365
viterbi_base_model,S-A6,10.0,4130.139,1.3914344301266155,-1.2735519403380877,1.2735519403380877
viterbi_base_model,S-A6,10.0,4140.139,35.20142421114451,-35.13817047612923,35.13817047612923
viterbi_base_model,S-A6,10.0,4150.139,55.57951386212002,-55.73426781276979,55.73426781276979
viterbi_base_model,S-A6,10.0,4160.139,38.971929961668515,38.16970506162241,38.16970506162241
viterbi_base_model,S-A6,10.0,4170.139,45.48425217444643,45.07816188187377,45.07816188187377
viterbi_base_model,S-A6,10.0,4180.139,47.18310636438992,-47.238536309864266,47.238536309864266
viterbi_base_model,S-A6,10.0,4190.139,111.07962510380757,-111.14867677665282,111.14867677665282
viterbi_base_model,S-A6,10.0,4200.139,38.794593600607826,-38.91482190168058,38.91482190168058
viterbi_base_model,S-A6,10.0,4210.139,45.40313789181366,-45.17971099501251,45.17971099501251
viterbi_base_model,S-A6,10.0,4220.139,77.92224774952817,-76.97633052100835,76.97633052100835
viterbi_base_model,S-A6,10.0,4230.139,25.482872311595656,23.74657674932109,23.74657674932109
viterbi_base_model,S-A6,10.0,4240.139,54.96361517132875,54.81665727399837,54.81665727399837
viterbi_base_model,S-A6,10.0,4250.139,24.44780497879156,-24.51163924174269,24.51163924174269
viterbi_base_model,S-A6,10.0,4260.139,9.157120089362241,-9.255184831508934,9.255184831508934
viterbi_base_model,S-A6,10.0,4270.139,3.611757258201313,-3.362194899618032,3.362194899618032
viterbi_base_model,S-A6,10.0,4280.139,35.28300037240546,-34.84972978135604,34.84972978135604
viterbi_base_model,S-A6,10.0,4290.139,37.767656067761195,-38.23216333517212,38.23216333517212
viterbi_base_model,S-A6,10.0,4300.139,125.41676841856311,-125.32804843659287,125.32804843659287
viterbi_base_model,S-A6,10.0,4310.139,141.86358944027626,-141.6655570030647,141.6655570030647
viterbi_base_model,S-A6,10.0,4320.139,58.33936967199715,-58.51464730910318,58.51464730910318
viterbi_base_model,S-A6,10.0,4330.139,119.12012341883904,-119.74922815692156,119.74922815692156
viterbi_base_model,S-A6,10.0,4340.139,114.66094816138144,-115.35014337773096,115.35014337773096
viterbi_base_model,S-A6,10.0,4350.139,77.81727482207666,-77.88320451040248,77.88320451040248
viterbi_base_model,S-A6,10.0,4360.139,3.6127038356589307,-3.5860979224767036,3.5860979224767036
viterbi_base_model,S-A6,10.0,4370.139,10.851719428738265,-10.85078092036921,10.85078092036921
viterbi_base_model,S-A6,10.0,4380.139,5.278996079771294,-5.031545701498782,5.031545701498782
viterbi_base_model,S-A6,10.0,4390.139,7.24985786025476,-7.234187081729466,7.234187081729466
viterbi_base_model,S-A6,10.0,4400.139,4.809174012149432,4.773181574863759,4.773181574863759
viterbi_base_model,S-A6,10.0,4410.139,56.59952223023527,56.594400661387056,56.594400661387056
viterbi_base_model,S-A6,10.0,4420.139,16.837583639498845,16.759191010274616,16.759191010274616
viterbi_base_model,S-A6,10.0,4430.139,20.09685558457422,19.997724092978743,19.997724092978743
viterbi_base_model,S-A6,10.0,4440.139,44.285397616169774,44.279330700821504,44.279330700821504
viterbi_base_model,S-A6,10.0,4450.139,23.508673448104183,-23.7074941744256,23.7074941744256
viterbi_base_model,S-A6,10.0,4460.139,113.20283366627093,-113.0349558942824,113.0349558942824
viterbi_base_model,S-A6,10.0,4470.139,135.63053180126846,-135.8595250655423,135.8595250655423
viterbi_base_model,S-A6,10.0,4480.139,30.564814081944814,-30.55477807001964,30.55477807001964
viterbi_base_model,S-A6,10.0,4490.139,52.09035600751141,51.97843025429589,51.97843025429589
viterbi_base_model,S-A6,10.0,4500.139,74.32469362565102,74.02504471993099,74.02504471993099
viterbi_base_model,S-A6,10.0,4510.139,13.601937441954783,-13.292713113765277,13.292713113765277
viterbi_base_model,S-A6,10.0,4520.139,49.78561137159175,49.190656801820026,49.190656801820026
viterbi_base_model,S-A6,10.0,4530.139,7.238682465932018,-7.22225104388124,7.22225104388124
viterbi_base_model,S-A6,10.0,4540.139,56.519862566597006,-56.54378515644177,56.54378515644177
viterbi_base_model,S-A6,10.0,4550.139,50.787670176808284,50.499220600522705,50.499220600522705
viterbi_base_model,S-A6,10.0,4560.139,46.655096306656716,45.93500583074744,45.93500583074744
viterbi_base_model,S-A6,10.0,4570.139,54.38099079339892,52.8851947391145,52.8851947391145
viterbi_base_model,S-A6,10.0,4580.139,168.14797171979464,167.88422820849726,167.88422820849726
viterbi_base_model,S-A6,10.0,4590.139,178.82655392158648,178.64892681721108,178.64892681721108
viterbi_base_model,S-A6,10.0,4600.139,173.1203913276587,172.7898412312768,172.7898412312768
viterbi_base_model,S-A6,10.0,4610.139,24.60711929291626,-25.066209813581686,25.066209813581686
viterbi_base_model,S-A6,10.0,4620.139,48.88138501114688,-48.8462935177687,48.8462935177687
viterbi_base_model,S-A6,10.0,4630.139,32.34532420023073,-32.69268872095202,32.69268872095202
viterbi_base_model,S-A6,10.0,4640.139,6.616225504485943,-6.562814281622721,6.562814281622721
viterbi_base_model,S-A6,10.0,4650.139,117.29885926691574,-117.33957121927799,117.33957121927799
viterbi_base_model,S-A6,10.0,4660.139,171.5471351553564,-171.66421639229543,171.66421639229543
viterbi_base_model,S-A6,10.0,4670.139,10.075366769394401,-10.259219565396062,10.259219565396062
viterbi_base_model,S-A6,10.0,4680.139,8.95973686801719,-8.256032749438788,8.256032749438788
viterbi_base_model,S-A6,10.0,4690.139,43.60128178760441,-43.618293199844125,43.618293199844125
viterbi_base_model,S-A6,10.0,4700.139,19.016971853586558,-19.105108108885503,19.105108108885503
viterbi_base_model,S-A6,10.0,4710.139,10.75241595181007,-10.934826705400422,10.934826705400422
viterbi_base_model,S-A6,10.0,4720.139,9.608891543501333,-8.897655116775127,8.897655116775127
viterbi_base_model,S-A6,10.0,4730.139,10.10513401170858,-9.939297883152303,9.939297883152303
viterbi_base_model,S-A6,10.0,4740.139,19.464035580704827,-19.473176778973432,19.473176778973432
viterbi_base_model,S-A6,10.0,4750.139,7.011899716352501,-6.934982265776259,6.934982265776259
viterbi_base_model,S-A6,10.0,4760.139,5.360793379919839,-4.473830544842677,4.473830544842677
viterbi_base_model,S-A6,10.0,4770.139,28.715619740213928,-28.12006579321724,28.12006579321724
viterbi_base_model,S-A6,10.0,4780.139,9.498206001572912,9.11127214998631,9.11127214998631
viterbi_base_model,S-A6,10.0,4790.139,15.387096032467884,15.298679858357904,15.298679858357904
viterbi_base_model,S-A6,10.0,4800.139,33.85796885227857,32.848885144488946,32.848885144488946
viterbi_base_model,S-A6,10.0,4810.139,7.969807903293761,7.011633809531887,7.011633809531887
viterbi_base_model,S-A6,10.0,4820.139,31.36990583044925,31.177762574635874,31.177762574635874
viterbi_base_model,S-A6,10.0,4830.139,41.726445673301654,41.45208274455351,41.45208274455351
viterbi_base_model,S-A6,10.0,4840.139,62.78642861349963,60.299739309848874,60.299739309848874
viterbi_base_model,S-A6,10.0,4850.139,52.24111177543267,-53.838284754146386,53.838284754146386
viterbi_base_model,S-A6,10.0,4860.139,2.6635371320902363,-2.235704493834511,2.235704493834511
viterbi_base_model,S-A6,10.0,4870.139,46.847516036455254,-48.785155514967386,48.785155514967386
viterbi_base_model,S-A6,10.0,4880.139,28.615370222618758,-29.754777525402424,29.754777525402424
viterbi_base_model,S-A6,10.0,4890.139,48.33063456381138,-49.55546982079422,49.55546982079422
viterbi_base_model,S-A6,10.0,4900.139,157.60737725907507,-157.7891839959543,157.7891839959543
viterbi_base_model,S-A6,10.0,4910.139,9.975722829483232,-9.305277867654763,9.305277867654763
viterbi_base_model,S-A6,10.0,4920.139,155.8413136360249,-162.2981547385573,162.2981547385573
viterbi_base_model,S-A6,10.0,4930.139,170.83961517973236,-170.88114179449153,170.88114179449153
viterbi_base_model,S-A6,10.0,4940.139,37.927346814368256,37.480365331179925,37.480365331179925
viterbi_base_model,S-A6,10.0,4950.139,15.73951697237113,15.234550464972045,15.234550464972045
viterbi_base_model,S-A6,10.0,4960.139,87.214223862276,-87.52989528177056,87.52989528177056
viterbi_base_model,S-A6,10.0,4970.139,17.731056821121218,17.307970721510472,17.307970721510472
viterbi_base_model,S-A6,10.0,4980.139,9.233441329852662,8.315339420247675,8.315339420247675
viterbi_base_model,S-A6,10.0,4990.139,128.3042771978647,-128.19723229823873,128.19723229823873
viterbi_base_model,S-A6,10.0,5000.139,150.76888355463305,-150.73965461429705,150.73965461429705
viterbi_base_model,S-A6,10.0,5010.139,22.053253796877364,21.938114810207598,21.938114810207598
viterbi_base_model,S-A6,10.0,5020.139,59.71501486975444,59.22492601385194,59.22492601385194
viterbi_base_model,S-A6,10.0,5030.139,5.528204778864063,-5.630883727364463,5.630883727364463
viterbi_base_model,S-A6,10.0,5040.139,24.568061464490906,-24.730020286959753,24.730020286959753
viterbi_base_model,S-A6,10.0,5050.139,73.87468180087035,-73.92617186693083,73.92617186693083
viterbi_base_model,S-A6,10.0,5060.139,72.62289668098681,-72.9687844720631,72.9687844720631
viterbi_base_model,S-A6,10.0,5070.139,26.098376510364034,-26.191076693048956,26.191076693048956
viterbi_base_model,S-A6,10.0,5080.139,68.74203551550431,68.33823619044644,68.33823619044644
viterbi_base_model,S-A6,10.0,5090.139,75.67792181534445,67.66102731306086,67.66102731306086
viterbi_base_model,S-A6,10.0,5560.139,20.541452875618248,-20.665361907682154,20.665361907682154
viterbi_base_model,S-A6,10.0,5570.139,141.95184252801448,141.91728728287907,141.91728728287907
viterbi_base_model,S-A6,10.0,5580.139,77.59675644553735,77.57410823437526,77.57410823437526
viterbi_base_model,S-A6,10.0,5590.139,33.82698410869346,33.65438890628498,33.65438890628498
viterbi_base_model,S-A6,10.0,5600.139,53.447998710964775,52.81485955906346,52.81485955906346
viterbi_base_model,S-A6,10.0,5610.139,56.462822984754496,56.419406342546466,56.419406342546466
viterbi_base_model,S-A6,10.0,5620.139,5.020068945160248,-4.288868920838713,4.288868920838713
viterbi_base_model,S-A6,10.0,5630.139,3.8920849357949527,3.53324510808055,3.53324510808055
viterbi_base_model,S-A6,10.0,5640.139,2.0741695527552055,-2.1873232599401042,2.1873232599401042
viterbi_base_model,S-A6,10.0,5650.139,0.8097932053688867,-0.5072669783121846,0.5072669783121846
viterbi_base_model,S-A6,10.0,5660.139,31.152040715694827,-32.21029586327161,32.21029586327161
viterbi_base_model,S-A6,10.0,5670.139,89.18346617448991,-90.8661247408723,90.8661247408723
viterbi_base_model,S-A6,10.0,5680.139,111.54340391812912,-111.64595459119406,111.64595459119406
viterbi_base_model,S-A6,10.0,5690.139,70.13545709270332,-70.0023243179049,70.0023243179049
viterbi_base_model,S-A6,10.0,5700.139,104.73540975116588,-104.94300381807699,104.94300381807699
viterbi_base_model,S-A6,10.0,5710.139,51.57166877101429,-52.17925551406245,52.17925551406245
viterbi_base_model,S-A6,10.0,5720.139,13.361049103134352,13.25448980332672,13.25448980332672
viterbi_base_model,S-A6,10.0,5730.139,10.505159643199818,-10.227515793405022,10.227515793405022
viterbi_base_model,S-A6,10.0,5740.139,7.081589238314252,6.411792396473896,6.411792396473896
viterbi_base_model,S-A6,10.0,5750.139,68.2220634342401,67.90017432017773,67.90017432017773
viterbi_base_model,S-A6,10.0,5760.139,22.953177764558415,22.591335082169042,22.591335082169042
viterbi_base_model,S-A6,10.0,5770.139,21.706627316407527,20.38662710052047,20.38662710052047
viterbi_base_model,S-A6,10.0,5780.139,15.27221468198839,13.278451732996729,13.278451732996729
viterbi_base_model,S-A6,10.0,5790.139,27.711388908330814,26.450714710750287,26.450714710750287
viterbi_base_model,S-A6,10.0,5800.139,27.236089921698923,26.529925794923713,26.529925794923713
viterbi_base_model,S-A6,10.0,5810.139,11.07756740584464,-11.586190975289211,11.586190975289211
viterbi_base_model,S-A6,10.0,5820.139,39.26354769938956,-39.84061226740418,39.84061226740418
viterbi_base_model,S-A6,10.0,5830.139,31.67488378456229,30.815192410766524,30.815192410766524
viterbi_base_model,S-A6,10.0,5840.139,25.704931119928077,25.409035024788018,25.409035024788018
viterbi_base_model,S-A6,10.0,5850.139,60.27278007191071,60.00498358461769,60.00498358461769
viterbi_base_model,S-A6,10.0,5860.139,49.382739918908456,48.99387535563943,48.99387535563943
viterbi_base_model,S-A6,10.0,5870.139,119.02698026754966,-119.70582181636865,119.70582181636865
viterbi_base_model,S-A6,10.0,5880.139,99.41003100454691,-99.78378102442836,99.78378102442836
viterbi_base_model,S-A6,10.0,5890.139,47.136966399848525,-47.57760583949892,47.57760583949892
viterbi_base_model,S-A6,10.0,5900.139,61.975981097104714,61.57896628726861,61.57896628726861
viterbi_base_model,S-A6,10.0,5910.139,16.83689476290039,-16.34930064871947,16.34930064871947
viterbi_base_model,S-A6,10.0,5920.139,10.617123927225915,9.659307913827739,9.659307913827739
viterbi_base_model,S-A6,10.0,5930.139,90.2908924313936,90.15913035512494,90.15913035512494
viterbi_base_model,S-A6,10.0,5940.139,19.349245522430273,18.393040003581323,18.393040003581323
viterbi_base_model,S-A6,10.0,5950.139,42.33799613983734,40.27360472987474,40.27360472987474
viterbi_base_model,S-A6,10.0,5960.139,48.356897045380116,47.36558885334184,47.36558885334184
viterbi_base_model,S-A6,10.0,5970.139,41.90817549918818,-42.02548742646885,42.02548742646885
viterbi_base_model,S-A6,10.0,5980.139,35.817091970159616,-37.00468553910956,37.00468553910956
viterbi_base_model,S-A6,10.0,5990.139,60.218016938461886,-61.158166031699565,61.158166031699565
viterbi_base_model,S-A6,10.0,6000.139,31.497598464711682,-32.12798181292321,32.12798181292321
viterbi_base_model,S-A6,10.0,6010.139,2.799984392454898,2.7346040854285008,2.7346040854285008
viterbi_base_model,S-A6,10.0,6020.139,178.62056818078423,-179.92724308445054,179.92724308445054
viterbi_base_model,S-A6,10.0,6030.139,149.12563460406966,-149.44624783884896,149.44624783884896
viterbi_base_model,S-A6,10.0,6040.139,205.5701969203038,-207.30307640504307,207.30307640504307
viterbi_base_model,S-A6,10.0,6050.139,72.53152929452968,-72.76226959589681,72.76226959589681
viterbi_base_model,S-A6,10.0,6060.139,62.92839664798268,-63.51227440173928,63.51227440173928
viterbi_base_model,S-A6,10.0,6070.139,3.215815892389194,-2.191008827509254,2.191008827509254
viterbi_base_model,S-A6,10.0,6080.139,19.690108173296437,19.341853552740485,19.341853552740485
viterbi_base_model,S-A6,10.0,6090.139,137.09728355920797,-137.5603785651705,137.5603785651705
viterbi_base_model,S-A6,10.0,6100.139,148.23861273365003,-147.73521249714832,147.73521249714832
viterbi_base_model,S-A6,10.0,6110.139,18.58799748472053,18.373452149920812,18.373452149920812
viterbi_base_model,S-A6,10.0,6120.139,104.3788346517835,-104.42255308164462,104.42255308164462
viterbi_base_model,S-A6,10.0,6130.139,166.97457123245354,-168.09491589459375,168.09491589459375
viterbi_base_model,S-A6,10.0,6140.139,43.13876933684847,40.95712002751163,40.95712002751163
viterbi_base_model,S-A6,10.0,6150.139,92.7183729836981,-92.0340383158717,92.0340383158717
viterbi_base_model,S-A6,10.0,6160.139,211.46045837212236,-213.3699106526326,213.3699106526326
viterbi_base_model,S-A6,10.0,6170.139,143.90595595863238,-144.27451137735073,144.27451137735073
viterbi_base_model,S-A6,10.0,6180.139,35.74929910640817,-35.895075049141184,35.895075049141184
viterbi_base_model,S-A6,10.0,6190.139,177.23794153564575,-177.59754244424988,177.59754244424988
viterbi_base_model,S-A6,10.0,6200.139,218.9903580713402,-219.78873890311417,219.78873890311417
viterbi_base_model,S-A6,10.0,6210.139,122.04054421724777,-122.17985637975194,122.17985637975194
viterbi_base_model,S-A6,10.0,6220.139,142.50836136870805,-143.64484083958558,143.64484083958558
viterbi_base_model,S-A6,10.0,6230.139,10.573769302113002,1.282755229509732,1.282755229509732
viterbi_base_model,S-A6,10.0,6240.139,64.00050510734489,63.57379274302221,63.57379274302221
viterbi_base_model,S-A6,10.0,6250.139,26.554831542789294,-27.172127953726513,27.172127953726513
viterbi_base_model,S-A6,10.0,6260.139,116.13563486302998,-116.0211706097272,116.0211706097272
viterbi_base_model,S-A6,10.0,6270.139,8.611990899989472,6.811712603264915,6.811712603264915
viterbi_base_model,S-A6,10.0,6280.139,109.01130224244493,-109.39154051713525,109.39154051713525
viterbi_base_model,S-A6,10.0,6290.139,45.08807375220092,-45.046419089233886,45.046419089233886
viterbi_base_model,S-A6,10.0,6300.139,54.11940244182232,53.5777064384678,53.5777064384678
viterbi_base_model,S-A6,10.0,6310.139,48.88634523818657,48.393055586969034,48.393055586969034
viterbi_base_model,S-A6,10.0,6320.139,46.44114326409431,45.48309440876484,45.48309440876484
viterbi_base_model,S-A6,10.0,6330.139,2.2475228918495693,-0.07417916236539668,0.07417916236539668
viterbi_base_model,S-A6,10.0,6340.139,22.42522339227388,-22.498361106299456,22.498361106299456
viterbi_base_model,S-A6,10.0,6350.139,28.815571880917435,-28.822443576679124,28.822443576679124
viterbi_base_model,S-A6,10.0,6360.139,9.070286254162138,-8.906973689475926,8.906973689475926
viterbi_base_model,S-A6,10.0,6370.139,14.548878469926208,-14.476611368038267,14.476611368038267
viterbi_base_model,S-A6,10.0,6380.139,14.061080333261026,-13.603360036113603,13.603360036113603
viterbi_base_model,S-A6,10.0,6390.139,50.83341905752479,50.77025729317725,50.77025729317725
viterbi_base_model,S-A6,10.0,6400.139,76.52396971047001,76.46415488308526,76.46415488308526
viterbi_base_model,S-A6,10.0,6410.139,13.086668288675673,12.970808522904388,12.970808522904388
viterbi_base_model,S-A6,10.0,6420.139,58.063549615555225,-58.243162978696105,58.243162978696105
viterbi_base_model,S-A6,10.0,6430.139,56.84679888117452,-57.35057248388334,57.35057248388334
viterbi_base_model,S-A6,10.0,6440.139,5.354985827236533,3.717342758507968,3.717342758507968
viterbi_base_model,S-A6,10.0,6450.139,5.909175194700685,4.425267894926847,4.425267894926847
viterbi_base_model,S-A6,10.0,6460.139,61.277757713347945,-61.4781277831522,61.4781277831522
viterbi_base_model,S-A6,10.0,6470.139,62.36977652526995,-63.29709868545886,63.29709868545886
viterbi_base_model,S-A6,10.0,6480.139,39.024387967867824,-38.73872929120765,38.73872929120765
viterbi_base_model,S-A6,10.0,6490.139,18.751351755847395,-18.839316952622866,18.839316952622866
viterbi_base_model,S-A6,10.0,6500.139,10.73375485539897,-10.562713812757991,10.562713812757991
viterbi_base_model,S-A6,10.0,6510.139,11.78296983247591,10.17897537266817,10.17897537266817
viterbi_base_model,S-A6,10.0,6520.139,5.459511169336164,-5.917506609971177,5.917506609971177
viterbi_base_model,S-A6,10.0,6530.139,45.91922986277135,-46.56840805221988,46.56840805221988
viterbi_base_model,S-A6,10.0,6540.139,38.75872336010946,-38.89904701932092,38.89904701932092
viterbi_base_model,S-A6,10.0,6550.139,22.49210973209431,-22.917391376170354,22.917391376170354
viterbi_base_model,S-A6,10.0,6560.139,65.00645206336252,-64.27929291258867,64.27929291258867
viterbi_base_model,S-A6,10.0,6570.139,14.315099189351072,-13.132537777940126,13.132537777940126
viterbi_base_model,S-A6,10.0,6580.139,10.81948365694546,-10.064171896719657,10.064171896719657
viterbi_base_model,S-A6,10.0,6590.139,9.815514242007643,-9.977788048679631,9.977788048679631
viterbi_base_model,S-A6,10.0,6600.139,40.51935930766319,40.322168654731016,40.322168654731016
viterbi_base_model,S-A6,10.0,6610.139,11.264827219756336,10.63167084598036,10.63167084598036
viterbi_base_model,S-A6,10.0,6620.139,5.010256506702692,2.608155575528034,2.608155575528034
viterbi_base_model,S-A6,10.0,6630.139,8.993857115387318,7.901045731030649,7.901045731030649
viterbi_base_model,S-A6,10.0,6640.139,20.20008093321971,20.033805694214298,20.033805694214298
viterbi_base_model,S-A6,10.0,6650.139,5.787306166039393,4.646452194065645,4.646452194065645
viterbi_base_model,S-A6,10.0,6660.139,16.02276374997783,15.10760047136758,15.10760047136758
viterbi_base_model,S-A6,10.0,6670.139,23.527100729190995,20.266505209232847,20.266505209232847
viterbi_base_model,S-A6,10.0,6680.139,41.37398666281525,39.0291578048393,39.0291578048393
viterbi_base_model,S-A6,10.0,6690.139,37.14837588390385,34.24401994808977,34.24401994808977
viterbi_base_model,S-A6,10.0,6700.139,25.52764849103323,21.251334790188434,21.251334790188434
viterbi_base_model,S-A6,10.0,6710.139,3.369940866824255,0.43041021182734696,0.43041021182734696
viterbi_base_model,S-A6,10.0,6720.139,31.364735893830087,-32.017155172398525,32.017155172398525
viterbi_base_model,S-A6,10.0,6730.139,30.16245675718456,26.430632415135033,26.430632415135033
viterbi_base_model,S-A6,10.0,6740.139,27.373010010493378,25.746402187416106,25.746402187416106
viterbi_base_model,S-A6,10.0,6750.139,8.7977777108976,-7.042966223989783,7.042966223989783
viterbi_base_model,S-A6,10.0,6760.139,40.639064847879126,-40.61445892705109,40.61445892705109
viterbi_base_model,S-A6,10.0,6770.139,31.252372480393937,14.510252755500648,14.510252755500648
viterbi_base_model,S-A6,10.0,6780.139,85.03463198433244,84.92847186996369,84.92847186996369
viterbi_base_model,S-A6,10.0,6790.139,61.69624588047971,61.669747458785366,61.669747458785366
viterbi_base_model,S-A6,10.0,6800.139,15.040993980224988,-15.32295646659762,15.32295646659762
viterbi_base_model,S-A6,10.0,6810.139,101.97919123776967,-102.07392627596566,102.07392627596566
viterbi_base_model,S-A6,10.0,6820.139,64.19092328662681,-64.08694100751009,64.08694100751009
viterbi_base_model,S-A6,10.0,6830.139,109.38808693397071,-109.2653116687046,109.2653116687046
viterbi_base_model,S-A6,10.0,6840.139,41.92592265853364,-42.03891843925341,42.03891843925341
viterbi_base_model,S-A6,10.0,6850.139,24.630648692127153,-24.213722518320775,24.213722518320775
viterbi_base_model,S-A6,10.0,6860.139,69.45255739430166,-69.70288067344984,69.70288067344984
viterbi_base_model,S-A6,10.0,6870.139,11.680741505037497,-10.939802260956068,10.939802260956068
viterbi_base_model,S-A6,10.0,6880.139,87.66330284866852,-87.87932601470303,87.87932601470303
viterbi_base_model,S-A6,10.0,6890.139,25.513890944454108,-25.618125181881197,25.618125181881197
viterbi_base_model,S-A6,10.0,6900.139,46.38946706819914,45.414554868079385,45.414554868079385
viterbi_base_model,S-A6,10.0,6910.139,32.09501164309735,30.91941179488866,30.91941179488866
viterbi_base_model,S-A6,10.0,6920.139,101.22006389885229,100.83004162125096,100.83004162125096
viterbi_base_model,S-A6,10.0,6930.139,208.82114441469508,206.6821657878018,206.6821657878018
viterbi_base_model,S-A6,10.0,6940.139,124.08710329985773,170.9985791656132,170.9985791656132
viterbi_base_model,S-A6,10.0,6950.139,82.19750027061046,10.86214135097611,10.86214135097611
viterbi_base_model,S-A6,10.0,6960.139,34.8257784170115,-37.94195884543551,37.94195884543551
viterbi_base_model,S-A6,10.0,6970.139,8.890781547391326,-9.541483442644058,9.541483442644058
viterbi_base_model,S-A6,10.0,6980.139,57.93100797434985,56.15023738624269,56.15023738624269
viterbi_base_model,S-A6,10.0,6990.139,82.20152245189733,-79.7231123080565,79.7231123080565
viterbi_base_model,S-A6,10.0,7000.139,8.131484894018792,-8.11239885918226,8.11239885918226
viterbi_base_model,S-A6,10.0,7010.139,85.57605534829109,85.11478101066065,85.11478101066065
viterbi_base_model,S-A6,10.0,7020.139,48.30227090577728,48.02704724948882,48.02704724948882
viterbi_base_model,S-A6,10.0,7030.139,103.49752800797026,102.34650628983684,102.34650628983684
viterbi_base_model,S-A6,10.0,7040.139,63.76293821650309,62.658884005779456,62.658884005779456
viterbi_base_model,S-A6,10.0,7050.139,59.09435890952183,-54.85350252714819,54.85350252714819
viterbi_base_model,S-A6,10.0,7060.139,99.01552268469575,-99.39550714818097,99.39550714818097
viterbi_base_model,S-A6,10.0,7070.139,57.103102756170024,52.12919256242181,52.12919256242181
viterbi_base_model,S-A6,10.0,7080.139,8.441431597553398,7.579410874739789,7.579410874739789
viterbi_base_model,S-A6,10.0,7090.139,67.01306699571262,66.87318051209297,66.87318051209297
viterbi_base_model,S-A6,10.0,7100.139,82.04675346275168,81.5062167789379,81.5062167789379
viterbi_base_model,S-A6,10.0,7110.139,112.51231332103936,111.46246930673388,111.46246930673388
viterbi_base_model,S-A6,10.0,7120.139,95.51734207209762,95.15350156773884,95.15350156773884
viterbi_base_model,S-A6,10.0,7130.139,67.0590704713582,66.53035053135005,66.53035053135005
viterbi_base_model,S-A6,10.0,7140.139,76.55378492976847,76.10920087886471,76.10920087886471
viterbi_base_model,S-A6,10.0,7150.139,37.626717321050165,37.53834819769071,37.53834819769071
viterbi_base_model,S-A6,10.0,7160.139,121.44332317400789,-123.89281341052072,123.89281341052072
viterbi_base_model,S-A6,10.0,7170.139,191.29832480360284,-191.9475953944544,191.9475953944544
viterbi_base_model,S-A6,10.0,7180.139,155.40730564127688,-157.95155839678736,157.95155839678736
viterbi_base_model,S-A6,10.0,7190.139,88.59327823833418,-90.37535686179854,90.37535686179854
viterbi_base_model,S-A6,10.0,7200.139,165.70930053405877,-165.57618274373735,165.57618274373735
viterbi_base_model,S-A6,10.0,7210.139,38.31387943127079,-39.82110629642412,39.82110629642412
viterbi_base_model,S-A6,10.0,7220.139,28.871857883338127,-29.0334067581695,29.0334067581695
viterbi_base_model,S-A6,10.0,7230.139,8.639733745508474,-8.661283685885582,8.661283685885582
viterbi_base_model,S-A6,10.0,7240.139,30.773514105006157,30.604457628383035,30.604457628383035
viterbi_base_model,S-A6,10.0,7250.139,12.247611382861233,12.045222518809151,12.045222518809151
viterbi_base_model,S-A6,10.0,7260.139,41.09832106926078,-41.098228388960734,41.098228388960734
viterbi_base_model,S-A6,10.0,7270.139,15.639334386066286,-16.83275624639692,16.83275624639692
viterbi_base_model,S-A6,10.0,7280.139,117.97259550682482,-119.0347868348372,119.0347868348372
viterbi_base_model,S-A6,10.0,7290.139,19.881092335644272,-20.03310934556752,20.03310934556752
viterbi_base_model,S-A6,10.0,7300.139,32.17823241887963,31.704697919857136,31.704697919857136
viterbi_base_model,S-A6,10.0,7310.139,44.61977318350159,-44.42786195491219,44.42786195491219
viterbi_base_model,S-A6,10.0,7320.139,59.86462788307183,-60.71639285193294,60.71639285193294
viterbi_base_model,S-A6,10.0,7330.139,46.41965547587999,-46.732649843362374,46.732649843362374
viterbi_base_model,S-A6,10.0,7340.139,59.98355568540975,-60.86731640258428,60.86731640258428
viterbi_base_model,S-A6,10.0,7350.139,39.29810841008839,-39.50969314031028,39.50969314031028
viterbi_base_model,S-A6,10.0,7360.139,106.83623489597417,-106.73908436702234,106.73908436702234
viterbi_base_model,S-A6,10.0,7370.139,3.698935334956704,-2.961148843929191,2.961148843929191
viterbi_base_model,S-A6,10.0,7380.139,29.83062236758301,27.83882159449521,27.83882159449521
viterbi_base_model,S-A6,10.0,7390.139,6.700191771632598,-0.5979872431466262,0.5979872431466262
viterbi_base_model,S-A6,10.0,7400.139,4.990303229926359,-3.2614995475427726,3.2614995475427726
viterbi_base_model,S-A6,10.0,7410.139,22.556973435396376,21.7400651490648,21.7400651490648
viterbi_base_model,S-A6,10.0,7420.139,11.178776869486562,10.921224225896514,10.921224225896514
viterbi_base_model,S-A6,10.0,7430.139,32.89601938325372,35.78281175404351,35.78281175404351
viterbi_base_model,S-A6,10.0,7440.139,34.554454692062365,6.041028396201027,6.041028396201027
viterbi_base_model,S-A6,10.0,7450.139,115.41858814889608,-66.99302180093308,66.99302180093308
viterbi_base_model,S-A6,10.0,7460.139,99.8623482269731,-103.24470626538887,103.24470626538887
viterbi_base_model,S-A6,10.0,7470.139,18.695945318219856,17.938186007081846,17.938186007081846
viterbi_base_model,S-A6,10.0,7480.139,10.783948149455243,-12.574843198196206,12.574843198196206
viterbi_base_model,S-A6,10.0,7490.139,14.855203986606636,-16.042880380081666,16.042880380081666
viterbi_base_model,S-A6,10.0,7500.139,65.69122559631256,65.11735121287735,65.11735121287735
viterbi_base_model,S-A6,10.0,7510.139,37.635793256441836,36.81533721538691,36.81533721538691
viterbi_base_model,S-A6,10.0,7520.139,33.40581879389177,-33.25107688407279,33.25107688407279
viterbi_base_model,S-A6,10.0,7530.139,36.47009781435223,-36.683710807353776,36.683710807353776
viterbi_base_model,S-A6,10.0,7540.139,65.94835057716122,65.80418626354017,65.80418626354017
viterbi_base_model,S-A6,10.0,7550.139,81.83620580568088,-83.0890988701628,83.0890988701628
viterbi_base_model,S-A6,10.0,7560.139,94.82334333960861,-95.04011163398236,95.04011163398236
viterbi_base_model,S-A6,10.0,7570.139,2.825197153374618,-2.5612258096914715,2.5612258096914715
viterbi_base_model,S-A6,10.0,7580.139,92.73105181819682,30.707746400498337,30.707746400498337
viterbi_base_model,S-A6,10.0,7590.139,46.22352095167372,-42.15291846119771,42.15291846119771
viterbi_base_model,S-A6,10.0,7600.139,80.31848634116724,-80.78874513418421,80.78874513418421
viterbi_base_model,S-A6,10.0,7610.139,27.21241013548198,25.761632606716905,25.761632606716905
viterbi_base_model,S-A6,10.0,7620.139,7.4339942038913085,-8.031180978017769,8.031180978017769
viterbi_base_model,S-A6,10.0,7630.139,1.3404299826248585,-0.8447177573996036,0.8447177573996036
viterbi_base_model,S-A6,10.0,7640.139,82.24499375401447,-80.08428646329195,80.08428646329195
viterbi_base_model,S-A6,10.0,7660.139,111.12594838056133,110.6210707280993,110.6210707280993
viterbi_base_model,S-A6,10.0,7670.139,37.908573594103736,32.81336084309035,32.81336084309035
viterbi_base_model,S-A6,10.0,7690.139,9.328668855211731,-3.8585200117608167,3.8585200117608167
viterbi_base_model,S-A6,10.0,7700.139,15.978996491464994,-16.770350762203527,16.770350762203527
viterbi_base_model,S-A6,10.0,7740.139,35.12477312118778,7.036033532309959,7.036033532309959
viterbi_base_model,S-A6,10.0,7770.139,65.04932162893547,64.95023367115762,64.95023367115762
viterbi_base_model,S-A6,10.0,7780.139,70.11038443702041,-71.72870449313244,71.72870449313244
viterbi_base_model,S-A6,10.0,7790.139,48.81929936842233,47.65043498071002,47.65043498071002
viterbi_base_model,S-A6,10.0,7800.139,19.625949981973022,-19.50365664963242,19.50365664963242
viterbi_base_model,S-A6,10.0,7810.139,15.396001349246323,14.940343162465865,14.940343162465865
viterbi_base_model,S-A6,10.0,7820.139,23.199546447035967,19.745258672798386,19.745258672798386
viterbi_base_model,S-A6,10.0,7830.139,21.871444547553864,-21.077818809236817,21.077818809236817
viterbi_base_model,S-A6,10.0,7840.139,7.850915475071416,7.275942882942932,7.275942882942932
viterbi_base_model,S-A6,10.0,7850.139,6.928767103147993,-7.8253419412696275,7.8253419412696275
viterbi_base_model,S-A6,10.0,7860.139,38.742746091238374,-39.12838691808998,39.12838691808998
viterbi_base_model,S-A6,10.0,7870.139,54.9731052216641,50.88858915677726,50.88858915677726
viterbi_base_model,S-A6,10.0,7880.139,7.234828157199609,-6.866719178821474,6.866719178821474
viterbi_base_model,S-A6,10.0,7890.139,6.068217027196758,-5.592252734948216,5.592252734948216
viterbi_base_model,S-A6,10.0,7900.139,58.230262529762925,-59.76689996402635,59.76689996402635
viterbi_base_model,S-A6,10.0,7910.139,88.89523238995477,-90.7410221113117,90.7410221113117
viterbi_base_model,S-A6,10.0,7920.139,61.728903240986945,-61.87447045358338,61.87447045358338
viterbi_base_model,S-A6,10.0,7930.139,73.11896121900898,-75.4370874627908,75.4370874627908
viterbi_base_model,S-A6,10.0,7940.139,90.5840711034219,-74.18751808403783,74.18751808403783
viterbi_base_model,S-A6,10.0,7950.139,84.83439337216032,-87.03120506531171,87.03120506531171
viterbi_base_model,S-A6,10.0,7960.139,80.81216987183268,-82.92603668019203,82.92603668019203
viterbi_base_model,S-A6,10.0,7970.139,7.409983556005566,-7.234925929671444,7.234925929671444
viterbi_base_model,S-A6,10.0,7980.139,74.98879322436231,73.72519834489124,73.72519834489124
viterbi_base_model,S-A6,10.0,7990.139,34.893328259574325,-35.82596559092703,35.82596559092703
viterbi_base_model,S-A6,10.0,8000.139,32.48373637101143,-33.242587076633924,33.242587076633924
viterbi_base_model,S-A6,10.0,8010.139,59.44230301579816,-59.45783824342946,59.45783824342946
viterbi_base_model,S-A6,10.0,8020.139,51.54100506509247,-51.864374482495386,51.864374482495386
viterbi_base_model,S-A6,10.0,8030.139,21.20637761077363,-21.600197551653636,21.600197551653636
viterbi_base_model,S-A6,10.0,8040.139,132.02009576000708,108.91792994626023,108.91792994626023
viterbi_base_model,S-A6,10.0,8050.139,31.321800710948278,51.40393142374688,51.40393142374688
viterbi_base_model,S-A6,10.0,8060.139,25.10975352354142,22.354132532061797,22.354132532061797
viterbi_base_model,S-A6,10.0,8100.139,16.477771203536236,-10.014729063176029,10.014729063176029
viterbi_base_model,S-A6,10.0,8110.139,100.61655049904824,100.66853159442365,100.66853159442365
viterbi_base_model,S-A6,10.0,8120.139,93.03783659695449,92.7471344289164,92.7471344289164
viterbi_base_model,S-A6,10.0,8130.139,82.64460625302422,79.28778680517678,79.28778680517678
viterbi_base_model,S-A6,30.0,30.139,142.59541570106668,60.72739371089905,60.72739371089905
viterbi_base_model,S-A6,30.0,90.139,135.1933088963086,124.75200399764356,124.75200399764356
viterbi_base_model,S-A6,30.0,120.139,8.651648302732987,3.872592099553092,3.872592099553092
viterbi_base_model,S-A6,30.0,150.139,141.24059570212108,140.8887267692622,140.8887267692622
viterbi_base_model,S-A6,30.0,180.139,159.37480855670248,154.26367872606812,154.26367872606812
viterbi_base_model,S-A6,30.0,210.139,210.23527042646674,-161.82740696579148,161.82740696579148
viterbi_base_model,S-A6,30.0,240.139,95.35244116162987,94.02705001526775,94.02705001526775
viterbi_base_model,S-A6,30.0,270.139,67.85542972097463,66.56038510042214,66.56038510042214
viterbi_base_model,S-A6,30.0,300.139,174.23855952218926,172.34134054026163,172.34134054026163
viterbi_base_model,S-A6,30.0,330.139,119.8370960489626,118.64667612381629,118.64667612381629
viterbi_base_model,S-A6,30.0,360.139,138.45654134720564,132.33819665269527,132.33819665269527
viterbi_base_model,S-A6,30.0,390.139,37.58641871355712,-48.58326765112513,48.58326765112513
viterbi_base_model,S-A6,30.0,420.139,94.56736774713703,92.03930410581668,92.03930410581668
viterbi_base_model,S-A6,30.0,450.139,0.43604533620142666,-0.36919333970461565,0.36919333970461565
viterbi_base_model,S-A6,30.0,480.139,36.222801687090566,-39.111056419170566,39.111056419170566
viterbi_base_model,S-A6,30.0,510.139,53.61414472480251,41.45855582259524,41.45855582259524
viterbi_base_model,S-A6,30.0,540.139,107.42842238868229,103.59911291393821,103.59911291393821
viterbi_base_model,S-A6,30.0,570.139,105.06202847132376,104.61919976015133,104.61919976015133
viterbi_base_model,S-A6,30.0,600.139,142.27973721265934,141.11522995241532,141.11522995241532
viterbi_base_model,S-A6,30.0,630.139,86.11330851315734,85.51756421086033,85.51756421086033
viterbi_base_model,S-A6,30.0,660.139,80.03386112598783,79.37807790581138,79.37807790581138
viterbi_base_model,S-A6,30.0,690.139,213.3022599210214,210.50469979626558,210.50469979626558
viterbi_base_model,S-A6,30.0,720.139,141.99737987678074,141.65164820830927,141.65164820830927
viterbi_base_model,S-A6,30.0,750.139,3.474098280750439,-4.651950533629865,4.651950533629865
viterbi_base_model,S-A6,30.0,780.139,6.436157553126875,-5.995396152027013,5.995396152027013
viterbi_base_model,S-A6,30.0,810.139,59.192446577702995,58.546693279542964,58.546693279542964
viterbi_base_model,S-A6,30.0,840.139,32.43311520517461,31.492988242351455,31.492988242351455
viterbi_base_model,S-A6,30.0,870.139,1.8972053203994088,1.2302866720626042,1.2302866720626042
viterbi_base_model,S-A6,30.0,900.139,100.01267771729316,99.90052992425234,99.90052992425234
viterbi_base_model,S-A6,30.0,930.139,102.15785783125563,101.64979097234107,101.64979097234107
viterbi_base_model,S-A6,30.0,960.139,269.33904544716285,268.9498008566327,268.9498008566327
viterbi_base_model,S-A6,30.0,990.139,161.61814131166548,161.12507607098263,161.12507607098263
viterbi_base_model,S-A6,30.0,1020.139,202.85997398395236,202.67776347123274,202.67776347123274
viterbi_base_model,S-A6,30.0,1050.1390000000001,158.22098410703543,157.96302894028932,157.96302894028932
viterbi_base_model,S-A6,30.0,1080.1390000000001,80.73245324534645,-81.89857670499408,81.89857670499408
viterbi_base_model,S-A6,30.0,1110.1390000000001,34.62557342842201,-35.66798274156426,35.66798274156426
viterbi_base_model,S-A6,30.0,1140.1390000000001,156.96259517747646,-157.65004417288765,157.65004417288765
viterbi_base_model,S-A6,30.0,1170.1390000000001,33.091251830878235,-33.399722591737195,33.399722591737195
viterbi_base_model,S-A6,30.0,1200.1390000000001,268.8458240151661,267.2413805063879,267.2413805063879
viterbi_base_model,S-A6,30.0,1230.1390000000001,202.7772237104046,202.14944504032167,202.14944504032167
viterbi_base_model,S-A6,30.0,1260.1390000000001,138.40844501285807,137.6541253641419,137.6541253641419
viterbi_base_model,S-A6,30.0,1290.1390000000001,38.12508612246646,37.44099611273519,37.44099611273519
viterbi_base_model,S-A6,30.0,1320.1390000000001,143.00977124008375,142.67223911502205,142.67223911502205
viterbi_base_model,S-A6,30.0,1350.1390000000001,215.77749293276628,214.74822053590077,214.74822053590077
viterbi_base_model,S-A6,30.0,1380.1390000000001,173.95583073764286,-174.29448614050767,174.29448614050767
viterbi_base_model,S-A6,30.0,1410.1390000000001,36.999570901092085,34.368242206596314,34.368242206596314
viterbi_base_model,S-A6,30.0,1440.1390000000001,107.0172365060649,106.48212405199864,106.48212405199864
viterbi_base_model,S-A6,30.0,1470.1390000000001,141.3644066835938,-141.32040581935303,141.32040581935303
viterbi_base_model,S-A6,30.0,1500.1390000000001,231.88984266585206,-233.09446965620089,233.09446965620089
viterbi_base_model,S-A6,30.0,1530.1390000000001,130.24378529176,-130.25114356453815,130.25114356453815
viterbi_base_model,S-A6,30.0,1560.1390000000001,115.0067533204552,115.14930249877341,115.14930249877341
viterbi_base_model,S-A6,30.0,1590.1390000000001,21.4416154894766,20.708623169888526,20.708623169888526
viterbi_base_model,S-A6,30.0,1620.1390000000001,128.98718965281452,128.1906366393812,128.1906366393812
viterbi_base_model,S-A6,30.0,1650.1390000000001,71.10343697382903,-70.70934250612906,70.70934250612906
viterbi_base_model,S-A6,30.0,1680.1390000000001,16.786809004164986,15.552771850917253,15.552771850917253
viterbi_base_model,S-A6,30.0,1710.1390000000001,110.40661640324782,110.04825796083576,110.04825796083576
viterbi_base_model,S-A6,30.0,1740.1390000000001,43.49699938480292,-44.485069371665645,44.485069371665645
viterbi_base_model,S-A6,30.0,1770.1390000000001,9.637061162352582,-7.661374753375014,7.661374753375014
viterbi_base_model,S-A6,30.0,1800.1390000000001,10.625313930264191,-10.168534167491725,10.168534167491725
viterbi_base_model,S-A6,30.0,1830.1390000000001,73.27731620381134,72.70117920165332,72.70117920165332
viterbi_base_model,S-A6,30.0,1860.1390000000001,57.60782610819477,57.84655871247594,57.84655871247594
viterbi_base_model,S-A6,30.0,1890.1390000000001,37.76306009902534,-39.62589503354644,39.62589503354644
viterbi_base_model,S-A6,30.0,1920.1390000000001,219.3981330683783,-219.7882771080985,219.7882771080985
viterbi_base_model,S-A6,30.0,1950.1390000000001,433.5732441253792,-439.5392930567458,439.5392930567458
viterbi_base_model,S-A6,30.0,1980.1390000000001,192.71601093026027,-197.26914791935533,197.26914791935533
viterbi_base_model,S-A6,30.0,2010.1390000000001,203.91857711443808,-205.90615596989005,205.90615596989005
viterbi_base_model,S-A6,30.0,2040.1390000000001,196.4989947772223,-197.0762410634277,197.0762410634277
viterbi_base_model,S-A6,30.0,2070.139,119.96370522514599,118.67288207157256,118.67288207157256
viterbi_base_model,S-A6,30.0,2100.139,35.75907999583719,31.507916618190723,31.507916618190723
viterbi_base_model,S-A6,30.0,2130.139,103.7996524085548,103.4414330825322,103.4414330825322
viterbi_base_model,S-A6,30.0,2160.139,421.5064886870996,-426.737208186982,426.737208186982
viterbi_base_model,S-A6,30.0,2190.139,209.56730668124052,-212.70046045818663,212.70046045818663
viterbi_base_model,S-A6,30.0,2220.139,377.243667088757,-382.64587306558536,382.64587306558536
viterbi_base_model,S-A6,30.0,2250.139,356.5653405754445,-362.56491882803505,362.56491882803505
viterbi_base_model,S-A6,30.0,2280.139,462.3470182866416,-483.78965136080114,483.78965136080114
viterbi_base_model,S-A6,30.0,2310.139,347.38743008881397,-350.0418962869193,350.0418962869193
viterbi_base_model,S-A6,30.0,2340.139,144.19257838530143,-145.5801871624989,145.5801871624989
viterbi_base_model,S-A6,30.0,2370.139,275.808391696658,-276.10259945364214,276.10259945364214
viterbi_base_model,S-A6,30.0,2400.139,25.68452643118317,-24.471889238240404,24.471889238240404
viterbi_base_model,S-A6,30.0,2430.139,48.94308296060393,-48.740143089724924,48.740143089724924
viterbi_base_model,S-A6,30.0,2460.139,292.47327292581775,-294.242925106184,294.242925106184
viterbi_base_model,S-A6,30.0,2490.139,34.219411201552525,-35.11788718920279,35.11788718920279
viterbi_base_model,S-A6,30.0,2520.139,102.2791134715025,103.33483159812646,103.33483159812646
viterbi_base_model,S-A6,30.0,2550.139,127.1187871614114,-127.63940334915591,127.63940334915591
viterbi_base_model,S-A6,30.0,2580.139,218.00729449749682,-220.16938330897557,220.16938330897557
viterbi_base_model,S-A6,30.0,2610.139,39.817463885833746,39.53576818643604,39.53576818643604
viterbi_base_model,S-A6,30.0,2640.139,75.42577672413228,75.66513891762466,75.66513891762466
viterbi_base_model,S-A6,30.0,2670.139,32.33879896855433,-32.40226185405439,32.40226185405439
viterbi_base_model,S-A6,30.0,2700.139,119.15767633514157,-120.74115792506052,120.74115792506052
viterbi_base_model,S-A6,30.0,2730.139,125.73901604451622,-127.16472630091029,127.16472630091029
viterbi_base_model,S-A6,30.0,2760.139,247.68983035836018,-246.87530637329345,246.87530637329345
viterbi_base_model,S-A6,30.0,2790.139,200.23867503592052,-201.12782535172613,201.12782535172613
viterbi_base_model,S-A6,30.0,2820.139,15.154786005396438,-15.344397320066214,15.344397320066214
viterbi_base_model,S-A6,30.0,2850.139,77.14836413089532,-77.28048468886834,77.28048468886834
viterbi_base_model,S-A6,30.0,2880.139,98.57348993830911,-98.77861215645669,98.77861215645669
viterbi_base_model,S-A6,30.0,2910.139,28.91049654374796,28.862412074422664,28.862412074422664
viterbi_base_model,S-A6,30.0,2940.139,52.83031114539376,51.89592626471128,51.89592626471128
viterbi_base_model,S-A6,30.0,2970.139,166.51525960632486,-167.79009060059906,167.79009060059906
viterbi_base_model,S-A6,30.0,3000.139,22.050309223023305,-23.127138001743386,23.127138001743386
viterbi_base_model,S-A6,30.0,3030.139,103.75038733090672,-104.79682906578424,104.79682906578424
viterbi_base_model,S-A6,30.0,3060.139,332.89508949593176,-333.8468676699639,333.8468676699639
viterbi_base_model,S-A6,30.0,3090.139,249.85931704241452,-252.08610890652224,252.08610890652224
viterbi_base_model,S-A6,30.0,3120.139,293.0306812444955,-294.2355832857502,294.2355832857502
viterbi_base_model,S-A6,30.0,3150.139,62.72067665964421,-63.07543426015959,63.07543426015959
viterbi_base_model,S-A6,30.0,3180.139,59.259300613806566,59.67486226594612,59.67486226594612
viterbi_base_model,S-A6,30.0,3210.139,302.3136775883094,-306.6953469033349,306.6953469033349
viterbi_base_model,S-A6,30.0,3240.139,86.44592043401725,-86.93501226441636,86.93501226441636
viterbi_base_model,S-A6,30.0,3270.139,203.40275226825554,-206.17597829499053,206.17597829499053
viterbi_base_model,S-A6,30.0,3300.139,312.9312151276111,-314.4969519934972,314.4969519934972
viterbi_base_model,S-A6,30.0,3330.139,142.53957878079873,-142.60385742917586,142.60385742917586
viterbi_base_model,S-A6,30.0,3360.139,203.40586555584926,-208.4502767104299,208.4502767104299
viterbi_base_model,S-A6,30.0,3390.139,286.7839951489061,-286.57767837508374,286.57767837508374
viterbi_base_model,S-A6,30.0,3420.139,384.66573496368056,-386.5810421513241,386.5810421513241
viterbi_base_model,S-A6,30.0,3450.139,361.7020808138606,-366.2680990670363,366.2680990670363
viterbi_base_model,S-A6,30.0,3480.139,167.32870258556574,-167.65112114775437,167.65112114775437
viterbi_base_model,S-A6,30.0,3510.139,305.6609529968466,-306.0440539715422,306.0440539715422
viterbi_base_model,S-A6,30.0,3540.139,311.13891304395287,-313.11940132372183,313.11940132372183
viterbi_base_model,S-A6,30.0,3570.139,16.179206402865834,13.746096082029904,13.746096082029904
viterbi_base_model,S-A6,30.0,3600.139,42.76751136795205,41.92619618419438,41.92619618419438
viterbi_base_model,S-A6,30.0,3630.139,81.99651705359368,-82.38453834089086,82.38453834089086
viterbi_base_model,S-A6,30.0,3660.139,10.120911973674522,-10.822929094162863,10.822929094162863
viterbi_base_model,S-A6,30.0,3690.139,6.7096758245441,-6.774666695161567,6.774666695161567
viterbi_base_model,S-A6,30.0,3720.139,397.342231910346,-400.5579687741303,400.5579687741303
viterbi_base_model,S-A6,30.0,3750.139,226.12639035464616,-227.10149543287696,227.10149543287696
viterbi_base_model,S-A6,30.0,3780.139,329.29538003100834,-331.3860686880935,331.3860686880935
viterbi_base_model,S-A6,30.0,3810.139,81.6462754521861,-82.30451171198504,82.30451171198504
viterbi_base_model,S-A6,30.0,3840.139,80.55317336036504,80.19122663674796,80.19122663674796
viterbi_base_model,S-A6,30.0,3870.139,69.44484858609961,68.57534731869899,68.57534731869899
viterbi_base_model,S-A6,30.0,3900.139,163.227045366028,162.56919505970987,162.56919505970987
viterbi_base_model,S-A6,30.0,3930.139,155.99444044629433,155.7376497959001,155.7376497959001
viterbi_base_model,S-A6,30.0,3960.139,186.23526316800732,186.14810400153968,186.14810400153968
viterbi_base_model,S-A6,30.0,3990.139,34.46119199085388,33.30202136665915,33.30202136665915
viterbi_base_model,S-A6,30.0,4020.139,36.79999979849803,-37.387295225500324,37.387295225500324
viterbi_base_model,S-A6,30.0,4050.139,39.955864144215674,-39.682338024080096,39.682338024080096
viterbi_base_model,S-A6,30.0,4080.139,32.67767093316483,-32.16701501708586,32.16701501708586
viterbi_base_model,S-A6,30.0,4110.139,112.31932314144633,111.47586929121667,111.47586929121667
viterbi_base_model,S-A6,30.0,4140.139,51.84298081904853,-52.706812185493916,52.706812185493916
viterbi_base_model,S-A6,30.0,4170.139,113.21199976563413,-113.30344211701708,113.30344211701708
viterbi_base_model,S-A6,30.0,4200.139,161.03520114193688,-161.04945156145624,161.04945156145624
viterbi_base_model,S-A6,30.0,4230.139,54.386669770101264,54.06127749457598,54.06127749457598
viterbi_base_model,S-A6,30.0,4260.139,46.95046985702412,-47.46701777686843,47.46701777686843
viterbi_base_model,S-A6,30.0,4290.139,303.6047473907993,-305.2267743733581,305.2267743733581
viterbi_base_model,S-A6,30.0,4320.139,290.3300847463086,-293.60835905015114,293.60835905015114
viterbi_base_model,S-A6,30.0,4350.139,91.8182514817446,-92.31960441938523,92.31960441938523
viterbi_base_model,S-A6,30.0,4380.139,6.442996183941538,-7.490260953746009,7.490260953746009
viterbi_base_model,S-A6,30.0,4410.139,93.3678000030457,93.35421426218792,93.35421426218792
viterbi_base_model,S-A6,30.0,4440.139,92.00001978298612,-92.46932429463051,92.46932429463051
viterbi_base_model,S-A6,30.0,4470.139,114.19757824480577,-114.43715819682738,114.43715819682738
viterbi_base_model,S-A6,30.0,4500.139,110.60182876909023,109.9262465867956,109.9262465867956
viterbi_base_model,S-A6,30.0,4530.139,12.763103763248145,-13.27525202724133,13.27525202724133
viterbi_base_model,S-A6,30.0,4560.139,269.11605784788486,266.7110684453602,266.7110684453602
viterbi_base_model,S-A6,30.0,4590.139,327.19649085761506,326.36144252265433,326.36144252265433
viterbi_base_model,S-A6,30.0,4620.139,88.02724115661154,-88.09874567558757,88.09874567558757
viterbi_base_model,S-A6,30.0,4650.139,299.28174301069663,-299.27007928343613,299.27007928343613
viterbi_base_model,S-A6,30.0,4680.139,70.17446694797638,-70.977055969296,70.977055969296
viterbi_base_model,S-A6,30.0,4710.139,29.369693524133844,-29.771804270681123,29.771804270681123
viterbi_base_model,S-A6,30.0,4740.139,30.65832953831422,-30.87574484818572,30.87574484818572
viterbi_base_model,S-A6,30.0,4770.139,5.643581248240848,-3.7102308114050686,3.7102308114050686
viterbi_base_model,S-A6,30.0,4800.139,72.51884887664005,71.03816696292404,71.03816696292404
viterbi_base_model,S-A6,30.0,4830.139,51.85739998715451,47.857263675447925,47.857263675447925
viterbi_base_model,S-A6,30.0,4860.139,76.28587676861618,-80.7729480354777,80.7729480354777
viterbi_base_model,S-A6,30.0,4890.139,214.23894772822322,-216.6295447037045,216.6295447037045
viterbi_base_model,S-A6,30.0,4920.139,287.01680306514703,-295.75042329805325,295.75042329805325
viterbi_base_model,S-A6,30.0,4950.139,53.96824247227443,-54.99221808757101,54.99221808757101
viterbi_base_model,S-A6,30.0,4980.139,271.6245370129385,-270.61577440444694,270.61577440444694
viterbi_base_model,S-A6,30.0,5010.139,76.3063810753304,75.53239194565123,75.53239194565123
viterbi_base_model,S-A6,30.0,5040.139,171.21821735803564,-171.60917531967135,171.60917531967135
viterbi_base_model,S-A6,30.0,5070.139,118.79606449272516,109.83382968409474,109.83382968409474
viterbi_base_model,S-A6,30.0,5580.139,164.5278498376119,164.05115759815783,164.05115759815783
viterbi_base_model,S-A6,30.0,5610.139,55.94536103627508,55.66637267873834,55.66637267873834
viterbi_base_model,S-A6,30.0,5640.139,33.86535542043744,-34.90275215504604,34.90275215504604
viterbi_base_model,S-A6,30.0,5670.139,269.77038367178244,-272.5164476788494,272.5164476788494
viterbi_base_model,S-A6,30.0,5700.139,143.10396625670253,-143.8795598930357,143.8795598930357
viterbi_base_model,S-A6,30.0,5730.139,64.57180497813471,64.08463856779456,64.08463856779456
viterbi_base_model,S-A6,30.0,5760.139,58.04124305345441,56.25542079937082,56.25542079937082
viterbi_base_model,S-A6,30.0,5790.139,43.5356156947935,41.38234441634796,41.38234441634796
viterbi_base_model,S-A6,30.0,5820.139,19.163680322763554,16.37676377364367,16.37676377364367
viterbi_base_model,S-A6,30.0,5850.139,8.95582397000427,-10.712929100530244,10.712929100530244
viterbi_base_model,S-A6,30.0,5880.139,84.08495518913274,-85.77643508969831,85.77643508969831
viterbi_base_model,S-A6,30.0,5910.139,83.61554538359741,83.46685891538195,83.46685891538195
viterbi_base_model,S-A6,30.0,5940.139,108.76078105776979,106.02844768631876,106.02844768631876
viterbi_base_model,S-A6,30.0,5970.139,136.4092001825903,-140.18949789059263,140.18949789059263
viterbi_base_model,S-A6,30.0,6000.139,204.2737466308618,-209.32548930603056,209.32548930603056
viterbi_base_model,S-A6,30.0,6030.139,426.773665542099,-429.5443241621685,429.5443241621685
viterbi_base_model,S-A6,30.0,6060.139,45.748521311632,-46.359809343629436,46.359809343629436
viterbi_base_model,S-A6,30.0,6090.139,266.07967654230697,-266.94277882555446,266.94277882555446
viterbi_base_model,S-A6,30.0,6120.139,229.315119421052,-231.58691606223047,231.58691606223047
viterbi_base_model,S-A6,30.0,6150.139,445.0829099016479,-449.69016963265796,449.69016963265796
viterbi_base_model,S-A6,30.0,6180.139,424.7587043045681,-433.2854694991883,433.2854694991883
viterbi_base_model,S-A6,30.0,6210.139,261.8704399411483,-264.60229469122646,264.60229469122646
viterbi_base_model,S-A6,30.0,6240.139,77.34571028226684,-79.64473408486275,79.64473408486275
viterbi_base_model,S-A6,30.0,6270.139,145.7114875100077,-147.63286651509915,147.63286651509915
viterbi_base_model,S-A6,30.0,6300.139,149.11269168218817,147.44629830952013,147.44629830952013
viterbi_base_model,S-A6,30.0,6330.139,51.34626493736887,-51.39486999037526,51.39486999037526
viterbi_base_model,S-A6,30.0,6360.139,36.74999777839914,-36.990507291132,36.990507291132
viterbi_base_model,S-A6,30.0,6390.139,140.70266747425606,140.2078218599616,140.2078218599616
viterbi_base_model,S-A6,30.0,6420.139,110.53079556526181,-111.8801639066146,111.8801639066146
viterbi_base_model,S-A6,30.0,6450.139,118.07707843740981,-120.35427173170795,120.35427173170795
viterbi_base_model,S-A6,30.0,6480.139,68.28005390002774,-68.14893025434249,68.14893025434249
viterbi_base_model,S-A6,30.0,6510.139,40.821519869365034,-42.29683806119177,42.29683806119177
viterbi_base_model,S-A6,30.0,6540.139,125.03039609515965,-126.09841110713508,126.09841110713508
viterbi_base_model,S-A6,30.0,6570.139,33.32563862030476,-33.162580164551855,33.162580164551855
viterbi_base_model,S-A6,30.0,6600.139,55.34532764092684,53.553002427835736,53.553002427835736
viterbi_base_model,S-A6,30.0,6630.139,34.58769760230179,32.58122292344127,32.58122292344127
viterbi_base_model,S-A6,30.0,6660.139,79.73777309275911,74.40317923401167,74.40317923401167
viterbi_base_model,S-A6,30.0,6690.139,59.33126638965989,55.92668644596889,55.92668644596889
viterbi_base_model,S-A6,30.0,6720.139,26.982573759179928,20.161299027450863,20.161299027450863
viterbi_base_model,S-A6,30.0,6750.139,47.06794161440013,-33.14578231191996,33.14578231191996
viterbi_base_model,S-A6,30.0,6780.139,132.36956982056225,131.24702726512038,131.24702726512038
viterbi_base_model,S-A6,30.0,6810.139,275.6499632666582,-275.4217259996403,275.4217259996403
viterbi_base_model,S-A6,30.0,6840.139,136.83248519048175,-135.9497916311493,135.9497916311493
viterbi_base_model,S-A6,30.0,6870.139,124.68302366848582,-124.43531245862988,124.43531245862988
viterbi_base_model,S-A6,30.0,6900.139,179.30502668185974,177.1775550872257,177.1775550872257
viterbi_base_model,S-A6,30.0,6930.139,450.9503311911432,392.9101443604179,392.9101443604179
viterbi_base_model,S-A6,30.0,6960.139,12.621470987369829,8.708299363555197,8.708299363555197
viterbi_base_model,S-A6,30.0,6990.139,6.903084358093842,-2.712060804882178,2.712060804882178
viterbi_base_model,S-A6,30.0,7020.139,214.34236522110731,213.03032195773994,213.03032195773994
viterbi_base_model,S-A6,30.0,7050.139,281.1627305997536,-103.81512253381779,103.81512253381779
viterbi_base_model,S-A6,30.0,7080.139,157.40593449713896,155.96067982532918,155.96067982532918
viterbi_base_model,S-A6,30.0,7110.139,274.882287784129,273.1419864963967,273.1419864963967
viterbi_base_model,S-A6,30.0,7140.139,19.079166722301434,-10.433994397642039,10.433994397642039
viterbi_base_model,S-A6,30.0,7170.139,433.73808832073286,-440.2912620538674,440.2912620538674
viterbi_base_model,S-A6,30.0,7200.139,232.80407827890167,-234.42600112094553,234.42600112094553
viterbi_base_model,S-A6,30.0,7230.139,34.8397617793119,33.99347503829996,33.99347503829996
viterbi_base_model,S-A6,30.0,7260.139,174.47822871224773,-176.96490057889005,176.96490057889005
viterbi_base_model,S-A6,30.0,7290.139,32.594466409133325,-32.76091842334371,32.76091842334371
viterbi_base_model,S-A6,30.0,7320.139,166.09123652069655,-168.31142023541383,168.31142023541383
viterbi_base_model,S-A6,30.0,7350.139,146.99226267711393,-149.22673284041525,149.22673284041525
viterbi_base_model,S-A6,30.0,7380.139,26.781055691178228,23.99879189720932,23.99879189720932
viterbi_base_model,S-A6,30.0,7410.139,62.49657876148634,68.41090173821566,68.41090173821566
viterbi_base_model,S-A6,30.0,7440.139,274.5797763956104,-164.33840244570146,164.33840244570146
viterbi_base_model,S-A6,30.0,7470.139,10.109877857904177,-10.676140439776884,10.676140439776884
viterbi_base_model,S-A6,30.0,7500.139,70.36275694750748,68.67570772296382,68.67570772296382
viterbi_base_model,S-A6,30.0,7530.139,51.637270797636994,-53.94150442705551,53.94150442705551
viterbi_base_model,S-A6,30.0,7560.139,52.06866277432807,-66.90307939637829,66.90307939637829
viterbi_base_model,S-A6,30.0,7590.139,99.04828633881019,-97.20488173366152,97.20488173366152
viterbi_base_model,S-A6,30.0,7620.139,89.84876429930881,-89.05631934439167,89.05631934439167
viterbi_base_model,S-A6,30.0,7740.139,171.6136543351974,-154.21865266267466,154.21865266267466
viterbi_base_model,S-A6,30.0,7770.139,44.94411492111526,40.97467011312816,40.97467011312816
viterbi_base_model,S-A6,30.0,7800.139,19.055565178108516,15.175394381481214,15.175394381481214
viterbi_base_model,S-A6,30.0,7830.139,20.2528753441026,-21.626129994662122,21.626129994662122
viterbi_base_model,S-A6,30.0,7860.139,6.7890317293191105,5.1101051940203615,5.1101051940203615
viterbi_base_model,S-A6,30.0,7890.139,149.20660178818298,-156.12131419528546,156.12131419528546
viterbi_base_model,S-A6,30.0,7920.139,192.11900278975716,-211.40418681809035,211.40418681809035
viterbi_base_model,S-A6,30.0,7950.139,175.93478887265644,-177.40023283146496,177.40023283146496
viterbi_base_model,S-A6,30.0,7980.139,11.943695045519785,4.693787907793751,4.693787907793751
viterbi_base_model,S-A6,30.0,8010.139,131.52726517149307,-132.96465965910048,132.96465965910048
viterbi_base_model,S-A6,30.0,8040.139,222.0363359840502,203.19242119773443,203.19242119773443
viterbi_base_model,S-A6,30.0,8100.139,179.58713750045132,183.4234047054416,183.4234047054416
viterbi_base_model,S-A6,30.0,8130.139,228.97582590318765,180.88993464749632,180.88993464749632
viterbi_base_model,S-A6,60.0,120.13900000000001,131.7850823416747,144.74952549851028,144.74952549851028
viterbi_base_model,S-A6,60.0,180.139,188.41557203234495,-8.083682132113239,8.083682132113239
viterbi_base_model,S-A6,60.0,240.139,162.65822343687012,160.6016545993906,160.6016545993906
viterbi_base_model,S-A6,60.0,300.139,293.41325861832263,290.99637136950685,290.99637136950685
viterbi_base_model,S-A6,60.0,360.139,102.00634411225296,83.7549076446022,83.7549076446022
viterbi_base_model,S-A6,60.0,420.139,93.41537335787777,91.67473744055344,91.67473744055344
viterbi_base_model,S-A6,60.0,480.139,20.906357138909176,2.351726875416162,2.351726875416162
viterbi_base_model,S-A6,60.0,540.139,214.0848235186774,208.2166017132158,208.2166017132158
viterbi_base_model,S-A6,60.0,600.139,227.55571599988232,226.63256828987227,226.63256828987227
viterbi_base_model,S-A6,60.0,660.139,293.6599576125112,289.8847597741221,289.8847597741221
viterbi_base_model,S-A6,60.0,720.139,140.76549381309707,136.9908213315079,136.9908213315079
viterbi_base_model,S-A6,60.0,780.139,53.5456867748075,52.55166976407496,52.55166976407496
viterbi_base_model,S-A6,60.0,840.139,34.50307682001281,32.72320553715982,32.72320553715982
viterbi_base_model,S-A6,60.0,900.139,201.9547029764114,201.5492917541431,201.5492917541431
viterbi_base_model,S-A6,60.0,960.139,430.85506213430193,430.0736375639949,430.0736375639949
viterbi_base_model,S-A6,60.0,1020.139,360.7427482739773,360.6116973550058,360.6116973550058
viterbi_base_model,S-A6,60.0,1080.1390000000001,115.15792509109309,-117.57804114277704,117.57804114277704
viterbi_base_model,S-A6,60.0,1140.1390000000001,189.30465533855636,-191.05119093447772,191.05119093447772
viterbi_base_model,S-A6,60.0,1200.1390000000001,472.52403402204465,469.3879459917088,469.3879459917088
viterbi_base_model,S-A6,60.0,1260.1390000000001,176.92260298410716,175.10741885102644,175.10741885102644
viterbi_base_model,S-A6,60.0,1320.1390000000001,358.1769163231738,357.40454401881215,357.40454401881215
viterbi_base_model,S-A6,60.0,1380.1390000000001,136.8586884217218,-139.9299075855862,139.9299075855862
viterbi_base_model,S-A6,60.0,1440.1390000000001,34.950690495330754,-34.83936516847846,34.83936516847846
viterbi_base_model,S-A6,60.0,1500.1390000000001,361.6585719705768,-363.3555630593156,363.3555630593156
viterbi_base_model,S-A6,60.0,1560.1390000000001,135.62635398929635,135.85323144024943,135.85323144024943
viterbi_base_model,S-A6,60.0,1620.1390000000001,59.25591319499321,57.47125717105907,57.47125717105907
viterbi_base_model,S-A6,60.0,1680.1390000000001,126.86881329340783,125.60146525796915,125.60146525796915
viterbi_base_model,S-A6,60.0,1740.1390000000001,51.16729410504784,-52.150298858362646,52.150298858362646
viterbi_base_model,S-A6,60.0,1800.1390000000001,64.58278048745682,62.53419956476371,62.53419956476371
viterbi_base_model,S-A6,60.0,1860.1390000000001,16.885745846005108,18.21322705233359,18.21322705233359
viterbi_base_model,S-A6,60.0,1920.1390000000001,643.4604904247718,-659.3201025753569,659.3201025753569
viterbi_base_model,S-A6,60.0,1980.1390000000001,362.5871802269531,-402.83134514755346,402.83134514755346
viterbi_base_model,S-A6,60.0,2040.1390000000001,76.68081882116687,-78.39842454191604,78.39842454191604
viterbi_base_model,S-A6,60.0,2100.139,138.674375558713,134.94482400133728,134.94482400133728
viterbi_base_model,S-A6,60.0,2160.139,630.8167172742404,-639.4734839872534,639.4734839872534
viterbi_base_model,S-A6,60.0,2220.139,732.2435160402816,-745.2449035979222,745.2449035979222
viterbi_base_model,S-A6,60.0,2280.139,813.2848357145768,-833.8832190403009,833.8832190403009
viterbi_base_model,S-A6,60.0,2340.139,418.5799576254557,-421.70695183123894,421.70695183123894
viterbi_base_model,S-A6,60.0,2400.139,75.04810797936742,-73.21076526856487,73.21076526856487
viterbi_base_model,S-A6,60.0,2460.139,326.98371611088857,-329.3573902810969,329.3573902810969
viterbi_base_model,S-A6,60.0,2520.139,23.438643787419515,-24.312760769936126,24.312760769936126
viterbi_base_model,S-A6,60.0,2580.139,178.2741794817944,-180.6346956372774,180.6346956372774
viterbi_base_model,S-A6,60.0,2640.139,43.24806764305383,43.26642164808695,43.26642164808695
viterbi_base_model,S-A6,60.0,2700.139,245.77481656637926,-247.87688275892324,247.87688275892324
viterbi_base_model,S-A6,60.0,2760.139,449.8553198345063,-448.0183755234096,448.0183755234096
viterbi_base_model,S-A6,60.0,2820.139,92.1487247635504,-92.62491885315498,92.62491885315498
viterbi_base_model,S-A6,60.0,2880.139,68.59770731559938,-69.90862076718048,69.90862076718048
viterbi_base_model,S-A6,60.0,2940.139,113.6312695572616,-115.89380223866742,115.89380223866742
viterbi_base_model,S-A6,60.0,3000.139,126.49320189057276,-127.92273135321982,127.92273135321982
viterbi_base_model,S-A6,60.0,3060.139,576.0665082166962,-585.9077635289348,585.9077635289348
viterbi_base_model,S-A6,60.0,3120.139,355.7124208241403,-357.307589064981,357.307589064981
viterbi_base_model,S-A6,60.0,3180.139,242.23113001673144,-247.03330762098068,247.03330762098068
viterbi_base_model,S-A6,60.0,3240.139,289.6006878781739,-293.1018685067153,293.1018685067153
viterbi_base_model,S-A6,60.0,3300.139,454.95631089967355,-457.1115672360141,457.1115672360141
viterbi_base_model,S-A6,60.0,3360.139,491.27743491205274,-495.0238972624227,495.0238972624227
viterbi_base_model,S-A6,60.0,3420.139,744.5097000996064,-752.8388274180878,752.8388274180878
viterbi_base_model,S-A6,60.0,3480.139,468.98217019599275,-473.6835030767283,473.6835030767283
viterbi_base_model,S-A6,60.0,3540.139,295.4231925175649,-299.37423856887415,299.37423856887415
viterbi_base_model,S-A6,60.0,3600.139,39.336676069023504,-40.458729209271446,40.458729209271446
viterbi_base_model,S-A6,60.0,3660.139,16.25378294968454,-17.598080257510976,17.598080257510976
viterbi_base_model,S-A6,60.0,3720.139,623.264823870221,-627.6639873916591,627.6639873916591
viterbi_base_model,S-A6,60.0,3780.139,413.5609167719154,-413.7205478827085,413.7205478827085
viterbi_base_model,S-A6,60.0,3840.139,149.965928934463,148.77281821740792,148.77281821740792
viterbi_base_model,S-A6,60.0,3900.139,319.028111740191,318.30829543402615,318.30829543402615
viterbi_base_model,S-A6,60.0,3960.139,220.82987238831885,219.45138740636207,219.45138740636207
viterbi_base_model,S-A6,60.0,4020.139,76.72657944342936,-77.07350035593237,77.07350035593237
viterbi_base_model,S-A6,60.0,4080.139,79.41112502438423,79.30823661723787,79.30823661723787
viterbi_base_model,S-A6,60.0,4140.139,164.78000044818984,-166.00364508101174,166.00364508101174
viterbi_base_model,S-A6,60.0,4200.139,107.35385579987371,-107.00814805183529,107.00814805183529
viterbi_base_model,S-A6,60.0,4260.139,350.77959081445414,-352.7018666674837,352.7018666674837
viterbi_base_model,S-A6,60.0,4320.139,382.6376980967636,-385.9678611747796,385.9678611747796
viterbi_base_model,S-A6,60.0,4380.139,87.05376076847493,85.8641989308781,85.8641989308781
viterbi_base_model,S-A6,60.0,4440.139,206.11208011784552,-206.91542090760623,206.91542090760623
viterbi_base_model,S-A6,60.0,4500.139,97.04809952657752,96.64900468283561,96.64900468283561
viterbi_base_model,S-A6,60.0,4560.139,593.8739570006908,593.0438910338931,593.0438910338931
viterbi_base_model,S-A6,60.0,4620.139,385.44108259410996,-387.3756432364024,387.3756432364024
viterbi_base_model,S-A6,60.0,4680.139,99.53572687400059,-100.74915579761833,100.74915579761833
viterbi_base_model,S-A6,60.0,4740.139,35.04752412726587,-34.59451632347937,34.59451632347937
viterbi_base_model,S-A6,60.0,4800.139,124.28315292909423,118.89338849898894,118.89338849898894
viterbi_base_model,S-A6,60.0,4860.139,291.2625790295636,-297.4099338551088,297.4099338551088
viterbi_base_model,S-A6,60.0,4920.139,340.60719503792177,-350.73631125810584,350.73631125810584
viterbi_base_model,S-A6,60.0,4980.139,196.14328550853142,-195.1098803497657,195.1098803497657
viterbi_base_model,S-A6,60.0,5040.139,53.386895465740146,-61.800615594478614,61.800615594478614
viterbi_base_model,S-A6,60.0,5580.139,221.33079061586307,219.71612034878788,219.71612034878788
viterbi_base_model,S-A6,60.0,5640.139,304.149672127004,-307.41488572927665,307.41488572927665
viterbi_base_model,S-A6,60.0,5700.139,78.85910447757396,-79.79769036133106,79.79769036133106
viterbi_base_model,S-A6,60.0,5760.139,101.53738688581248,97.65675207822977,97.65675207822977
viterbi_base_model,S-A6,60.0,5820.139,8.403175776714209,5.655309307083336,5.655309307083336
viterbi_base_model,S-A6,60.0,5880.139,4.37885190073824,-2.294876665839034,2.294876665839034
viterbi_base_model,S-A6,60.0,5940.139,27.805444047198865,-34.1700902378867,34.1700902378867
viterbi_base_model,S-A6,60.0,6000.139,623.6341381610234,-638.8695901072662,638.8695901072662
viterbi_base_model,S-A6,60.0,6060.139,311.13500772732334,-313.31799624924065,313.31799624924065
viterbi_base_model,S-A6,60.0,6120.139,657.1186377917417,-681.230876345598,681.230876345598
viterbi_base_model,S-A6,60.0,6180.139,682.9537506014269,-697.8658062995115,697.8658062995115
viterbi_base_model,S-A6,60.0,6240.139,223.19633156145377,-227.2855581075055,227.2855581075055
viterbi_base_model,S-A6,60.0,6300.139,98.1452398415079,96.05202437973898,96.05202437973898
viterbi_base_model,S-A6,60.0,6360.139,103.74976711402134,103.2066497302985,103.2066497302985
viterbi_base_model,S-A6,60.0,6420.139,226.27710070596578,-232.21572769553447,232.21572769553447
viterbi_base_model,S-A6,60.0,6480.139,108.68478198991673,-110.46693313192509,110.46693313192509
viterbi_base_model,S-A6,60.0,6540.139,161.76483680252042,-159.2610995703057,159.2610995703057
viterbi_base_model,S-A6,60.0,6600.139,88.53807082397076,86.13533845427494,86.13533845427494
viterbi_base_model,S-A6,60.0,6660.139,140.2127731700488,130.32976362365017,130.32976362365017
viterbi_base_model,S-A6,60.0,6720.139,27.25619855874837,-12.985080794749557,12.985080794749557
viterbi_base_model,S-A6,60.0,6780.139,145.66160477756773,-144.17764390107703,144.17764390107703
viterbi_base_model,S-A6,60.0,6840.139,260.85480535929463,-260.3859051679062,260.3859051679062
viterbi_base_model,S-A6,60.0,6900.139,633.7677235584932,570.0836506707443,570.0836506707443
viterbi_base_model,S-A6,60.0,6960.139,9.563502672353078,5.979328400149559,5.979328400149559
viterbi_base_model,S-A6,60.0,7020.139,368.1181480833052,110.41487443471246,110.41487443471246
viterbi_base_model,S-A6,60.0,7080.139,428.78795114425867,428.9176409384129,428.9176409384129
viterbi_base_model,S-A6,60.0,7140.139,446.1973273287757,-450.7445744277847,450.7445744277847
viterbi_base_model,S-A6,60.0,7200.139,198.7988541012568,-200.47635327604272,200.47635327604272
viterbi_base_model,S-A6,60.0,7260.139,207.52568760467736,-209.70103807338614,209.70103807338614
viterbi_base_model,S-A6,60.0,7320.139,313.5202994979735,-317.5702094844568,317.5702094844568
viterbi_base_model,S-A6,60.0,7380.139,93.43448266002584,92.54957654124968,92.54957654124968
viterbi_base_model,S-A6,60.0,7440.139,1352.6541420436567,-175.11934125033827,175.11934125033827
viterbi_base_model,S-A6,60.0,7500.139,18.003295173801387,14.766942159498187,14.766942159498187
viterbi_base_model,S-A6,60.0,7560.139,130.72591433190817,-163.79958858342368,163.79958858342368
viterbi_base_model,S-A6,60.0,7620.139,25.01030970664177,15.68303590790919,15.68303590790919
viterbi_base_model,S-A6,60.0,7740.139,121.52446861682817,-113.10214152784766,113.10214152784766
viterbi_base_model,S-A6,60.0,7800.139,6.138346384611972,-6.451170290479785,6.451170290479785
viterbi_base_model,S-A6,60.0,7860.139,142.87799878203828,-150.9966342856453,150.9966342856453
viterbi_base_model,S-A6,60.0,7920.139,338.49679675287126,-388.6898384704061,388.6898384704061
viterbi_base_model,S-A6,60.0,7980.139,119.43852652415428,-128.2770126398665,128.2770126398665
viterbi_base_model,S-A6,60.0,8040.139,321.20406328790864,282.3853221493299,282.3853221493299
viterbi_base_model,S-A6,60.0,8100.139,294.24956944011416,364.6467518536781,364.6467518536781
viterbi_fitted_model,S-A6,10.0,30.139,23.919536123268067,-12.098017664997087,12.098017664997087
viterbi_fitted_model,S-A6,10.0,40.138999999999996,79.78776753642612,6.142581376158432,6.142581376158432
viterbi_fitted_model,S-A6,10.0,80.139,91.42577626288097,86.029301714087,86.029301714087
viterbi_fitted_model,S-A6,10.0,90.139,151.25234740858087,149.66311171961576,149.66311171961576
viterbi_fitted_model,S-A6,10.0,100.139,29.905530386863656,29.840104717716134,29.840104717716134
viterbi_fitted_model,S-A6,10.0,110.139,45.979357636589754,-52.92803672003979,52.92803672003979
viterbi_fitted_model,S-A6,10.0,120.139,22.2197570394221,-4.434174443437858,4.434174443437858
viterbi_fitted_model,S-A6,10.0,130.139,35.84412938873175,-36.18072700528303,36.18072700528303
viterbi_fitted_model,S-A6,10.0,140.139,45.34064533810902,44.4769921869508,44.4769921869508
viterbi_fitted_model,S-A6,10.0,150.139,43.96630842625331,42.99366732582166,42.99366732582166
viterbi_fitted_model,S-A6,10.0,160.139,50.5887909494836,49.81787115194728,49.81787115194728
viterbi_fitted_model,S-A6,10.0,170.139,49.827011634281675,48.07111244702399,48.07111244702399
viterbi_fitted_model,S-A6,10.0,180.139,41.52933644205239,40.67680218775445,40.67680218775445
viterbi_fitted_model,S-A6,10.0,190.139,88.55049196543375,92.23455842373251,92.23455842373251
viterbi_fitted_model,S-A6,10.0,200.139,57.202783301364065,20.34825649761175,20.34825649761175
viterbi_fitted_model,S-A6,10.0,210.139,45.78588370980397,-44.221317603743096,44.221317603743096
viterbi_fitted_model,S-A6,10.0,220.139,39.99583064094119,-47.05404695659771,47.05404695659771
viterbi_fitted_model,S-A6,10.0,230.139,70.59776269456356,-70.40776270155922,70.40776270155922
viterbi_fitted_model,S-A6,10.0,240.139,81.92229119786973,81.16934988959399,81.16934988959399
viterbi_fitted_model,S-A6,10.0,250.139,31.036758036233774,29.050238573568933,29.050238573568933
viterbi_fitted_model,S-A6,10.0,260.139,17.61567988658579,-16.114852680109145,16.114852680109145
viterbi_fitted_model,S-A6,10.0,270.139,38.91879559429968,-38.19091486725195,38.19091486725195
viterbi_fitted_model,S-A6,10.0,280.139,92.29289784445142,91.98177412927593,91.98177412927593
viterbi_fitted_model,S-A6,10.0,290.139,13.513789497590654,12.769686632919335,12.769686632919335
viterbi_fitted_model,S-A6,10.0,300.139,13.292716190257355,12.955877376397652,12.955877376397652
viterbi_fitted_model,S-A6,10.0,310.139,83.31194472090537,83.03774977558065,83.03774977558065
viterbi_fitted_model,S-A6,10.0,320.139,77.95315046621747,76.34428675865482,76.34428675865482
viterbi_fitted_model,S-A6,10.0,330.139,69.54670849097332,67.93178313680889,67.93178313680889
viterbi_fitted_model,S-A6,10.0,340.139,21.08796095341808,20.732967146083613,20.732967146083613
viterbi_fitted_model,S-A6,10.0,350.139,30.294812157151718,29.98266992394625,29.98266992394625
viterbi_fitted_model,S-A6,10.0,360.139,15.817970959678386,14.169626054775481,14.169626054775481
viterbi_fitted_model,S-A6,10.0,370.139,55.635399473019575,52.46472263157796,52.46472263157796
viterbi_fitted_model,S-A6,10.0,380.139,68.8240195261067,65.70451856220126,65.70451856220126
viterbi_fitted_model,S-A6,10.0,390.139,50.54497401467761,-53.68787891943883,53.68787891943883
viterbi_fitted_model,S-A6,10.0,400.139,12.751657365227569,-3.5178136714334904,3.5178136714334904
viterbi_fitted_model,S-A6,10.0,410.139,23.745254275429637,8.622281317169817,8.622281317169817
viterbi_fitted_model,S-A6,10.0,420.139,33.900115564935035,32.44245317720897,32.44245317720897
viterbi_fitted_model,S-A6,10.0,430.139,7.700091624520071,-2.308413606657229,2.308413606657229
viterbi_fitted_model,S-A6,10.0,440.139,61.96153923541018,61.9039482277007,61.9039482277007
viterbi_fitted_model,S-A6,10.0,450.139,16.624566692564066,16.191653315123965,16.191653315123965
viterbi_fitted_model,S-A6,10.0,460.139,2.950442411449322,-2.7647423575671723,2.7647423575671723
viterbi_fitted_model,S-A6,10.0,470.139,13.869749746268813,-13.796721427390683,13.796721427390683
viterbi_fitted_model,S-A6,10.0,480.139,18.415392157018413,-18.693067467486852,18.693067467486852
viterbi_fitted_model,S-A6,10.0,490.139,9.336226073500919,7.498110775151801,7.498110775151801
viterbi_fitted_model,S-A6,10.0,500.139,28.056333606684724,-27.913251261923108,27.913251261923108
viterbi_fitted_model,S-A6,10.0,510.139,6.313752430438746,-8.852354623246676,8.852354623246676
viterbi_fitted_model,S-A6,10.0,520.139,27.930369538162385,26.42819169909709,26.42819169909709
viterbi_fitted_model,S-A6,10.0,530.139,31.874305053023445,23.881604933213044,23.881604933213044
viterbi_fitted_model,S-A6,10.0,540.139,67.72803816939087,65.59766362686241,65.59766362686241
viterbi_fitted_model,S-A6,10.0,550.139,18.089084266700045,17.767811224509508,17.767811224509508
viterbi_fitted_model,S-A6,10.0,560.139,20.49152392244341,20.233817170589653,20.233817170589653
viterbi_fitted_model,S-A6,10.0,570.139,50.95562754526019,50.63214901400622,50.63214901400622
viterbi_fitted_model,S-A6,10.0,580.139,23.57916193309983,22.94870741417773,22.94870741417773
viterbi_fitted_model,S-A6,10.0,590.139,31.25147398544836,31.041540777533523,31.041540777533523
viterbi_fitted_model,S-A6,10.0,600.139,27.687853154863525,26.787206702717366,26.787206702717366
viterbi_fitted_model,S-A6,10.0,610.139,75.02935899645655,74.85592266878606,74.85592266878606
viterbi_fitted_model,S-A6,10.0,620.139,39.81508047623584,39.469229494552025,39.469229494552025
viterbi_fitted_model,S-A6,10.0,630.139,41.29147831073291,41.17593126662468,41.17593126662468
viterbi_fitted_model,S-A6,10.0,640.139,52.48737571543452,52.34408438260424,52.34408438260424
viterbi_fitted_model,S-A6,10.0,650.139,7.926367812164739,-8.00251526916604,8.00251526916604
viterbi_fitted_model,S-A6,10.0,660.139,5.390432272599789,4.947752481029834,4.947752481029834
viterbi_fitted_model,S-A6,10.0,670.139,9.763370010007959,8.851333463707846,8.851333463707846
viterbi_fitted_model,S-A6,10.0,680.139,66.05362492252158,65.57996928237804,65.57996928237804
viterbi_fitted_model,S-A6,10.0,690.139,49.21162059682241,48.442197692302344,48.442197692302344
viterbi_fitted_model,S-A6,10.0,700.139,82.39983709257461,80.22002509613266,80.22002509613266
viterbi_fitted_model,S-A6,10.0,710.139,82.26420883013364,81.84615257370282,81.84615257370282
viterbi_fitted_model,S-A6,10.0,720.139,40.83682432117133,40.78910095006872,40.78910095006872
viterbi_fitted_model,S-A6,10.0,730.139,43.34576653965622,43.0918250377611,43.0918250377611
viterbi_fitted_model,S-A6,10.0,740.139,57.982970427947805,57.775962832449586,57.775962832449586
viterbi_fitted_model,S-A6,10.0,750.139,13.923550694220852,12.415187713011488,12.415187713011488
viterbi_fitted_model,S-A6,10.0,760.139,13.282170323033464,-14.161076225647516,14.161076225647516
viterbi_fitted_model,S-A6,10.0,770.139,3.103854992557644,-2.9040791156448975,2.9040791156448975
viterbi_fitted_model,S-A6,10.0,780.139,14.307366631429675,-12.284829928653565,12.284829928653565
viterbi_fitted_model,S-A6,10.0,790.139,20.77892911193359,-19.879802454804413,19.879802454804413
viterbi_fitted_model,S-A6,10.0,800.139,26.735798132328448,26.165803994475773,26.165803994475773
viterbi_fitted_model,S-A6,10.0,810.139,9.287253928572095,8.536976575562452,8.536976575562452
viterbi_fitted_model,S-A6,10.0,820.139,23.77960397090824,23.74563569991668,23.74563569991668
viterbi_fitted_model,S-A6,10.0,830.139,26.360610035838853,26.267321833721827,26.267321833721827
viterbi_fitted_model,S-A6,10.0,840.139,21.850433557784637,-21.930864409597472,21.930864409597472
viterbi_fitted_model,S-A6,10.0,850.139,32.39692537505239,31.701171039133666,31.701171039133666
viterbi_fitted_model,S-A6,10.0,860.139,22.078421514079725,21.722575473371194,21.722575473371194
viterbi_fitted_model,S-A6,10.0,870.139,3.06466566342312,-1.9720844364645522,1.9720844364645522
viterbi_fitted_model,S-A6,10.0,880.139,9.828415670022883,-10.037804846731245,10.037804846731245
viterbi_fitted_model,S-A6,10.0,890.139,13.805694298091607,13.240619338330603,13.240619338330603
viterbi_fitted_model,S-A6,10.0,900.139,17.191549496553055,17.127137969426748,17.127137969426748
viterbi_fitted_model,S-A6,10.0,910.139,36.268667608079994,36.219349311766095,36.219349311766095
viterbi_fitted_model,S-A6,10.0,920.139,46.62463649095703,46.55662602368194,46.55662602368194
viterbi_fitted_model,S-A6,10.0,930.139,42.90978889828846,42.74208329316005,42.74208329316005
viterbi_fitted_model,S-A6,10.0,940.139,24.153785063220802,24.062519737750478,24.062519737750478
viterbi_fitted_model,S-A6,10.0,950.139,35.083826084843444,34.84409396279922,34.84409396279922
viterbi_fitted_model,S-A6,10.0,960.139,98.65694205250458,98.36547416086266,98.36547416086266
viterbi_fitted_model,S-A6,10.0,970.139,82.81992958765765,82.738196604735,82.738196604735
viterbi_fitted_model,S-A6,10.0,980.139,87.92865708640691,87.84624920803422,87.84624920803422
viterbi_fitted_model,S-A6,10.0,990.139,41.62033030026477,41.13604382053545,41.13604382053545
viterbi_fitted_model,S-A6,10.0,1000.139,37.56442814961092,37.51959678899195,37.51959678899195
viterbi_fitted_model,S-A6,10.0,1010.139,82.50869567628098,82.46867491311275,82.46867491311275
viterbi_fitted_model,S-A6,10.0,1020.139,61.721309061937895,61.61644304760582,61.61644304760582
viterbi_fitted_model,S-A6,10.0,1030.1390000000001,62.958378331736434,62.94436001219205,62.94436001219205
viterbi_fitted_model,S-A6,10.0,1040.1390000000001,78.19674096190204,78.11704133387556,78.11704133387556
viterbi_fitted_model,S-A6,10.0,1050.1390000000001,56.99002260139058,56.9131101394849,56.9131101394849
viterbi_fitted_model,S-A6,10.0,1060.1390000000001,70.7620333334646,70.69640670841304,70.69640670841304
viterbi_fitted_model,S-A6,10.0,1070.1390000000001,30.41153176499835,30.343271766954686,30.343271766954686
viterbi_fitted_model,S-A6,10.0,1080.1390000000001,13.171877618814941,-13.192273815020162,13.192273815020162
viterbi_fitted_model,S-A6,10.0,1090.1390000000001,24.24952234812617,-24.31748448057759,24.31748448057759
viterbi_fitted_model,S-A6,10.0,1100.1390000000001,43.68124596855377,-44.39661012492137,44.39661012492137
viterbi_fitted_model,S-A6,10.0,1110.1390000000001,25.771742585027962,-26.121950375164484,26.121950375164484
viterbi_fitted_model,S-A6,10.0,1120.1390000000001,17.284058322725166,-17.284660328221563,17.284660328221563
viterbi_fitted_model,S-A6,10.0,1130.1390000000001,9.534459113244695,7.734348586350176,7.734348586350176
viterbi_fitted_model,S-A6,10.0,1140.1390000000001,103.15038728653387,-103.31559751814211,103.31559751814211
viterbi_fitted_model,S-A6,10.0,1150.1390000000001,46.952065975797254,-47.18636052430663,47.18636052430663
viterbi_fitted_model,S-A6,10.0,1160.1390000000001,7.0017550900254895,-7.133026156100847,7.133026156100847
viterbi_fitted_model,S-A6,10.0,1170.1390000000001,77.63888824130021,77.4610793039463,77.4610793039463
viterbi_fitted_model,S-A6,10.0,1180.1390000000001,55.62235737536545,-55.69864646245469,55.69864646245469
viterbi_fitted_model,S-A6,10.0,1190.1390000000001,54.62311632265936,-55.16636398315961,55.16636398315961
viterbi_fitted_model,S-A6,10.0,1200.1390000000001,83.13458709059645,81.82866567207861,81.82866567207861
viterbi_fitted_model,S-A6,10.0,1210.1390000000001,71.91733401776884,71.88135880255462,71.88135880255462
viterbi_fitted_model,S-A6,10.0,1220.1390000000001,113.56174082379513,113.53363645835631,113.53363645835631
viterbi_fitted_model,S-A6,10.0,1230.1390000000001,70.17740813857388,70.12608752210267,70.12608752210267
viterbi_fitted_model,S-A6,10.0,1240.1390000000001,72.16854686395573,72.09286124067926,72.09286124067926
viterbi_fitted_model,S-A6,10.0,1250.1390000000001,60.35502604300958,59.950470490228206,59.950470490228206
viterbi_fitted_model,S-A6,10.0,1260.1390000000001,38.79528363294452,38.6057417185469,38.6057417185469
viterbi_fitted_model,S-A6,10.0,1270.1390000000001,73.82456985576087,72.8533571814442,72.8533571814442
viterbi_fitted_model,S-A6,10.0,1280.1390000000001,27.050948673457494,26.193072823430366,26.193072823430366
viterbi_fitted_model,S-A6,10.0,1290.1390000000001,6.298501400511423,4.887289492658184,4.887289492658184
viterbi_fitted_model,S-A6,10.0,1300.1390000000001,16.209453955255892,16.148818474292007,16.148818474292007
viterbi_fitted_model,S-A6,10.0,1310.1390000000001,17.06011041355204,16.40323214289548,16.40323214289548
viterbi_fitted_model,S-A6,10.0,1320.1390000000001,50.75529799498708,50.56458601885413,50.56458601885413
viterbi_fitted_model,S-A6,10.0,1330.1390000000001,69.66962342323198,69.60756748471712,69.60756748471712
viterbi_fitted_model,S-A6,10.0,1340.1390000000001,22.807388693848356,22.49999667988821,22.49999667988821
viterbi_fitted_model,S-A6,10.0,1350.1390000000001,88.06799737713936,87.65737265613981,87.65737265613981
viterbi_fitted_model,S-A6,10.0,1360.1390000000001,66.49914090697659,66.12573295262948,66.12573295262948
viterbi_fitted_model,S-A6,10.0,1370.1390000000001,61.21773968826115,60.971553613154285,60.971553613154285
viterbi_fitted_model,S-A6,10.0,1380.1390000000001,71.65243387193486,-71.62071253942952,71.62071253942952
viterbi_fitted_model,S-A6,10.0,1390.1390000000001,63.54763059673247,-63.90884590384697,63.90884590384697
viterbi_fitted_model,S-A6,10.0,1400.1390000000001,38.53813660138331,-38.765918377918005,38.765918377918005
viterbi_fitted_model,S-A6,10.0,1410.1390000000001,28.570481906473436,-29.202544312451046,29.202544312451046
viterbi_fitted_model,S-A6,10.0,1420.1390000000001,8.870954251108884,6.838227975608056,6.838227975608056
viterbi_fitted_model,S-A6,10.0,1430.1390000000001,56.90533565067403,56.73479602941397,56.73479602941397
viterbi_fitted_model,S-A6,10.0,1440.1390000000001,43.5205863789446,43.13713211985143,43.13713211985143
viterbi_fitted_model,S-A6,10.0,1450.1390000000001,44.09456618498431,44.01725169963264,44.01725169963264
viterbi_fitted_model,S-A6,10.0,1460.1390000000001,19.58380293874373,19.327320145110367,19.327320145110367
viterbi_fitted_model,S-A6,10.0,1470.1390000000001,39.05990406483586,-39.06559816425977,39.06559816425977
viterbi_fitted_model,S-A6,10.0,1480.1390000000001,69.70436980643764,-69.73781357107653,69.73781357107653
viterbi_fitted_model,S-A6,10.0,1490.1390000000001,33.12733631786829,-32.52015417311314,32.52015417311314
viterbi_fitted_model,S-A6,10.0,1500.1390000000001,40.052501402676086,-40.24652757658321,40.24652757658321
viterbi_fitted_model,S-A6,10.0,1510.1390000000001,87.92858958835029,-87.94515512332912,87.94515512332912
viterbi_fitted_model,S-A6,10.0,1520.1390000000001,104.49180489454541,-104.89642608565774,104.89642608565774
viterbi_fitted_model,S-A6,10.0,1530.1390000000001,81.84638632267244,-81.89893955195379,81.89893955195379
viterbi_fitted_model,S-A6,10.0,1540.1390000000001,66.67843127677645,-66.7206036882725,66.7206036882725
viterbi_fitted_model,S-A6,10.0,1550.1390000000001,18.70430277365931,18.37499664602058,18.37499664602058
viterbi_fitted_model,S-A6,10.0,1560.1390000000001,24.80664612035732,24.53701916933222,24.53701916933222
viterbi_fitted_model,S-A6,10.0,1570.1390000000001,45.83266439571068,45.716693586001135,45.716693586001135
viterbi_fitted_model,S-A6,10.0,1580.1390000000001,44.85479967146495,44.90501107270231,44.90501107270231
viterbi_fitted_model,S-A6,10.0,1590.1390000000001,23.68529078127438,23.54949618665665,23.54949618665665
viterbi_fitted_model,S-A6,10.0,1600.1390000000001,10.802624024350727,-10.50562546391706,10.50562546391706
viterbi_fitted_model,S-A6,10.0,1610.1390000000001,8.525844448043653,7.6658220486544515,7.6658220486544515
viterbi_fitted_model,S-A6,10.0,1620.1390000000001,54.95486040750219,54.04563642481537,54.04563642481537
viterbi_fitted_model,S-A6,10.0,1630.1390000000001,39.41568915950165,39.247305372284806,39.247305372284806
viterbi_fitted_model,S-A6,10.0,1640.1390000000001,35.10136154322369,34.88847619293919,34.88847619293919
viterbi_fitted_model,S-A6,10.0,1650.1390000000001,16.782051352749555,16.54726252804434,16.54726252804434
viterbi_fitted_model,S-A6,10.0,1660.1390000000001,67.1276727061608,-67.08198095053996,67.08198095053996
viterbi_fitted_model,S-A6,10.0,1670.1390000000001,20.34877481427186,-20.17714884370705,20.17714884370705
viterbi_fitted_model,S-A6,10.0,1680.1390000000001,0.8242450644424545,-0.45099998946988507,0.45099998946988507
viterbi_fitted_model,S-A6,10.0,1690.1390000000001,18.667129077360386,18.516463025029033,18.516463025029033
viterbi_fitted_model,S-A6,10.0,1700.1390000000001,5.418095403187012,-2.512286911224429,2.512286911224429
viterbi_fitted_model,S-A6,10.0,1710.1390000000001,25.527745030307297,24.70182260824367,24.70182260824367
viterbi_fitted_model,S-A6,10.0,1720.1390000000001,44.49724319467204,44.37600610334883,44.37600610334883
viterbi_fitted_model,S-A6,10.0,1730.1390000000001,41.178235162477094,40.96936026846611,40.96936026846611
viterbi_fitted_model,S-A6,10.0,1740.1390000000001,8.828511135374125,-9.215819207740765,9.215819207740765
viterbi_fitted_model,S-A6,10.0,1750.1390000000001,4.944419771097995,4.066770961256882,4.066770961256882
viterbi_fitted_model,S-A6,10.0,1760.1390000000001,39.60433601096186,-39.32508247761062,39.32508247761062
viterbi_fitted_model,S-A6,10.0,1770.1390000000001,21.231898075642004,-21.191363381519007,21.191363381519007
viterbi_fitted_model,S-A6,10.0,1780.1390000000001,3.840303130710844,-3.8757956053025175,3.8757956053025175
viterbi_fitted_model,S-A6,10.0,1790.1390000000001,17.935292876161796,17.406571167620054,17.406571167620054
viterbi_fitted_model,S-A6,10.0,1800.1390000000001,19.682148566075426,-19.701265085676898,19.701265085676898
viterbi_fitted_model,S-A6,10.0,1810.1390000000001,15.480775741513852,-15.483695567089448,15.483695567089448
viterbi_fitted_model,S-A6,10.0,1820.1390000000001,25.475026625757078,25.008875450394797,25.008875450394797
viterbi_fitted_model,S-A6,10.0,1830.1390000000001,25.47905930141567,25.21410507009742,25.21410507009742
viterbi_fitted_model,S-A6,10.0,1840.1390000000001,29.535516505816037,29.325309753897145,29.325309753897145
viterbi_fitted_model,S-A6,10.0,1850.1390000000001,19.06233959250508,18.161810638978935,18.161810638978935
viterbi_fitted_model,S-A6,10.0,1860.1390000000001,50.36138273264612,50.180125165390905,50.180125165390905
viterbi_fitted_model,S-A6,10.0,1870.1390000000001,19.73379919195837,19.738934320445694,19.738934320445694
viterbi_fitted_model,S-A6,10.0,1880.1390000000001,12.542269591528324,-12.058317250365345,12.058317250365345
viterbi_fitted_model,S-A6,10.0,1890.1390000000001,12.136035341597182,12.011124842349773,12.011124842349773
viterbi_fitted_model,S-A6,10.0,1900.1390000000001,6.251667301824161,3.634531116632683,3.634531116632683
viterbi_fitted_model,S-A6,10.0,1910.1390000000001,54.97462454557962,-55.293564975183244,55.293564975183244
viterbi_fitted_model,S-A6,10.0,1920.1390000000001,100.40480173280096,-100.46084768075933,100.46084768075933
viterbi_fitted_model,S-A6,10.0,1930.1390000000001,58.57359070187146,-58.90484089619606,58.90484089619606
viterbi_fitted_model,S-A6,10.0,1940.1390000000001,60.26443909107578,-60.41233227658065,60.41233227658065
viterbi_fitted_model,S-A6,10.0,1950.1390000000001,156.01393777067824,-156.33324150127538,156.33324150127538
viterbi_fitted_model,S-A6,10.0,1960.1390000000001,144.29634224289626,-144.76341277603785,144.76341277603785
viterbi_fitted_model,S-A6,10.0,1970.1390000000001,136.65502566646592,-138.4413526235167,138.4413526235167
viterbi_fitted_model,S-A6,10.0,1980.1390000000001,76.6252255582169,-77.19549333381804,77.19549333381804
viterbi_fitted_model,S-A6,10.0,1990.1390000000001,4.035305463347099,-3.0653480292355795,3.0653480292355795
viterbi_fitted_model,S-A6,10.0,2000.1390000000001,114.17816301200708,-117.03031864945336,117.03031864945336
viterbi_fitted_model,S-A6,10.0,2010.1390000000001,76.0938741259837,-82.6437133203367,82.6437133203367
viterbi_fitted_model,S-A6,10.0,2020.1390000000001,125.20005856998785,-124.70527010035713,124.70527010035713
viterbi_fitted_model,S-A6,10.0,2030.1390000000001,2.0927016068433737,1.6150247815078451,1.6150247815078451
viterbi_fitted_model,S-A6,10.0,2040.1390000000001,71.6674233623609,-71.75860465675504,71.75860465675504
viterbi_fitted_model,S-A6,10.0,2050.139,35.840011866449,-36.05689950975134,36.05689950975134
viterbi_fitted_model,S-A6,10.0,2060.139,89.07132411430217,-89.24833212874208,89.24833212874208
viterbi_fitted_model,S-A6,10.0,2070.139,42.924468540892974,42.555143013992506,42.555143013992506
viterbi_fitted_model,S-A6,10.0,2080.139,44.45890482911774,43.307336440572016,43.307336440572016
viterbi_fitted_model,S-A6,10.0,2090.139,32.81359975599606,32.81119345360092,32.81119345360092
viterbi_fitted_model,S-A6,10.0,2100.139,4.844195857045093,-2.102319478074765,2.102319478074765
viterbi_fitted_model,S-A6,10.0,2110.139,6.779509442670706,5.71373063244495,5.71373063244495
viterbi_fitted_model,S-A6,10.0,2120.139,28.685294689795995,27.89731813317727,27.89731813317727
viterbi_fitted_model,S-A6,10.0,2130.139,50.315090666060506,50.03768207995354,50.03768207995354
viterbi_fitted_model,S-A6,10.0,2140.139,43.843189873533184,43.624258138518286,43.624258138518286
viterbi_fitted_model,S-A6,10.0,2150.139,10.228430175322073,9.784597480377087,9.784597480377087
viterbi_fitted_model,S-A6,10.0,2160.139,105.74331025762267,-107.15229534763628,107.15229534763628
viterbi_fitted_model,S-A6,10.0,2170.139,149.99946391939588,-150.0695243062106,150.0695243062106
viterbi_fitted_model,S-A6,10.0,2180.139,168.07301215947123,-169.5117505183099,169.5117505183099
viterbi_fitted_model,S-A6,10.0,2190.139,162.29252472703732,-164.2005803656369,164.2005803656369
viterbi_fitted_model,S-A6,10.0,2200.139,61.08616508464475,-61.360610649984096,61.360610649984096
viterbi_fitted_model,S-A6,10.0,2210.139,13.424230406407373,12.832367096114154,12.832367096114154
viterbi_fitted_model,S-A6,10.0,2220.139,145.1113005905638,-145.46771518023323,145.46771518023323
viterbi_fitted_model,S-A6,10.0,2230.139,134.55034030456628,-135.7912940285542,135.7912940285542
viterbi_fitted_model,S-A6,10.0,2240.139,100.50456401046304,-101.38654034500598,101.38654034500598
viterbi_fitted_model,S-A6,10.0,2250.139,104.83789084440971,-105.38693955310251,105.38693955310251
viterbi_fitted_model,S-A6,10.0,2260.139,186.28942562252936,-187.63428739258657,187.63428739258657
viterbi_fitted_model,S-A6,10.0,2270.139,67.44094933172043,-69.56212809596512,69.56212809596512
viterbi_fitted_model,S-A6,10.0,2280.139,54.35843922195681,-54.608212317465,54.608212317465
viterbi_fitted_model,S-A6,10.0,2290.139,202.68183612497756,-205.42358986465757,205.42358986465757
viterbi_fitted_model,S-A6,10.0,2300.139,222.14267638146225,-223.7584948664721,223.7584948664721
viterbi_fitted_model,S-A6,10.0,2310.139,205.09844837528743,-205.06767711748205,205.06767711748205
viterbi_fitted_model,S-A6,10.0,2320.139,77.24364100631291,-77.20349441681091,77.20349441681091
viterbi_fitted_model,S-A6,10.0,2330.139,67.69970966159175,-67.78323670420059,67.78323670420059
viterbi_fitted_model,S-A6,10.0,2340.139,92.74934573575764,-93.17850165378852,93.17850165378852
viterbi_fitted_model,S-A6,10.0,2350.139,62.07244816319336,-62.13503710706771,62.13503710706771
viterbi_fitted_model,S-A6,10.0,2360.139,10.800710845025428,9.731960331126984,9.731960331126984
viterbi_fitted_model,S-A6,10.0,2370.139,52.43371917581341,-53.07143630391281,53.07143630391281
viterbi_fitted_model,S-A6,10.0,2380.139,106.77255490766942,-106.64537825977092,106.64537825977092
viterbi_fitted_model,S-A6,10.0,2390.139,116.11072023027985,-116.39563095389798,116.39563095389798
viterbi_fitted_model,S-A6,10.0,2400.139,72.3360243410563,-72.31610691528026,72.31610691528026
viterbi_fitted_model,S-A6,10.0,2410.139,49.41353287921678,47.842937020995215,47.842937020995215
viterbi_fitted_model,S-A6,10.0,2420.139,3.6618947524817567,-0.006544592483770373,0.006544592483770373
viterbi_fitted_model,S-A6,10.0,2430.139,12.137262267685099,-12.081825276220236,12.081825276220236
viterbi_fitted_model,S-A6,10.0,2440.139,51.29276705310973,-51.320310406013604,51.320310406013604
viterbi_fitted_model,S-A6,10.0,2450.139,14.817126276991125,14.659715122454998,14.659715122454998
viterbi_fitted_model,S-A6,10.0,2460.139,45.08494928406969,-45.30614730406695,45.30614730406695
viterbi_fitted_model,S-A6,10.0,2470.139,132.12045711748306,-132.99227107376774,132.99227107376774
viterbi_fitted_model,S-A6,10.0,2480.139,115.67169558476685,-115.94965417623948,115.94965417623948
viterbi_fitted_model,S-A6,10.0,2490.139,69.51184822500669,-69.50778601097923,69.50778601097923
viterbi_fitted_model,S-A6,10.0,2500.139,47.25345022556423,47.13674930068657,47.13674930068657
viterbi_fitted_model,S-A6,10.0,2510.139,12.463214346034556,-12.741089337793511,12.741089337793511
viterbi_fitted_model,S-A6,10.0,2520.139,38.157898307557765,37.559410432082856,37.559410432082856
viterbi_fitted_model,S-A6,10.0,2530.139,45.803748365753144,45.39881551090738,45.39881551090738
viterbi_fitted_model,S-A6,10.0,2540.139,20.617276229213946,20.370394464451984,20.370394464451984
viterbi_fitted_model,S-A6,10.0,2550.139,11.513923634401825,-11.98774414119783,11.98774414119783
viterbi_fitted_model,S-A6,10.0,2560.139,55.09325812966878,-55.10954962821934,55.10954962821934
viterbi_fitted_model,S-A6,10.0,2570.139,60.32718869776713,-60.556823777579716,60.556823777579716
viterbi_fitted_model,S-A6,10.0,2580.139,44.163717857035806,-44.93593849951846,44.93593849951846
viterbi_fitted_model,S-A6,10.0,2590.139,64.84335104596227,-65.39846423834551,65.39846423834551
viterbi_fitted_model,S-A6,10.0,2600.139,109.86886585876447,-109.83864519409315,109.83864519409315
viterbi_fitted_model,S-A6,10.0,2610.139,46.093862329935,46.00662642204492,46.00662642204492
viterbi_fitted_model,S-A6,10.0,2620.139,28.96100910761756,28.87298204320135,28.87298204320135
viterbi_fitted_model,S-A6,10.0,2630.139,35.3450640416442,-35.34182945308922,35.34182945308922
viterbi_fitted_model,S-A6,10.0,2640.139,14.20211704749487,14.107133347599436,14.107133347599436
viterbi_fitted_model,S-A6,10.0,2650.139,11.464334816215302,11.496777935591371,11.496777935591371
viterbi_fitted_model,S-A6,10.0,2660.139,50.254881295193435,50.06494564256579,50.06494564256579
viterbi_fitted_model,S-A6,10.0,2670.139,0.5358870686709075,0.3539556140055389,0.3539556140055389
viterbi_fitted_model,S-A6,10.0,2680.139,7.767798307493752,-7.59816123552222,7.59816123552222
viterbi_fitted_model,S-A6,10.0,2690.139,25.05036258078082,-25.15737934698176,25.15737934698176
viterbi_fitted_model,S-A6,10.0,2700.139,26.363950469925236,26.15735738330629,26.15735738330629
viterbi_fitted_model,S-A6,10.0,2710.139,65.1605541572941,-65.49675863438532,65.49675863438532
viterbi_fitted_model,S-A6,10.0,2720.139,81.4089838776122,-81.3925569793701,81.3925569793701
viterbi_fitted_model,S-A6,10.0,2730.139,54.58186765760175,53.60869732529147,53.60869732529147
viterbi_fitted_model,S-A6,10.0,2740.139,89.4739402848417,-89.47928066355134,89.47928066355134
viterbi_fitted_model,S-A6,10.0,2750.139,90.74039835661918,-91.31899645059879,91.31899645059879
viterbi_fitted_model,S-A6,10.0,2760.139,71.35936525659156,-71.19869907441371,71.19869907441371
viterbi_fitted_model,S-A6,10.0,2770.139,90.03547447159781,-90.14819695076369,90.14819695076369
viterbi_fitted_model,S-A6,10.0,2780.139,85.54013973714393,-85.52773647807963,85.52773647807963
viterbi_fitted_model,S-A6,10.0,2790.139,136.0157179035027,-136.6072291225826,136.6072291225826
viterbi_fitted_model,S-A6,10.0,2800.139,98.53789477127081,-98.50353896774017,98.50353896774017
viterbi_fitted_model,S-A6,10.0,2810.139,34.44567540111576,34.00009713757468,34.00009713757468
viterbi_fitted_model,S-A6,10.0,2820.139,25.57190709542974,-25.55807114168353,25.55807114168353
viterbi_fitted_model,S-A6,10.0,2830.139,8.141055650287708,-8.100828542157114,8.100828542157114
viterbi_fitted_model,S-A6,10.0,2840.139,18.441662172817033,18.312345708748857,18.312345708748857
viterbi_fitted_model,S-A6,10.0,2850.139,16.227451275755964,-16.137000549572345,16.137000549572345
viterbi_fitted_model,S-A6,10.0,2860.139,27.68900883347304,-27.618909345157455,27.618909345157455
viterbi_fitted_model,S-A6,10.0,2870.139,33.513210655836055,-33.524561854958975,33.524561854958975
viterbi_fitted_model,S-A6,10.0,2880.139,89.5297099728215,-89.54425480354166,89.54425480354166
viterbi_fitted_model,S-A6,10.0,2890.139,35.36965088375277,-35.39309791179062,35.39309791179062
viterbi_fitted_model,S-A6,10.0,2900.139,26.415003853472246,26.153345436942974,26.153345436942974
viterbi_fitted_model,S-A6,10.0,2910.139,14.208797181675658,14.189785628470425,14.189785628470425
viterbi_fitted_model,S-A6,10.0,2920.139,18.862055326643322,18.644589285206138,18.644589285206138
viterbi_fitted_model,S-A6,10.0,2930.139,4.012395123022293,-3.9673071084436557,3.9673071084436557
viterbi_fitted_model,S-A6,10.0,2940.139,11.874999365788787,11.053566002563166,11.053566002563166
viterbi_fitted_model,S-A6,10.0,2950.139,53.122180188866885,53.08944482272352,53.08944482272352
viterbi_fitted_model,S-A6,10.0,2960.139,12.682403608626819,-12.236567129219907,12.236567129219907
viterbi_fitted_model,S-A6,10.0,2970.139,56.4565075447988,-56.44725161037602,56.44725161037602
viterbi_fitted_model,S-A6,10.0,2980.139,63.62461771521908,-64.4429015198124,64.4429015198124
viterbi_fitted_model,S-A6,10.0,2990.139,46.545857541760945,-46.898908967247536,46.898908967247536
viterbi_fitted_model,S-A6,10.0,3000.139,12.918103779854254,11.950724423559308,11.950724423559308
viterbi_fitted_model,S-A6,10.0,3010.139,6.095244650581084,5.481870791723118,5.481870791723118
viterbi_fitted_model,S-A6,10.0,3020.139,40.31306380556575,-40.56028022007469,40.56028022007469
viterbi_fitted_model,S-A6,10.0,3030.139,64.58302641570239,-64.54574317413542,64.54574317413542
viterbi_fitted_model,S-A6,10.0,3040.139,22.805727788796265,-22.663438196646933,22.663438196646933
viterbi_fitted_model,S-A6,10.0,3050.139,17.534332349883016,-17.612455457715555,17.612455457715555
viterbi_fitted_model,S-A6,10.0,3060.139,171.5821823555549,-172.99541096211448,172.99541096211448
viterbi_fitted_model,S-A6,10.0,3070.139,118.55546495808895,-118.70640406623713,118.70640406623713
viterbi_fitted_model,S-A6,10.0,3080.139,42.230227608837374,-42.119229463485134,42.119229463485134
viterbi_fitted_model,S-A6,10.0,3090.139,23.77391496757076,23.580874133792655,23.580874133792655
viterbi_fitted_model,S-A6,10.0,3100.139,109.27426106667484,-110.18796616328525,110.18796616328525
viterbi_fitted_model,S-A6,10.0,3110.139,165.4414632024611,-165.4929015767614,165.4929015767614
viterbi_fitted_model,S-A6,10.0,3120.139,121.08023902965469,-121.33461497607558,121.33461497607558
viterbi_fitted_model,S-A6,10.0,3130.139,51.874040115261586,-52.32246597475563,52.32246597475563
viterbi_fitted_model,S-A6,10.0,3140.139,120.8527022166032,-120.58569587447941,120.58569587447941
viterbi_fitted_model,S-A6,10.0,3150.139,66.57596697669197,-66.6930404459799,66.6930404459799
viterbi_fitted_model,S-A6,10.0,3160.139,28.93602554645857,-29.007953822990288,29.007953822990288
viterbi_fitted_model,S-A6,10.0,3170.139,32.761715260552684,32.62838305337101,32.62838305337101
viterbi_fitted_model,S-A6,10.0,3180.139,80.425616797606,80.25345064669226,80.25345064669226
viterbi_fitted_model,S-A6,10.0,3190.139,69.93736838346688,69.42155179279385,69.42155179279385
viterbi_fitted_model,S-A6,10.0,3200.139,89.32374356410693,-90.00030572052952,90.00030572052952
viterbi_fitted_model,S-A6,10.0,3210.139,26.727679326338432,-27.93184716753235,27.93184716753235
viterbi_fitted_model,S-A6,10.0,3220.139,115.76873645899158,-116.15416310623928,116.15416310623928
viterbi_fitted_model,S-A6,10.0,3230.139,161.2094266916363,-162.60660400769933,162.60660400769933
viterbi_fitted_model,S-A6,10.0,3240.139,97.53374206982487,-97.8299293346449,97.8299293346449
viterbi_fitted_model,S-A6,10.0,3250.139,5.083638854380316,4.96980234655226,4.96980234655226
viterbi_fitted_model,S-A6,10.0,3260.139,7.327374225078199,5.923838006886797,5.923838006886797
viterbi_fitted_model,S-A6,10.0,3270.139,60.455183584392124,-60.62511736880978,60.62511736880978
viterbi_fitted_model,S-A6,10.0,3280.139,57.773697511094916,-58.00284924750993,58.00284924750993
viterbi_fitted_model,S-A6,10.0,3290.139,85.70205000855107,-87.5478019668486,87.5478019668486
viterbi_fitted_model,S-A6,10.0,3300.139,90.03790097729565,-90.64742703026009,90.64742703026009
viterbi_fitted_model,S-A6,10.0,3310.139,106.82307016530339,-106.84337736031071,106.84337736031071
viterbi_fitted_model,S-A6,10.0,3320.139,116.92917281889603,-116.9868471674171,116.9868471674171
viterbi_fitted_model,S-A6,10.0,3330.139,86.89188564981788,-86.9544135837055,86.9544135837055
viterbi_fitted_model,S-A6,10.0,3340.139,15.78957502520656,-14.7055965874385,14.7055965874385
viterbi_fitted_model,S-A6,10.0,3350.139,40.86454322850822,-40.942724059413585,40.942724059413585
viterbi_fitted_model,S-A6,10.0,3360.139,64.64565102241436,-65.29397055172363,65.29397055172363
viterbi_fitted_model,S-A6,10.0,3370.139,82.43215613099633,-82.15392421988165,82.15392421988165
viterbi_fitted_model,S-A6,10.0,3380.139,60.299052023683615,-60.945006317684026,60.945006317684026
viterbi_fitted_model,S-A6,10.0,3390.139,26.533183405417,-26.178012847137797,26.178012847137797
viterbi_fitted_model,S-A6,10.0,3400.139,137.65532220867397,-137.6131667871189,137.6131667871189
viterbi_fitted_model,S-A6,10.0,3410.139,122.77343966164567,-122.79260034248045,122.79260034248045
viterbi_fitted_model,S-A6,10.0,3420.139,132.50343184176046,-132.25943282454315,132.25943282454315
viterbi_fitted_model,S-A6,10.0,3430.139,102.21879627388311,-103.21494909463564,103.21494909463564
viterbi_fitted_model,S-A6,10.0,3440.139,151.00366557935868,-151.09990935916312,151.09990935916312
viterbi_fitted_model,S-A6,10.0,3450.139,166.15678053410622,-167.31105025536252,167.31105025536252
viterbi_fitted_model,S-A6,10.0,3460.139,87.94556309973258,-88.32499714563917,88.32499714563917
viterbi_fitted_model,S-A6,10.0,3470.139,110.81874158379212,-110.63952885762718,110.63952885762718
viterbi_fitted_model,S-A6,10.0,3480.139,95.57102770202886,-95.4820211023204,95.4820211023204
viterbi_fitted_model,S-A6,10.0,3490.139,34.011741063717,-34.01514460082787,34.01514460082787
viterbi_fitted_model,S-A6,10.0,3500.139,37.91402307604894,-38.15342795483571,38.15342795483571
viterbi_fitted_model,S-A6,10.0,3510.139,17.568171074921505,-17.815293936176705,17.815293936176705
viterbi_fitted_model,S-A6,10.0,3520.139,119.72297508516883,-119.87458021530651,119.87458021530651
viterbi_fitted_model,S-A6,10.0,3530.139,168.08250454417902,-168.34556910724734,168.34556910724734
viterbi_fitted_model,S-A6,10.0,3540.139,91.38205066143993,-91.85761839175511,91.85761839175511
viterbi_fitted_model,S-A6,10.0,3550.139,143.7667854776037,-141.8832735971922,141.8832735971922
viterbi_fitted_model,S-A6,10.0,3560.139,79.35888208750269,-79.3889071873123,79.3889071873123
viterbi_fitted_model,S-A6,10.0,3570.139,33.50592445238211,-33.4773131125787,33.4773131125787
viterbi_fitted_model,S-A6,10.0,3580.139,31.14028744244645,-31.595357608521393,31.595357608521393
viterbi_fitted_model,S-A6,10.0,3590.139,80.04841308865484,78.8179237386198,78.8179237386198
viterbi_fitted_model,S-A6,10.0,3600.139,54.868329898738274,54.21241075684726,54.21241075684726
viterbi_fitted_model,S-A6,10.0,3610.139,8.945580171384199,-9.034780849344333,9.034780849344333
viterbi_fitted_model,S-A6,10.0,3620.139,3.1141352239727764,-3.2499355047953387,3.2499355047953387
viterbi_fitted_model,S-A6,10.0,3630.139,17.771226868367897,-17.93326527848851,17.93326527848851
viterbi_fitted_model,S-A6,10.0,3640.139,38.256026415403255,-38.3149481612283,38.3149481612283
viterbi_fitted_model,S-A6,10.0,3650.139,26.023645356886686,-26.136100035524183,26.136100035524183
viterbi_fitted_model,S-A6,10.0,3660.139,19.62145798135608,-19.857140887293394,19.857140887293394
viterbi_fitted_model,S-A6,10.0,3670.139,2.6679362498012127,-2.6857441736293275,2.6857441736293275
viterbi_fitted_model,S-A6,10.0,3680.139,11.662399276385392,11.715663980997704,11.715663980997704
viterbi_fitted_model,S-A6,10.0,3690.139,7.958353603303747,7.210006539634577,7.210006539634577
viterbi_fitted_model,S-A6,10.0,3700.139,16.555910905578926,-16.573293047780933,16.573293047780933
viterbi_fitted_model,S-A6,10.0,3710.139,4.063973609978522,2.588342189486198,2.588342189486198
viterbi_fitted_model,S-A6,10.0,3720.139,66.4742932066358,-67.15696649805389,67.15696649805389
viterbi_fitted_model,S-A6,10.0,3730.139,167.4373573474502,-167.58590463646215,167.58590463646215
viterbi_fitted_model,S-A6,10.0,3740.139,165.8197417162626,-165.81296179820447,165.81296179820447
viterbi_fitted_model,S-A6,10.0,3750.139,62.58751718810767,-62.789010651093854,62.789010651093854
viterbi_fitted_model,S-A6,10.0,3760.139,65.40311730588559,-65.56468567474197,65.56468567474197
viterbi_fitted_model,S-A6,10.0,3770.139,98.42233687108815,-98.74580652786474,98.74580652786474
viterbi_fitted_model,S-A6,10.0,3780.139,130.67541956175037,-130.89068991891975,130.89068991891975
viterbi_fitted_model,S-A6,10.0,3790.139,143.10405814708923,-143.1890649199041,143.1890649199041
viterbi_fitted_model,S-A6,10.0,3800.139,57.07147405185048,-57.337321723480954,57.337321723480954
viterbi_fitted_model,S-A6,10.0,3810.139,107.07788539137094,-107.50886393558102,107.50886393558102
viterbi_fitted_model,S-A6,10.0,3820.139,18.69350506528909,-18.828907042654635,18.828907042654635
viterbi_fitted_model,S-A6,10.0,3830.139,44.34758335588931,44.052034938484425,44.052034938484425
viterbi_fitted_model,S-A6,10.0,3840.139,36.63300145302301,36.58146374275147,36.58146374275147
viterbi_fitted_model,S-A6,10.0,3850.139,39.17071483571026,38.93406238928897,38.93406238928897
viterbi_fitted_model,S-A6,10.0,3860.139,6.313782291763468,4.682587156908546,4.682587156908546
viterbi_fitted_model,S-A6,10.0,3870.139,17.1897866324992,16.38054840285796,16.38054840285796
viterbi_fitted_model,S-A6,10.0,3880.139,34.90206840695988,34.75008388851343,34.75008388851343
viterbi_fitted_model,S-A6,10.0,3890.139,17.69223035731761,17.445890480219614,17.445890480219614
viterbi_fitted_model,S-A6,10.0,3900.139,28.874569446064168,28.433046801175077,28.433046801175077
viterbi_fitted_model,S-A6,10.0,3910.139,69.4536445631166,68.60096699170143,68.60096699170143
viterbi_fitted_model,S-A6,10.0,3920.139,65.66496521442572,65.53498729977387,65.53498729977387
viterbi_fitted_model,S-A6,10.0,3930.139,67.28145876478601,67.23703706982212,67.23703706982212
viterbi_fitted_model,S-A6,10.0,3940.139,74.22161465847162,74.17158405431117,74.17158405431117
viterbi_fitted_model,S-A6,10.0,3950.139,15.203294900910794,14.328931519677596,14.328931519677596
viterbi_fitted_model,S-A6,10.0,3960.139,26.24307012374497,25.92890951481442,25.92890951481442
viterbi_fitted_model,S-A6,10.0,3970.139,61.170247597824755,60.88533917326042,60.88533917326042
viterbi_fitted_model,S-A6,10.0,3980.139,99.40375882282888,99.33055199298762,99.33055199298762
viterbi_fitted_model,S-A6,10.0,3990.139,60.07589198555847,59.86565009571547,59.86565009571547
viterbi_fitted_model,S-A6,10.0,4000.139,8.142017198163563,-8.35213069054187,8.35213069054187
viterbi_fitted_model,S-A6,10.0,4010.139,18.19883821612296,-18.193995171179843,18.193995171179843
viterbi_fitted_model,S-A6,10.0,4020.139,30.846487281509965,-31.31209340822562,31.31209340822562
viterbi_fitted_model,S-A6,10.0,4030.139,2.5079730052288256,-1.3842463884829286,1.3842463884829286
viterbi_fitted_model,S-A6,10.0,4040.139,5.010722178559436,-4.705409788310469,4.705409788310469
viterbi_fitted_model,S-A6,10.0,4050.139,37.780483497207676,-37.899579181668074,37.899579181668074
viterbi_fitted_model,S-A6,10.0,4060.139,6.315620574851365,-4.910355917072906,4.910355917072906
viterbi_fitted_model,S-A6,10.0,4070.139,3.5028439494737813,3.127513017218348,3.127513017218348
viterbi_fitted_model,S-A6,10.0,4080.139,17.88081683884537,-18.012104497336182,18.012104497336182
viterbi_fitted_model,S-A6,10.0,4090.139,8.597526457412824,-5.708602994689251,5.708602994689251
viterbi_fitted_model,S-A6,10.0,4100.139,8.257836144580063,-8.450988035642002,8.450988035642002
viterbi_fitted_model,S-A6,10.0,4110.139,55.335804150780206,54.6815943890016,54.6815943890016
viterbi_fitted_model,S-A6,10.0,4120.139,58.43689884191172,58.085929381074365,58.085929381074365
viterbi_fitted_model,S-A6,10.0,4130.139,1.3914344301266155,-1.2735519403380877,1.2735519403380877
viterbi_fitted_model,S-A6,10.0,4140.139,35.20142421114451,-35.13817047612923,35.13817047612923
viterbi_fitted_model,S-A6,10.0,4150.139,55.57951386212002,-55.73426781276979,55.73426781276979
viterbi_fitted_model,S-A6,10.0,4160.139,38.971929961668515,38.16970506162241,38.16970506162241
viterbi_fitted_model,S-A6,10.0,4170.139,45.48425217444643,45.07816188187377,45.07816188187377
viterbi_fitted_model,S-A6,10.0,4180.139,47.18310636438992,-47.238536309864266,47.238536309864266
viterbi_fitted_model,S-A6,10.0,4190.139,111.07962510380757,-111.14867677665282,111.14867677665282
viterbi_fitted_model,S-A6,10.0,4200.139,38.794593600607826,-38.91482190168058,38.91482190168058
viterbi_fitted_model,S-A6,10.0,4210.139,45.40313789181366,-45.17971099501251,45.17971099501251
viterbi_fitted_model,S-A6,10.0,4220.139,77.92224774952817,-76.97633052100835,76.97633052100835
viterbi_fitted_model,S-A6,10.0,4230.139,25.482872311595656,23.74657674932109,23.74657674932109
viterbi_fitted_model,S-A6,10.0,4240.139,54.96361517132875,54.81665727399837,54.81665727399837
viterbi_fitted_model,S-A6,10.0,4250.139,24.44780497879156,-24.51163924174269,24.51163924174269
viterbi_fitted_model,S-A6,10.0,4260.139,9.157120089362241,-9.255184831508934,9.255184831508934
viterbi_fitted_model,S-A6,10.0,4270.139,3.611757258201313,-3.362194899618032,3.362194899618032
viterbi_fitted_model,S-A6,10.0,4280.139,35.28300037240546,-34.84972978135604,34.84972978135604
viterbi_fitted_model,S-A6,10.0,4290.139,37.767656067761195,-38.23216333517212,38.23216333517212
viterbi_fitted_model,S-A6,10.0,4300.139,125.41676841856311,-125.32804843659287,125.32804843659287
viterbi_fitted_model,S-A6,10.0,4310.139,141.86358944027626,-141.6655570030647,141.6655570030647
viterbi_fitted_model,S-A6,10.0,4320.139,58.33936967199715,-58.51464730910318,58.51464730910318
viterbi_fitted_model,S-A6,10.0,4330.139,119.12012341883904,-119.74922815692156,119.74922815692156
viterbi_fitted_model,S-A6,10.0,4340.139,114.66094816138144,-115.35014337773096,115.35014337773096
viterbi_fitted_model,S-A6,10.0,4350.139,77.81727482207666,-77.88320451040248,77.88320451040248
viterbi_fitted_model,S-A6,10.0,4360.139,3.6127038356589307,-3.5860979224767036,3.5860979224767036
viterbi_fitted_model,S-A6,10.0,4370.139,10.851719428738265,-10.85078092036921,10.85078092036921
viterbi_fitted_model,S-A6,10.0,4380.139,5.278996079771294,-5.031545701498782,5.031545701498782
viterbi_fitted_model,S-A6,10.0,4390.139,7.24985786025476,-7.234187081729466,7.234187081729466
viterbi_fitted_model,S-A6,10.0,4400.139,4.809174012149432,4.773181574863759,4.773181574863759
viterbi_fitted_model,S-A6,10.0,4410.139,56.59952223023527,56.594400661387056,56.594400661387056
viterbi_fitted_model,S-A6,10.0,4420.139,16.837583639498845,16.759191010274616,16.759191010274616
viterbi_fitted_model,S-A6,10.0,4430.139,20.09685558457422,19.997724092978743,19.997724092978743
viterbi_fitted_model,S-A6,10.0,4440.139,44.285397616169774,44.279330700821504,44.279330700821504
viterbi_fitted_model,S-A6,10.0,4450.139,23.508673448104183,-23.7074941744256,23.7074941744256
viterbi_fitted_model,S-A6,10.0,4460.139,113.20283366627093,-113.0349558942824,113.0349558942824
viterbi_fitted_model,S-A6,10.0,4470.139,135.63053180126846,-135.8595250655423,135.8595250655423
viterbi_fitted_model,S-A6,10.0,4480.139,30.564814081944814,-30.55477807001964,30.55477807001964
viterbi_fitted_model,S-A6,10.0,4490.139,52.09035600751141,51.97843025429589,51.97843025429589
viterbi_fitted_model,S-A6,10.0,4500.139,74.32469362565102,74.02504471993099,74.02504471993099
viterbi_fitted_model,S-A6,10.0,4510.139,13.601937441954783,-13.292713113765277,13.292713113765277
viterbi_fitted_model,S-A6,10.0,4520.139,49.78561137159175,49.190656801820026,49.190656801820026
viterbi_fitted_model,S-A6,10.0,4530.139,7.238682465932018,-7.22225104388124,7.22225104388124
viterbi_fitted_model,S-A6,10.0,4540.139,56.519862566597006,-56.54378515644177,56.54378515644177
viterbi_fitted_model,S-A6,10.0,4550.139,50.787670176808284,50.499220600522705,50.499220600522705
viterbi_fitted_model,S-A6,10.0,4560.139,46.655096306656716,45.93500583074744,45.93500583074744
viterbi_fitted_model,S-A6,10.0,4570.139,54.38099079339892,52.8851947391145,52.8851947391145
viterbi_fitted_model,S-A6,10.0,4580.139,168.14797171979464,167.88422820849726,167.88422820849726
viterbi_fitted_model,S-A6,10.0,4590.139,178.82655392158648,178.64892681721108,178.64892681721108
viterbi_fitted_model,S-A6,10.0,4600.139,173.1203913276587,172.7898412312768,172.7898412312768
viterbi_fitted_model,S-A6,10.0,4610.139,24.60711929291626,-25.066209813581686,25.066209813581686
viterbi_fitted_model,S-A6,10.0,4620.139,48.88138501114688,-48.8462935177687,48.8462935177687
viterbi_fitted_model,S-A6,10.0,4630.139,32.34532420023073,-32.69268872095202,32.69268872095202
viterbi_fitted_model,S-A6,10.0,4640.139,6.616225504485943,-6.562814281622721,6.562814281622721
viterbi_fitted_model,S-A6,10.0,4650.139,117.29885926691574,-117.33957121927799,117.33957121927799
viterbi_fitted_model,S-A6,10.0,4660.139,171.5471351553564,-171.66421639229543,171.66421639229543
viterbi_fitted_model,S-A6,10.0,4670.139,10.075366769394401,-10.259219565396062,10.259219565396062
viterbi_fitted_model,S-A6,10.0,4680.139,8.95973686801719,-8.256032749438788,8.256032749438788
viterbi_fitted_model,S-A6,10.0,4690.139,43.60128178760441,-43.618293199844125,43.618293199844125
viterbi_fitted_model,S-A6,10.0,4700.139,19.016971853586558,-19.105108108885503,19.105108108885503
viterbi_fitted_model,S-A6,10.0,4710.139,10.75241595181007,-10.934826705400422,10.934826705400422
viterbi_fitted_model,S-A6,10.0,4720.139,9.608891543501333,-8.897655116775127,8.897655116775127
viterbi_fitted_model,S-A6,10.0,4730.139,10.10513401170858,-9.939297883152303,9.939297883152303
viterbi_fitted_model,S-A6,10.0,4740.139,19.464035580704827,-19.473176778973432,19.473176778973432
viterbi_fitted_model,S-A6,10.0,4750.139,7.011899716352501,-6.934982265776259,6.934982265776259
viterbi_fitted_model,S-A6,10.0,4760.139,5.360793379919839,-4.473830544842677,4.473830544842677
viterbi_fitted_model,S-A6,10.0,4770.139,28.715619740213928,-28.12006579321724,28.12006579321724
viterbi_fitted_model,S-A6,10.0,4780.139,9.498206001572912,9.11127214998631,9.11127214998631
viterbi_fitted_model,S-A6,10.0,4790.139,15.387096032467884,15.298679858357904,15.298679858357904
viterbi_fitted_model,S-A6,10.0,4800.139,33.85796885227857,32.848885144488946,32.848885144488946
viterbi_fitted_model,S-A6,10.0,4810.139,7.969807903293761,7.011633809531887,7.011633809531887
viterbi_fitted_model,S-A6,10.0,4820.139,31.36990583044925,31.177762574635874,31.177762574635874
viterbi_fitted_model,S-A6,10.0,4830.139,41.726445673301654,41.45208274455351,41.45208274455351
viterbi_fitted_model,S-A6,10.0,4840.139,62.78642861349963,60.299739309848874,60.299739309848874
viterbi_fitted_model,S-A6,10.0,4850.139,52.24111177543267,-53.838284754146386,53.838284754146386
viterbi_fitted_model,S-A6,10.0,4860.139,2.6635371320902363,-2.235704493834511,2.235704493834511
viterbi_fitted_model,S-A6,10.0,4870.139,46.847516036455254,-48.785155514967386,48.785155514967386
viterbi_fitted_model,S-A6,10.0,4880.139,28.615370222618758,-29.754777525402424,29.754777525402424
viterbi_fitted_model,S-A6,10.0,4890.139,48.33063456381138,-49.55546982079422,49.55546982079422
viterbi_fitted_model,S-A6,10.0,4900.139,157.60737725907507,-157.7891839959543,157.7891839959543
viterbi_fitted_model,S-A6,10.0,4910.139,9.975722829483232,-9.305277867654763,9.305277867654763
viterbi_fitted_model,S-A6,10.0,4920.139,155.8413136360249,-162.2981547385573,162.2981547385573
viterbi_fitted_model,S-A6,10.0,4930.139,170.83961517973236,-170.88114179449153,170.88114179449153
viterbi_fitted_model,S-A6,10.0,4940.139,37.927346814368256,37.480365331179925,37.480365331179925
viterbi_fitted_model,S-A6,10.0,4950.139,15.73951697237113,15.234550464972045,15.234550464972045
viterbi_fitted_model,S-A6,10.0,4960.139,87.214223862276,-87.52989528177056,87.52989528177056
viterbi_fitted_model,S-A6,10.0,4970.139,17.731056821121218,17.307970721510472,17.307970721510472
viterbi_fitted_model,S-A6,10.0,4980.139,9.233441329852662,8.315339420247675,8.315339420247675
viterbi_fitted_model,S-A6,10.0,4990.139,128.3042771978647,-128.19723229823873,128.19723229823873
viterbi_fitted_model,S-A6,10.0,5000.139,150.76888355463305,-150.73965461429705,150.73965461429705
viterbi_fitted_model,S-A6,10.0,5010.139,22.053253796877364,21.938114810207598,21.938114810207598
viterbi_fitted_model,S-A6,10.0,5020.139,59.71501486975444,59.22492601385194,59.22492601385194
viterbi_fitted_model,S-A6,10.0,5030.139,5.528204778864063,-5.630883727364463,5.630883727364463
viterbi_fitted_model,S-A6,10.0,5040.139,24.568061464490906,-24.730020286959753,24.730020286959753
viterbi_fitted_model,S-A6,10.0,5050.139,73.87468180087035,-73.92617186693083,73.92617186693083
viterbi_fitted_model,S-A6,10.0,5060.139,72.62289668098681,-72.9687844720631,72.9687844720631
viterbi_fitted_model,S-A6,10.0,5070.139,26.098376510364034,-26.191076693048956,26.191076693048956
viterbi_fitted_model,S-A6,10.0,5080.139,68.74203551550431,68.33823619044644,68.33823619044644
viterbi_fitted_model,S-A6,10.0,5090.139,75.67792181534445,67.66102731306086,67.66102731306086
viterbi_fitted_model,S-A6,10.0,5560.139,20.541452875618248,-20.665361907682154,20.665361907682154
viterbi_fitted_model,S-A6,10.0,5570.139,141.95184252801448,141.91728728287907,141.91728728287907
viterbi_fitted_model,S-A6,10.0,5580.139,77.59675644553735,77.57410823437526,77.57410823437526
viterbi_fitted_model,S-A6,10.0,5590.139,33.82698410869346,33.65438890628498,33.65438890628498
viterbi_fitted_model,S-A6,10.0,5600.139,53.447998710964775,52.81485955906346,52.81485955906346
viterbi_fitted_model,S-A6,10.0,5610.139,56.462822984754496,56.419406342546466,56.419406342546466
viterbi_fitted_model,S-A6,10.0,5620.139,5.020068945160248,-4.288868920838713,4.288868920838713
viterbi_fitted_model,S-A6,10.0,5630.139,3.8920849357949527,3.53324510808055,3.53324510808055
viterbi_fitted_model,S-A6,10.0,5640.139,2.0741695527552055,-2.1873232599401042,2.1873232599401042
viterbi_fitted_model,S-A6,10.0,5650.139,0.8097932053688867,-0.5072669783121846,0.5072669783121846
viterbi_fitted_model,S-A6,10.0,5660.139,31.152040715694827,-32.21029586327161,32.21029586327161
viterbi_fitted_model,S-A6,10.0,5670.139,89.18346617448991,-90.8661247408723,90.8661247408723
viterbi_fitted_model,S-A6,10.0,5680.139,111.54340391812912,-111.64595459119406,111.64595459119406
viterbi_fitted_model,S-A6,10.0,5690.139,70.13545709270332,-70.0023243179049,70.0023243179049
viterbi_fitted_model,S-A6,10.0,5700.139,104.73540975116588,-104.94300381807699,104.94300381807699
viterbi_fitted_model,S-A6,10.0,5710.139,51.57166877101429,-52.17925551406245,52.17925551406245
viterbi_fitted_model,S-A6,10.0,5720.139,13.361049103134352,13.25448980332672,13.25448980332672
viterbi_fitted_model,S-A6,10.0,5730.139,10.505159643199818,-10.227515793405022,10.227515793405022
viterbi_fitted_model,S-A6,10.0,5740.139,7.081589238314252,6.411792396473896,6.411792396473896
viterbi_fitted_model,S-A6,10.0,5750.139,68.2220634342401,67.90017432017773,67.90017432017773
viterbi_fitted_model,S-A6,10.0,5760.139,22.953177764558415,22.591335082169042,22.591335082169042
viterbi_fitted_model,S-A6,10.0,5770.139,21.706627316407527,20.38662710052047,20.38662710052047
viterbi_fitted_model,S-A6,10.0,5780.139,15.27221468198839,13.278451732996729,13.278451732996729
viterbi_fitted_model,S-A6,10.0,5790.139,27.711388908330814,26.450714710750287,26.450714710750287
viterbi_fitted_model,S-A6,10.0,5800.139,27.236089921698923,26.529925794923713,26.529925794923713
viterbi_fitted_model,S-A6,10.0,5810.139,11.07756740584464,-11.586190975289211,11.586190975289211
viterbi_fitted_model,S-A6,10.0,5820.139,39.26354769938956,-39.84061226740418,39.84061226740418
viterbi_fitted_model,S-A6,10.0,5830.139,31.67488378456229,30.815192410766524,30.815192410766524
viterbi_fitted_model,S-A6,10.0,5840.139,25.704931119928077,25.409035024788018,25.409035024788018
viterbi_fitted_model,S-A6,10.0,5850.139,60.27278007191071,60.00498358461769,60.00498358461769
viterbi_fitted_model,S-A6,10.0,5860.139,49.382739918908456,48.99387535563943,48.99387535563943
viterbi_fitted_model,S-A6,10.0,5870.139,119.02698026754966,-119.70582181636865,119.70582181636865
viterbi_fitted_model,S-A6,10.0,5880.139,99.41003100454691,-99.78378102442836,99.78378102442836
viterbi_fitted_model,S-A6,10.0,5890.139,47.136966399848525,-47.57760583949892,47.57760583949892
viterbi_fitted_model,S-A6,10.0,5900.139,61.975981097104714,61.57896628726861,61.57896628726861
viterbi_fitted_model,S-A6,10.0,5910.139,16.83689476290039,-16.34930064871947,16.34930064871947
viterbi_fitted_model,S-A6,10.0,5920.139,10.617123927225915,9.659307913827739,9.659307913827739
viterbi_fitted_model,S-A6,10.0,5930.139,90.2908924313936,90.15913035512494,90.15913035512494
viterbi_fitted_model,S-A6,10.0,5940.139,19.349245522430273,18.393040003581323,18.393040003581323
viterbi_fitted_model,S-A6,10.0,5950.139,42.33799613983734,40.27360472987474,40.27360472987474
viterbi_fitted_model,S-A6,10.0,5960.139,48.356897045380116,47.36558885334184,47.36558885334184
viterbi_fitted_model,S-A6,10.0,5970.139,41.90817549918818,-42.02548742646885,42.02548742646885
viterbi_fitted_model,S-A6,10.0,5980.139,35.817091970159616,-37.00468553910956,37.00468553910956
viterbi_fitted_model,S-A6,10.0,5990.139,60.218016938461886,-61.158166031699565,61.158166031699565
viterbi_fitted_model,S-A6,10.0,6000.139,31.497598464711682,-32.12798181292321,32.12798181292321
viterbi_fitted_model,S-A6,10.0,6010.139,2.799984392454898,2.7346040854285008,2.7346040854285008
viterbi_fitted_model,S-A6,10.0,6020.139,178.62056818078423,-179.92724308445054,179.92724308445054
viterbi_fitted_model,S-A6,10.0,6030.139,149.12563460406966,-149.44624783884896,149.44624783884896
viterbi_fitted_model,S-A6,10.0,6040.139,205.5701969203038,-207.30307640504307,207.30307640504307
viterbi_fitted_model,S-A6,10.0,6050.139,72.53152929452968,-72.76226959589681,72.76226959589681
viterbi_fitted_model,S-A6,10.0,6060.139,62.92839664798268,-63.51227440173928,63.51227440173928
viterbi_fitted_model,S-A6,10.0,6070.139,3.215815892389194,-2.191008827509254,2.191008827509254
viterbi_fitted_model,S-A6,10.0,6080.139,19.690108173296437,19.341853552740485,19.341853552740485
viterbi_fitted_model,S-A6,10.0,6090.139,137.09728355920797,-137.5603785651705,137.5603785651705
viterbi_fitted_model,S-A6,10.0,6100.139,148.23861273365003,-147.73521249714832,147.73521249714832
viterbi_fitted_model,S-A6,10.0,6110.139,18.58799748472053,18.373452149920812,18.373452149920812
viterbi_fitted_model,S-A6,10.0,6120.139,104.3788346517835,-104.42255308164462,104.42255308164462
viterbi_fitted_model,S-A6,10.0,6130.139,166.97457123245354,-168.09491589459375,168.09491589459375
viterbi_fitted_model,S-A6,10.0,6140.139,43.13876933684847,40.95712002751163,40.95712002751163
viterbi_fitted_model,S-A6,10.0,6150.139,92.7183729836981,-92.0340383158717,92.0340383158717
viterbi_fitted_model,S-A6,10.0,6160.139,211.46045837212236,-213.3699106526326,213.3699106526326
viterbi_fitted_model,S-A6,10.0,6170.139,143.90595595863238,-144.27451137735073,144.27451137735073
viterbi_fitted_model,S-A6,10.0,6180.139,35.74929910640817,-35.895075049141184,35.895075049141184
viterbi_fitted_model,S-A6,10.0,6190.139,177.23794153564575,-177.59754244424988,177.59754244424988
viterbi_fitted_model,S-A6,10.0,6200.139,218.9903580713402,-219.78873890311417,219.78873890311417
viterbi_fitted_model,S-A6,10.0,6210.139,122.04054421724777,-122.17985637975194,122.17985637975194
viterbi_fitted_model,S-A6,10.0,6220.139,142.50836136870805,-143.64484083958558,143.64484083958558
viterbi_fitted_model,S-A6,10.0,6230.139,10.573769302113002,1.282755229509732,1.282755229509732
viterbi_fitted_model,S-A6,10.0,6240.139,64.00050510734489,63.57379274302221,63.57379274302221
viterbi_fitted_model,S-A6,10.0,6250.139,26.554831542789294,-27.172127953726513,27.172127953726513
viterbi_fitted_model,S-A6,10.0,6260.139,116.13563486302998,-116.0211706097272,116.0211706097272
viterbi_fitted_model,S-A6,10.0,6270.139,8.611990899989472,6.811712603264915,6.811712603264915
viterbi_fitted_model,S-A6,10.0,6280.139,109.01130224244493,-109.39154051713525,109.39154051713525
viterbi_fitted_model,S-A6,10.0,6290.139,45.08807375220092,-45.046419089233886,45.046419089233886
viterbi_fitted_model,S-A6,10.0,6300.139,54.11940244182232,53.5777064384678,53.5777064384678
viterbi_fitted_model,S-A6,10.0,6310.139,48.88634523818657,48.393055586969034,48.393055586969034
viterbi_fitted_model,S-A6,10.0,6320.139,46.44114326409431,45.48309440876484,45.48309440876484
viterbi_fitted_model,S-A6,10.0,6330.139,2.2475228918495693,-0.07417916236539668,0.07417916236539668
viterbi_fitted_model,S-A6,10.0,6340.139,22.42522339227388,-22.498361106299456,22.498361106299456
viterbi_fitted_model,S-A6,10.0,6350.139,28.815571880917435,-28.822443576679124,28.822443576679124
viterbi_fitted_model,S-A6,10.0,6360.139,9.070286254162138,-8.906973689475926,8.906973689475926
viterbi_fitted_model,S-A6,10.0,6370.139,14.548878469926208,-14.476611368038267,14.476611368038267
viterbi_fitted_model,S-A6,10.0,6380.139,14.061080333261026,-13.603360036113603,13.603360036113603
viterbi_fitted_model,S-A6,10.0,6390.139,50.83341905752479,50.77025729317725,50.77025729317725
viterbi_fitted_model,S-A6,10.0,6400.139,76.52396971047001,76.46415488308526,76.46415488308526
viterbi_fitted_model,S-A6,10.0,6410.139,13.086668288675673,12.970808522904388,12.970808522904388
viterbi_fitted_model,S-A6,10.0,6420.139,58.063549615555225,-58.243162978696105,58.243162978696105
viterbi_fitted_model,S-A6,10.0,6430.139,56.84679888117452,-57.35057248388334,57.35057248388334
viterbi_fitted_model,S-A6,10.0,6440.139,5.354985827236533,3.717342758507968,3.717342758507968
viterbi_fitted_model,S-A6,10.0,6450.139,5.909175194700685,4.425267894926847,4.425267894926847
viterbi_fitted_model,S-A6,10.0,6460.139,61.277757713347945,-61.4781277831522,61.4781277831522
viterbi_fitted_model,S-A6,10.0,6470.139,62.36977652526995,-63.29709868545886,63.29709868545886
viterbi_fitted_model,S-A6,10.0,6480.139,39.024387967867824,-38.73872929120765,38.73872929120765
viterbi_fitted_model,S-A6,10.0,6490.139,18.751351755847395,-18.839316952622866,18.839316952622866
viterbi_fitted_model,S-A6,10.0,6500.139,10.73375485539897,-10.562713812757991,10.562713812757991
viterbi_fitted_model,S-A6,10.0,6510.139,11.78296983247591,10.17897537266817,10.17897537266817
viterbi_fitted_model,S-A6,10.0,6520.139,5.459511169336164,-5.917506609971177,5.917506609971177
viterbi_fitted_model,S-A6,10.0,6530.139,45.91922986277135,-46.56840805221988,46.56840805221988
viterbi_fitted_model,S-A6,10.0,6540.139,38.75872336010946,-38.89904701932092,38.89904701932092
viterbi_fitted_model,S-A6,10.0,6550.139,22.49210973209431,-22.917391376170354,22.917391376170354
viterbi_fitted_model,S-A6,10.0,6560.139,65.00645206336252,-64.27929291258867,64.27929291258867
viterbi_fitted_model,S-A6,10.0,6570.139,14.315099189351072,-13.132537777940126,13.132537777940126
viterbi_fitted_model,S-A6,10.0,6580.139,10.81948365694546,-10.064171896719657,10.064171896719657
viterbi_fitted_model,S-A6,10.0,6590.139,9.815514242007643,-9.977788048679631,9.977788048679631
viterbi_fitted_model,S-A6,10.0,6600.139,40.51935930766319,40.322168654731016,40.322168654731016
viterbi_fitted_model,S-A6,10.0,6610.139,11.264827219756336,10.63167084598036,10.63167084598036
viterbi_fitted_model,S-A6,10.0,6620.139,5.010256506702692,2.608155575528034,2.608155575528034
viterbi_fitted_model,S-A6,10.0,6630.139,8.993857115387318,7.901045731030649,7.901045731030649
viterbi_fitted_model,S-A6,10.0,6640.139,20.20008093321971,20.033805694214298,20.033805694214298
viterbi_fitted_model,S-A6,10.0,6650.139,5.787306166039393,4.646452194065645,4.646452194065645
viterbi_fitted_model,S-A6,10.0,6660.139,16.02276374997783,15.10760047136758,15.10760047136758
viterbi_fitted_model,S-A6,10.0,6670.139,23.527100729190995,20.266505209232847,20.266505209232847
viterbi_fitted_model,S-A6,10.0,6680.139,41.37398666281525,39.0291578048393,39.0291578048393
viterbi_fitted_model,S-A6,10.0,6690.139,37.14837588390385,34.24401994808977,34.24401994808977
viterbi_fitted_model,S-A6,10.0,6700.139,25.52764849103323,21.251334790188434,21.251334790188434
viterbi_fitted_model,S-A6,10.0,6710.139,3.369940866824255,0.43041021182734696,0.43041021182734696
viterbi_fitted_model,S-A6,10.0,6720.139,31.364735893830087,-32.017155172398525,32.017155172398525
viterbi_fitted_model,S-A6,10.0,6730.139,30.16245675718456,26.430632415135033,26.430632415135033
viterbi_fitted_model,S-A6,10.0,6740.139,27.373010010493378,25.746402187416106,25.746402187416106
viterbi_fitted_model,S-A6,10.0,6750.139,8.7977777108976,-7.042966223989783,7.042966223989783
viterbi_fitted_model,S-A6,10.0,6760.139,40.639064847879126,-40.61445892705109,40.61445892705109
viterbi_fitted_model,S-A6,10.0,6770.139,31.252372480393937,14.510252755500648,14.510252755500648
viterbi_fitted_model,S-A6,10.0,6780.139,85.03463198433244,84.92847186996369,84.92847186996369
viterbi_fitted_model,S-A6,10.0,6790.139,61.69624588047971,61.669747458785366,61.669747458785366
viterbi_fitted_model,S-A6,10.0,6800.139,15.040993980224988,-15.32295646659762,15.32295646659762
viterbi_fitted_model,S-A6,10.0,6810.139,101.97919123776967,-102.07392627596566,102.07392627596566
viterbi_fitted_model,S-A6,10.0,6820.139,64.19092328662681,-64.08694100751009,64.08694100751009
viterbi_fitted_model,S-A6,10.0,6830.139,109.38808693397071,-109.2653116687046,109.2653116687046
viterbi_fitted_model,S-A6,10.0,6840.139,41.92592265853364,-42.03891843925341,42.03891843925341
viterbi_fitted_model,S-A6,10.0,6850.139,24.630648692127153,-24.213722518320775,24.213722518320775
viterbi_fitted_model,S-A6,10.0,6860.139,69.45255739430166,-69.70288067344984,69.70288067344984
viterbi_fitted_model,S-A6,10.0,6870.139,11.680741505037497,-10.939802260956068,10.939802260956068
viterbi_fitted_model,S-A6,10.0,6880.139,87.66330284866852,-87.87932601470303,87.87932601470303
viterbi_fitted_model,S-A6,10.0,6890.139,25.513890944454108,-25.618125181881197,25.618125181881197
viterbi_fitted_model,S-A6,10.0,6900.139,46.38946706819914,45.414554868079385,45.414554868079385
viterbi_fitted_model,S-A6,10.0,6910.139,32.09501164309735,30.91941179488866,30.91941179488866
viterbi_fitted_model,S-A6,10.0,6920.139,101.22006389885229,100.83004162125096,100.83004162125096
viterbi_fitted_model,S-A6,10.0,6930.139,208.82114441469508,206.6821657878018,206.6821657878018
viterbi_fitted_model,S-A6,10.0,6940.139,124.08710329985773,170.9985791656132,170.9985791656132
viterbi_fitted_model,S-A6,10.0,6950.139,82.19750027061046,10.86214135097611,10.86214135097611
viterbi_fitted_model,S-A6,10.0,6960.139,34.8257784170115,-37.94195884543551,37.94195884543551
viterbi_fitted_model,S-A6,10.0,6970.139,8.890781547391326,-9.541483442644058,9.541483442644058
viterbi_fitted_model,S-A6,10.0,6980.139,57.93100797434985,56.15023738624269,56.15023738624269
viterbi_fitted_model,S-A6,10.0,6990.139,82.20152245189733,-79.7231123080565,79.7231123080565
viterbi_fitted_model,S-A6,10.0,7000.139,8.131484894018792,-8.11239885918226,8.11239885918226
viterbi_fitted_model,S-A6,10.0,7010.139,85.57605534829109,85.11478101066065,85.11478101066065
viterbi_fitted_model,S-A6,10.0,7020.139,48.30227090577728,48.02704724948882,48.02704724948882
viterbi_fitted_model,S-A6,10.0,7030.139,103.49752800797026,102.34650628983684,102.34650628983684
viterbi_fitted_model,S-A6,10.0,7040.139,63.76293821650309,62.658884005779456,62.658884005779456
viterbi_fitted_model,S-A6,10.0,7050.139,59.09435890952183,-54.85350252714819,54.85350252714819
viterbi_fitted_model,S-A6,10.0,7060.139,99.01552268469575,-99.39550714818097,99.39550714818097
viterbi_fitted_model,S-A6,10.0,7070.139,57.103102756170024,52.12919256242181,52.12919256242181
viterbi_fitted_model,S-A6,10.0,7080.139,8.441431597553398,7.579410874739789,7.579410874739789
viterbi_fitted_model,S-A6,10.0,7090.139,67.01306699571262,66.87318051209297,66.87318051209297
viterbi_fitted_model,S-A6,10.0,7100.139,82.04675346275168,81.5062167789379,81.5062167789379
viterbi_fitted_model,S-A6,10.0,7110.139,112.51231332103936,111.46246930673388,111.46246930673388
viterbi_fitted_model,S-A6,10.0,7120.139,95.51734207209762,95.15350156773884,95.15350156773884
viterbi_fitted_model,S-A6,10.0,7130.139,67.0590704713582,66.53035053135005,66.53035053135005
viterbi_fitted_model,S-A6,10.0,7140.139,76.55378492976847,76.10920087886471,76.10920087886471
viterbi_fitted_model,S-A6,10.0,7150.139,37.626717321050165,37.53834819769071,37.53834819769071
viterbi_fitted_model,S-A6,10.0,7160.139,121.44332317400789,-123.89281341052072,123.89281341052072
viterbi_fitted_model,S-A6,10.0,7170.139,191.29832480360284,-191.9475953944544,191.9475953944544
viterbi_fitted_model,S-A6,10.0,7180.139,155.40730564127688,-157.95155839678736,157.95155839678736
viterbi_fitted_model,S-A6,10.0,7190.139,88.59327823833418,-90.37535686179854,90.37535686179854
viterbi_fitted_model,S-A6,10.0,7200.139,165.70930053405877,-165.57618274373735,165.57618274373735
viterbi_fitted_model,S-A6,10.0,7210.139,38.31387943127079,-39.82110629642412,39.82110629642412
viterbi_fitted_model,S-A6,10.0,7220.139,28.871857883338127,-29.0334067581695,29.0334067581695
viterbi_fitted_model,S-A6,10.0,7230.139,8.639733745508474,-8.661283685885582,8.661283685885582
viterbi_fitted_model,S-A6,10.0,7240.139,30.773514105006157,30.604457628383035,30.604457628383035
viterbi_fitted_model,S-A6,10.0,7250.139,12.247611382861233,12.045222518809151,12.045222518809151
viterbi_fitted_model,S-A6,10.0,7260.139,41.09832106926078,-41.098228388960734,41.098228388960734
viterbi_fitted_model,S-A6,10.0,7270.139,15.639334386066286,-16.83275624639692,16.83275624639692
viterbi_fitted_model,S-A6,10.0,7280.139,117.97259550682482,-119.0347868348372,119.0347868348372
viterbi_fitted_model,S-A6,10.0,7290.139,19.881092335644272,-20.03310934556752,20.03310934556752
viterbi_fitted_model,S-A6,10.0,7300.139,32.17823241887963,31.704697919857136,31.704697919857136
viterbi_fitted_model,S-A6,10.0,7310.139,44.61977318350159,-44.42786195491219,44.42786195491219
viterbi_fitted_model,S-A6,10.0,7320.139,59.86462788307183,-60.71639285193294,60.71639285193294
viterbi_fitted_model,S-A6,10.0,7330.139,46.41965547587999,-46.732649843362374,46.732649843362374
viterbi_fitted_model,S-A6,10.0,7340.139,59.98355568540975,-60.86731640258428,60.86731640258428
viterbi_fitted_model,S-A6,10.0,7350.139,39.29810841008839,-39.50969314031028,39.50969314031028
viterbi_fitted_model,S-A6,10.0,7360.139,106.83623489597417,-106.73908436702234,106.73908436702234
viterbi_fitted_model,S-A6,10.0,7370.139,3.698935334956704,-2.961148843929191,2.961148843929191
viterbi_fitted_model,S-A6,10.0,7380.139,29.83062236758301,27.83882159449521,27.83882159449521
viterbi_fitted_model,S-A6,10.0,7390.139,6.700191771632598,-0.5979872431466262,0.5979872431466262
viterbi_fitted_model,S-A6,10.0,7400.139,4.990303229926359,-3.2614995475427726,3.2614995475427726
viterbi_fitted_model,S-A6,10.0,7410.139,22.556973435396376,21.7400651490648,21.7400651490648
viterbi_fitted_model,S-A6,10.0,7420.139,11.178776869486562,10.921224225896514,10.921224225896514
viterbi_fitted_model,S-A6,10.0,7430.139,32.89601938325372,35.78281175404351,35.78281175404351
viterbi_fitted_model,S-A6,10.0,7440.139,34.554454692062365,6.041028396201027,6.041028396201027
viterbi_fitted_model,S-A6,10.0,7450.139,115.41858814889608,-66.99302180093308,66.99302180093308
viterbi_fitted_model,S-A6,10.0,7460.139,99.8623482269731,-103.24470626538887,103.24470626538887
viterbi_fitted_model,S-A6,10.0,7470.139,18.695945318219856,17.938186007081846,17.938186007081846
viterbi_fitted_model,S-A6,10.0,7480.139,10.783948149455243,-12.574843198196206,12.574843198196206
viterbi_fitted_model,S-A6,10.0,7490.139,14.855203986606636,-16.042880380081666,16.042880380081666
viterbi_fitted_model,S-A6,10.0,7500.139,65.69122559631256,65.11735121287735,65.11735121287735
viterbi_fitted_model,S-A6,10.0,7510.139,37.635793256441836,36.81533721538691,36.81533721538691
viterbi_fitted_model,S-A6,10.0,7520.139,33.40581879389177,-33.25107688407279,33.25107688407279
viterbi_fitted_model,S-A6,10.0,7530.139,36.47009781435223,-36.683710807353776,36.683710807353776
viterbi_fitted_model,S-A6,10.0,7540.139,65.94835057716122,65.80418626354017,65.80418626354017
viterbi_fitted_model,S-A6,10.0,7550.139,81.83620580568088,-83.0890988701628,83.0890988701628
viterbi_fitted_model,S-A6,10.0,7560.139,94.82334333960861,-95.04011163398236,95.04011163398236
viterbi_fitted_model,S-A6,10.0,7570.139,2.825197153374618,-2.5612258096914715,2.5612258096914715
viterbi_fitted_model,S-A6,10.0,7580.139,92.73105181819682,30.707746400498337,30.707746400498337
viterbi_fitted_model,S-A6,10.0,7590.139,46.22352095167372,-42.15291846119771,42.15291846119771
viterbi_fitted_model,S-A6,10.0,7600.139,80.31848634116724,-80.78874513418421,80.78874513418421
viterbi_fitted_model,S-A6,10.0,7610.139,27.21241013548198,25.761632606716905,25.761632606716905
viterbi_fitted_model,S-A6,10.0,7620.139,7.4339942038913085,-8.031180978017769,8.031180978017769
viterbi_fitted_model,S-A6,10.0,7630.139,1.3404299826248585,-0.8447177573996036,0.8447177573996036
viterbi_fitted_model,S-A6,10.0,7640.139,82.24499375401447,-80.08428646329195,80.08428646329195
viterbi_fitted_model,S-A6,10.0,7660.139,111.12594838056133,110.6210707280993,110.6210707280993
viterbi_fitted_model,S-A6,10.0,7670.139,37.908573594103736,32.81336084309035,32.81336084309035
viterbi_fitted_model,S-A6,10.0,7690.139,9.328668855211731,-3.8585200117608167,3.8585200117608167
viterbi_fitted_model,S-A6,10.0,7700.139,15.978996491464994,-16.770350762203527,16.770350762203527
viterbi_fitted_model,S-A6,10.0,7740.139,35.12477312118778,7.036033532309959,7.036033532309959
viterbi_fitted_model,S-A6,10.0,7770.139,65.04932162893547,64.95023367115762,64.95023367115762
viterbi_fitted_model,S-A6,10.0,7780.139,70.11038443702041,-71.72870449313244,71.72870449313244
viterbi_fitted_model,S-A6,10.0,7790.139,48.81929936842233,47.65043498071002,47.65043498071002
viterbi_fitted_model,S-A6,10.0,7800.139,19.625949981973022,-19.50365664963242,19.50365664963242
viterbi_fitted_model,S-A6,10.0,7810.139,15.396001349246323,14.940343162465865,14.940343162465865
viterbi_fitted_model,S-A6,10.0,7820.139,23.199546447035967,19.745258672798386,19.745258672798386
viterbi_fitted_model,S-A6,10.0,7830.139,21.871444547553864,-21.077818809236817,21.077818809236817
viterbi_fitted_model,S-A6,10.0,7840.139,7.850915475071416,7.275942882942932,7.275942882942932
viterbi_fitted_model,S-A6,10.0,7850.139,6.928767103147993,-7.8253419412696275,7.8253419412696275
viterbi_fitted_model,S-A6,10.0,7860.139,38.742746091238374,-39.12838691808998,39.12838691808998
viterbi_fitted_model,S-A6,10.0,7870.139,54.9731052216641,50.88858915677726,50.88858915677726
viterbi_fitted_model,S-A6,10.0,7880.139,7.234828157199609,-6.866719178821474,6.866719178821474
viterbi_fitted_model,S-A6,10.0,7890.139,6.068217027196758,-5.592252734948216,5.592252734948216
viterbi_fitted_model,S-A6,10.0,7900.139,58.230262529762925,-59.76689996402635,59.76689996402635
viterbi_fitted_model,S-A6,10.0,7910.139,88.89523238995477,-90.7410221113117,90.7410221113117
viterbi_fitted_model,S-A6,10.0,7920.139,61.728903240986945,-61.87447045358338,61.87447045358338
viterbi_fitted_model,S-A6,10.0,7930.139,73.11896121900898,-75.4370874627908,75.4370874627908
viterbi_fitted_model,S-A6,10.0,7940.139,90.5840711034219,-74.18751808403783,74.18751808403783
viterbi_fitted_model,S-A6,10.0,7950.139,84.83439337216032,-87.03120506531171,87.03120506531171
viterbi_fitted_model,S-A6,10.0,7960.139,80.81216987183268,-82.92603668019203,82.92603668019203
viterbi_fitted_model,S-A6,10.0,7970.139,7.409983556005566,-7.234925929671444,7.234925929671444
viterbi_fitted_model,S-A6,10.0,7980.139,74.98879322436231,73.72519834489124,73.72519834489124
viterbi_fitted_model,S-A6,10.0,7990.139,34.893328259574325,-35.82596559092703,35.82596559092703
viterbi_fitted_model,S-A6,10.0,8000.139,32.48373637101143,-33.242587076633924,33.242587076633924
viterbi_fitted_model,S-A6,10.0,8010.139,59.44230301579816,-59.45783824342946,59.45783824342946
viterbi_fitted_model,S-A6,10.0,8020.139,51.54100506509247,-51.864374482495386,51.864374482495386
viterbi_fitted_model,S-A6,10.0,8030.139,21.20637761077363,-21.600197551653636,21.600197551653636
viterbi_fitted_model,S-A6,10.0,8040.139,132.02009576000708,108.91792994626023,108.91792994626023
viterbi_fitted_model,S-A6,10.0,8050.139,31.321800710948278,51.40393142374688,51.40393142374688
viterbi_fitted_model,S-A6,10.0,8060.139,25.10975352354142,22.354132532061797,22.354132532061797
viterbi_fitted_model,S-A6,10.0,8100.139,16.477771203536236,-10.014729063176029,10.014729063176029
viterbi_fitted_model,S-A6,10.0,8110.139,100.61655049904824,100.66853159442365,100.66853159442365
viterbi_fitted_model,S-A6,10.0,8120.139,93.03783659695449,92.7471344289164,92.7471344289164
viterbi_fitted_model,S-A6,10.0,8130.139,82.64460625302422,79.28778680517678,79.28778680517678
viterbi_fitted_model,S-A6,30.0,30.139,142.59541570106668,60.72739371089905,60.72739371089905
viterbi_fitted_model,S-A6,30.0,90.139,135.1933088963086,124.75200399764356,124.75200399764356
viterbi_fitted_model,S-A6,30.0,120.139,8.651648302732987,3.872592099553092,3.872592099553092
viterbi_fitted_model,S-A6,30.0,150.139,141.24059570212108,140.8887267692622,140.8887267692622
viterbi_fitted_model,S-A6,30.0,180.139,159.37480855670248,154.26367872606812,154.26367872606812
viterbi_fitted_model,S-A6,30.0,210.139,210.23527042646674,-161.82740696579148,161.82740696579148
viterbi_fitted_model,S-A6,30.0,240.139,95.35244116162987,94.02705001526775,94.02705001526775
viterbi_fitted_model,S-A6,30.0,270.139,67.85542972097463,66.56038510042214,66.56038510042214
viterbi_fitted_model,S-A6,30.0,300.139,174.23855952218926,172.34134054026163,172.34134054026163
viterbi_fitted_model,S-A6,30.0,330.139,119.8370960489626,118.64667612381629,118.64667612381629
viterbi_fitted_model,S-A6,30.0,360.139,138.45654134720564,132.33819665269527,132.33819665269527
viterbi_fitted_model,S-A6,30.0,390.139,37.58641871355712,-48.58326765112513,48.58326765112513
viterbi_fitted_model,S-A6,30.0,420.139,94.56736774713703,92.03930410581668,92.03930410581668
viterbi_fitted_model,S-A6,30.0,450.139,0.43604533620142666,-0.36919333970461565,0.36919333970461565
viterbi_fitted_model,S-A6,30.0,480.139,36.222801687090566,-39.111056419170566,39.111056419170566
viterbi_fitted_model,S-A6,30.0,510.139,53.61414472480251,41.45855582259524,41.45855582259524
viterbi_fitted_model,S-A6,30.0,540.139,107.42842238868229,103.59911291393821,103.59911291393821
viterbi_fitted_model,S-A6,30.0,570.139,105.06202847132376,104.61919976015133,104.61919976015133
viterbi_fitted_model,S-A6,30.0,600.139,142.27973721265934,141.11522995241532,141.11522995241532
viterbi_fitted_model,S-A6,30.0,630.139,86.11330851315734,85.51756421086033,85.51756421086033
viterbi_fitted_model,S-A6,30.0,660.139,80.03386112598783,79.37807790581138,79.37807790581138
viterbi_fitted_model,S-A6,30.0,690.139,213.3022599210214,210.50469979626558,210.50469979626558
viterbi_fitted_model,S-A6,30.0,720.139,141.99737987678074,141.65164820830927,141.65164820830927
viterbi_fitted_model,S-A6,30.0,750.139,3.474098280750439,-4.651950533629865,4.651950533629865
viterbi_fitted_model,S-A6,30.0,780.139,6.436157553126875,-5.995396152027013,5.995396152027013
viterbi_fitted_model,S-A6,30.0,810.139,59.192446577702995,58.546693279542964,58.546693279542964
viterbi_fitted_model,S-A6,30.0,840.139,32.43311520517461,31.492988242351455,31.492988242351455
viterbi_fitted_model,S-A6,30.0,870.139,1.8972053203994088,1.2302866720626042,1.2302866720626042
viterbi_fitted_model,S-A6,30.0,900.139,100.01267771729316,99.90052992425234,99.90052992425234
viterbi_fitted_model,S-A6,30.0,930.139,102.15785783125563,101.64979097234107,101.64979097234107
viterbi_fitted_model,S-A6,30.0,960.139,269.33904544716285,268.9498008566327,268.9498008566327
viterbi_fitted_model,S-A6,30.0,990.139,161.61814131166548,161.12507607098263,161.12507607098263
viterbi_fitted_model,S-A6,30.0,1020.139,202.85997398395236,202.67776347123274,202.67776347123274
viterbi_fitted_model,S-A6,30.0,1050.1390000000001,158.22098410703543,157.96302894028932,157.96302894028932
viterbi_fitted_model,S-A6,30.0,1080.1390000000001,80.73245324534645,-81.89857670499408,81.89857670499408
viterbi_fitted_model,S-A6,30.0,1110.1390000000001,34.62557342842201,-35.66798274156426,35.66798274156426
viterbi_fitted_model,S-A6,30.0,1140.1390000000001,156.96259517747646,-157.65004417288765,157.65004417288765
viterbi_fitted_model,S-A6,30.0,1170.1390000000001,33.091251830878235,-33.399722591737195,33.399722591737195
viterbi_fitted_model,S-A6,30.0,1200.1390000000001,268.8458240151661,267.2413805063879,267.2413805063879
viterbi_fitted_model,S-A6,30.0,1230.1390000000001,202.7772237104046,202.14944504032167,202.14944504032167
viterbi_fitted_model,S-A6,30.0,1260.1390000000001,138.40844501285807,137.6541253641419,137.6541253641419
viterbi_fitted_model,S-A6,30.0,1290.1390000000001,38.12508612246646,37.44099611273519,37.44099611273519
viterbi_fitted_model,S-A6,30.0,1320.1390000000001,143.00977124008375,142.67223911502205,142.67223911502205
viterbi_fitted_model,S-A6,30.0,1350.1390000000001,215.77749293276628,214.74822053590077,214.74822053590077
viterbi_fitted_model,S-A6,30.0,1380.1390000000001,173.95583073764286,-174.29448614050767,174.29448614050767
viterbi_fitted_model,S-A6,30.0,1410.1390000000001,36.999570901092085,34.368242206596314,34.368242206596314
viterbi_fitted_model,S-A6,30.0,1440.1390000000001,107.0172365060649,106.48212405199864,106.48212405199864
viterbi_fitted_model,S-A6,30.0,1470.1390000000001,141.3644066835938,-141.32040581935303,141.32040581935303
viterbi_fitted_model,S-A6,30.0,1500.1390000000001,231.88984266585206,-233.09446965620089,233.09446965620089
viterbi_fitted_model,S-A6,30.0,1530.1390000000001,130.24378529176,-130.25114356453815,130.25114356453815
viterbi_fitted_model,S-A6,30.0,1560.1390000000001,115.0067533204552,115.14930249877341,115.14930249877341
viterbi_fitted_model,S-A6,30.0,1590.1390000000001,21.4416154894766,20.708623169888526,20.708623169888526
viterbi_fitted_model,S-A6,30.0,1620.1390000000001,128.98718965281452,128.1906366393812,128.1906366393812
viterbi_fitted_model,S-A6,30.0,1650.1390000000001,71.10343697382903,-70.70934250612906,70.70934250612906
viterbi_fitted_model,S-A6,30.0,1680.1390000000001,16.786809004164986,15.552771850917253,15.552771850917253
viterbi_fitted_model,S-A6,30.0,1710.1390000000001,110.40661640324782,110.04825796083576,110.04825796083576
viterbi_fitted_model,S-A6,30.0,1740.1390000000001,43.49699938480292,-44.485069371665645,44.485069371665645
viterbi_fitted_model,S-A6,30.0,1770.1390000000001,9.637061162352582,-7.661374753375014,7.661374753375014
viterbi_fitted_model,S-A6,30.0,1800.1390000000001,10.625313930264191,-10.168534167491725,10.168534167491725
viterbi_fitted_model,S-A6,30.0,1830.1390000000001,73.27731620381134,72.70117920165332,72.70117920165332
viterbi_fitted_model,S-A6,30.0,1860.1390000000001,57.60782610819477,57.84655871247594,57.84655871247594
viterbi_fitted_model,S-A6,30.0,1890.1390000000001,37.76306009902534,-39.62589503354644,39.62589503354644
viterbi_fitted_model,S-A6,30.0,1920.1390000000001,219.3981330683783,-219.7882771080985,219.7882771080985
viterbi_fitted_model,S-A6,30.0,1950.1390000000001,433.5732441253792,-439.5392930567458,439.5392930567458
viterbi_fitted_model,S-A6,30.0,1980.1390000000001,192.71601093026027,-197.26914791935533,197.26914791935533
viterbi_fitted_model,S-A6,30.0,2010.1390000000001,203.91857711443808,-205.90615596989005,205.90615596989005
viterbi_fitted_model,S-A6,30.0,2040.1390000000001,196.4989947772223,-197.0762410634277,197.0762410634277
viterbi_fitted_model,S-A6,30.0,2070.139,119.96370522514599,118.67288207157256,118.67288207157256
viterbi_fitted_model,S-A6,30.0,2100.139,35.75907999583719,31.507916618190723,31.507916618190723
viterbi_fitted_model,S-A6,30.0,2130.139,103.7996524085548,103.4414330825322,103.4414330825322
viterbi_fitted_model,S-A6,30.0,2160.139,421.5064886870996,-426.737208186982,426.737208186982
viterbi_fitted_model,S-A6,30.0,2190.139,209.56730668124052,-212.70046045818663,212.70046045818663
viterbi_fitted_model,S-A6,30.0,2220.139,377.243667088757,-382.64587306558536,382.64587306558536
viterbi_fitted_model,S-A6,30.0,2250.139,356.5653405754445,-362.56491882803505,362.56491882803505
viterbi_fitted_model,S-A6,30.0,2280.139,462.3470182866416,-483.78965136080114,483.78965136080114
viterbi_fitted_model,S-A6,30.0,2310.139,347.38743008881397,-350.0418962869193,350.0418962869193
viterbi_fitted_model,S-A6,30.0,2340.139,144.19257838530143,-145.5801871624989,145.5801871624989
viterbi_fitted_model,S-A6,30.0,2370.139,275.808391696658,-276.10259945364214,276.10259945364214
viterbi_fitted_model,S-A6,30.0,2400.139,25.68452643118317,-24.471889238240404,24.471889238240404
viterbi_fitted_model,S-A6,30.0,2430.139,48.94308296060393,-48.740143089724924,48.740143089724924
viterbi_fitted_model,S-A6,30.0,2460.139,292.47327292581775,-294.242925106184,294.242925106184
viterbi_fitted_model,S-A6,30.0,2490.139,34.219411201552525,-35.11788718920279,35.11788718920279
viterbi_fitted_model,S-A6,30.0,2520.139,102.2791134715025,103.33483159812646,103.33483159812646
viterbi_fitted_model,S-A6,30.0,2550.139,127.1187871614114,-127.63940334915591,127.63940334915591
viterbi_fitted_model,S-A6,30.0,2580.139,218.00729449749682,-220.16938330897557,220.16938330897557
viterbi_fitted_model,S-A6,30.0,2610.139,39.817463885833746,39.53576818643604,39.53576818643604
viterbi_fitted_model,S-A6,30.0,2640.139,75.42577672413228,75.66513891762466,75.66513891762466
viterbi_fitted_model,S-A6,30.0,2670.139,32.33879896855433,-32.40226185405439,32.40226185405439
viterbi_fitted_model,S-A6,30.0,2700.139,119.15767633514157,-120.74115792506052,120.74115792506052
viterbi_fitted_model,S-A6,30.0,2730.139,125.73901604451622,-127.16472630091029,127.16472630091029
viterbi_fitted_model,S-A6,30.0,2760.139,247.68983035836018,-246.87530637329345,246.87530637329345
viterbi_fitted_model,S-A6,30.0,2790.139,200.23867503592052,-201.12782535172613,201.12782535172613
viterbi_fitted_model,S-A6,30.0,2820.139,15.154786005396438,-15.344397320066214,15.344397320066214
viterbi_fitted_model,S-A6,30.0,2850.139,77.14836413089532,-77.28048468886834,77.28048468886834
viterbi_fitted_model,S-A6,30.0,2880.139,98.57348993830911,-98.77861215645669,98.77861215645669
viterbi_fitted_model,S-A6,30.0,2910.139,28.91049654374796,28.862412074422664,28.862412074422664
viterbi_fitted_model,S-A6,30.0,2940.139,52.83031114539376,51.89592626471128,51.89592626471128
viterbi_fitted_model,S-A6,30.0,2970.139,166.51525960632486,-167.79009060059906,167.79009060059906
viterbi_fitted_model,S-A6,30.0,3000.139,22.050309223023305,-23.127138001743386,23.127138001743386
viterbi_fitted_model,S-A6,30.0,3030.139,103.75038733090672,-104.79682906578424,104.79682906578424
viterbi_fitted_model,S-A6,30.0,3060.139,332.89508949593176,-333.8468676699639,333.8468676699639
viterbi_fitted_model,S-A6,30.0,3090.139,249.85931704241452,-252.08610890652224,252.08610890652224
viterbi_fitted_model,S-A6,30.0,3120.139,293.0306812444955,-294.2355832857502,294.2355832857502
viterbi_fitted_model,S-A6,30.0,3150.139,62.72067665964421,-63.07543426015959,63.07543426015959
viterbi_fitted_model,S-A6,30.0,3180.139,59.259300613806566,59.67486226594612,59.67486226594612
viterbi_fitted_model,S-A6,30.0,3210.139,302.3136775883094,-306.6953469033349,306.6953469033349
viterbi_fitted_model,S-A6,30.0,3240.139,86.44592043401725,-86.93501226441636,86.93501226441636
viterbi_fitted_model,S-A6,30.0,3270.139,203.40275226825554,-206.17597829499053,206.17597829499053
viterbi_fitted_model,S-A6,30.0,3300.139,312.9312151276111,-314.4969519934972,314.4969519934972
viterbi_fitted_model,S-A6,30.0,3330.139,142.53957878079873,-142.60385742917586,142.60385742917586
viterbi_fitted_model,S-A6,30.0,3360.139,203.40586555584926,-208.4502767104299,208.4502767104299
viterbi_fitted_model,S-A6,30.0,3390.139,286.7839951489061,-286.57767837508374,286.57767837508374
viterbi_fitted_model,S-A6,30.0,3420.139,384.66573496368056,-386.5810421513241,386.5810421513241
viterbi_fitted_model,S-A6,30.0,3450.139,361.7020808138606,-366.2680990670363,366.2680990670363
viterbi_fitted_model,S-A6,30.0,3480.139,167.32870258556574,-167.65112114775437,167.65112114775437
viterbi_fitted_model,S-A6,30.0,3510.139,305.6609529968466,-306.0440539715422,306.0440539715422
viterbi_fitted_model,S-A6,30.0,3540.139,311.13891304395287,-313.11940132372183,313.11940132372183
viterbi_fitted_model,S-A6,30.0,3570.139,16.179206402865834,13.746096082029904,13.746096082029904
viterbi_fitted_model,S-A6,30.0,3600.139,42.76751136795205,41.92619618419438,41.92619618419438
viterbi_fitted_model,S-A6,30.0,3630.139,81.99651705359368,-82.38453834089086,82.38453834089086
viterbi_fitted_model,S-A6,30.0,3660.139,10.120911973674522,-10.822929094162863,10.822929094162863
viterbi_fitted_model,S-A6,30.0,3690.139,6.7096758245441,-6.774666695161567,6.774666695161567
viterbi_fitted_model,S-A6,30.0,3720.139,397.342231910346,-400.5579687741303,400.5579687741303
viterbi_fitted_model,S-A6,30.0,3750.139,226.12639035464616,-227.10149543287696,227.10149543287696
viterbi_fitted_model,S-A6,30.0,3780.139,329.29538003100834,-331.3860686880935,331.3860686880935
viterbi_fitted_model,S-A6,30.0,3810.139,81.6462754521861,-82.30451171198504,82.30451171198504
viterbi_fitted_model,S-A6,30.0,3840.139,80.55317336036504,80.19122663674796,80.19122663674796
viterbi_fitted_model,S-A6,30.0,3870.139,69.44484858609961,68.57534731869899,68.57534731869899
viterbi_fitted_model,S-A6,30.0,3900.139,163.227045366028,162.56919505970987,162.56919505970987
viterbi_fitted_model,S-A6,30.0,3930.139,155.99444044629433,155.7376497959001,155.7376497959001
viterbi_fitted_model,S-A6,30.0,3960.139,186.23526316800732,186.14810400153968,186.14810400153968
viterbi_fitted_model,S-A6,30.0,3990.139,34.46119199085388,33.30202136665915,33.30202136665915
viterbi_fitted_model,S-A6,30.0,4020.139,36.79999979849803,-37.387295225500324,37.387295225500324
viterbi_fitted_model,S-A6,30.0,4050.139,39.955864144215674,-39.682338024080096,39.682338024080096
viterbi_fitted_model,S-A6,30.0,4080.139,32.67767093316483,-32.16701501708586,32.16701501708586
viterbi_fitted_model,S-A6,30.0,4110.139,112.31932314144633,111.47586929121667,111.47586929121667
viterbi_fitted_model,S-A6,30.0,4140.139,51.84298081904853,-52.706812185493916,52.706812185493916
viterbi_fitted_model,S-A6,30.0,4170.139,113.21199976563413,-113.30344211701708,113.30344211701708
viterbi_fitted_model,S-A6,30.0,4200.139,161.03520114193688,-161.04945156145624,161.04945156145624
viterbi_fitted_model,S-A6,30.0,4230.139,54.386669770101264,54.06127749457598,54.06127749457598
viterbi_fitted_model,S-A6,30.0,4260.139,46.95046985702412,-47.46701777686843,47.46701777686843
viterbi_fitted_model,S-A6,30.0,4290.139,303.6047473907993,-305.2267743733581,305.2267743733581
viterbi_fitted_model,S-A6,30.0,4320.139,290.3300847463086,-293.60835905015114,293.60835905015114
viterbi_fitted_model,S-A6,30.0,4350.139,91.8182514817446,-92.31960441938523,92.31960441938523
viterbi_fitted_model,S-A6,30.0,4380.139,6.442996183941538,-7.490260953746009,7.490260953746009
viterbi_fitted_model,S-A6,30.0,4410.139,93.3678000030457,93.35421426218792,93.35421426218792
viterbi_fitted_model,S-A6,30.0,4440.139,92.00001978298612,-92.46932429463051,92.46932429463051
viterbi_fitted_model,S-A6,30.0,4470.139,114.19757824480577,-114.43715819682738,114.43715819682738
viterbi_fitted_model,S-A6,30.0,4500.139,110.60182876909023,109.9262465867956,109.9262465867956
viterbi_fitted_model,S-A6,30.0,4530.139,12.763103763248145,-13.27525202724133,13.27525202724133
viterbi_fitted_model,S-A6,30.0,4560.139,269.11605784788486,266.7110684453602,266.7110684453602
viterbi_fitted_model,S-A6,30.0,4590.139,327.19649085761506,326.36144252265433,326.36144252265433
viterbi_fitted_model,S-A6,30.0,4620.139,88.02724115661154,-88.09874567558757,88.09874567558757
viterbi_fitted_model,S-A6,30.0,4650.139,299.28174301069663,-299.27007928343613,299.27007928343613
viterbi_fitted_model,S-A6,30.0,4680.139,70.17446694797638,-70.977055969296,70.977055969296
viterbi_fitted_model,S-A6,30.0,4710.139,29.369693524133844,-29.771804270681123,29.771804270681123
viterbi_fitted_model,S-A6,30.0,4740.139,30.65832953831422,-30.87574484818572,30.87574484818572
viterbi_fitted_model,S-A6,30.0,4770.139,5.643581248240848,-3.7102308114050686,3.7102308114050686
viterbi_fitted_model,S-A6,30.0,4800.139,72.51884887664005,71.03816696292404,71.03816696292404
viterbi_fitted_model,S-A6,30.0,4830.139,51.85739998715451,47.857263675447925,47.857263675447925
viterbi_fitted_model,S-A6,30.0,4860.139,76.28587676861618,-80.7729480354777,80.7729480354777
viterbi_fitted_model,S-A6,30.0,4890.139,214.23894772822322,-216.6295447037045,216.6295447037045
viterbi_fitted_model,S-A6,30.0,4920.139,287.01680306514703,-295.75042329805325,295.75042329805325
viterbi_fitted_model,S-A6,30.0,4950.139,53.96824247227443,-54.99221808757101,54.99221808757101
viterbi_fitted_model,S-A6,30.0,4980.139,271.6245370129385,-270.61577440444694,270.61577440444694
viterbi_fitted_model,S-A6,30.0,5010.139,76.3063810753304,75.53239194565123,75.53239194565123
viterbi_fitted_model,S-A6,30.0,5040.139,171.21821735803564,-171.60917531967135,171.60917531967135
viterbi_fitted_model,S-A6,30.0,5070.139,118.79606449272516,109.83382968409474,109.83382968409474
viterbi_fitted_model,S-A6,30.0,5580.139,164.5278498376119,164.05115759815783,164.05115759815783
viterbi_fitted_model,S-A6,30.0,5610.139,55.94536103627508,55.66637267873834,55.66637267873834
viterbi_fitted_model,S-A6,30.0,5640.139,33.86535542043744,-34.90275215504604,34.90275215504604
viterbi_fitted_model,S-A6,30.0,5670.139,269.77038367178244,-272.5164476788494,272.5164476788494
viterbi_fitted_model,S-A6,30.0,5700.139,143.10396625670253,-143.8795598930357,143.8795598930357
viterbi_fitted_model,S-A6,30.0,5730.139,64.57180497813471,64.08463856779456,64.08463856779456
viterbi_fitted_model,S-A6,30.0,5760.139,58.04124305345441,56.25542079937082,56.25542079937082
viterbi_fitted_model,S-A6,30.0,5790.139,43.5356156947935,41.38234441634796,41.38234441634796
viterbi_fitted_model,S-A6,30.0,5820.139,19.163680322763554,16.37676377364367,16.37676377364367
viterbi_fitted_model,S-A6,30.0,5850.139,8.95582397000427,-10.712929100530244,10.712929100530244
viterbi_fitted_model,S-A6,30.0,5880.139,84.08495518913274,-85.77643508969831,85.77643508969831
viterbi_fitted_model,S-A6,30.0,5910.139,83.61554538359741,83.46685891538195,83.46685891538195
viterbi_fitted_model,S-A6,30.0,5940.139,108.76078105776979,106.02844768631876,106.02844768631876
viterbi_fitted_model,S-A6,30.0,5970.139,136.4092001825903,-140.18949789059263,140.18949789059263
viterbi_fitted_model,S-A6,30.0,6000.139,204.2737466308618,-209.32548930603056,209.32548930603056
viterbi_fitted_model,S-A6,30.0,6030.139,426.773665542099,-429.5443241621685,429.5443241621685
viterbi_fitted_model,S-A6,30.0,6060.139,45.748521311632,-46.359809343629436,46.359809343629436
viterbi_fitted_model,S-A6,30.0,6090.139,266.07967654230697,-266.94277882555446,266.94277882555446
viterbi_fitted_model,S-A6,30.0,6120.139,229.315119421052,-231.58691606223047,231.58691606223047
viterbi_fitted_model,S-A6,30.0,6150.139,445.0829099016479,-449.69016963265796,449.69016963265796
viterbi_fitted_model,S-A6,30.0,6180.139,424.7587043045681,-433.2854694991883,433.2854694991883
viterbi_fitted_model,S-A6,30.0,6210.139,261.8704399411483,-264.60229469122646,264.60229469122646
viterbi_fitted_model,S-A6,30.0,6240.139,77.34571028226684,-79.64473408486275,79.64473408486275
viterbi_fitted_model,S-A6,30.0,6270.139,145.7114875100077,-147.63286651509915,147.63286651509915
viterbi_fitted_model,S-A6,30.0,6300.139,149.11269168218817,147.44629830952013,147.44629830952013
viterbi_fitted_model,S-A6,30.0,6330.139,51.34626493736887,-51.39486999037526,51.39486999037526
viterbi_fitted_model,S-A6,30.0,6360.139,36.74999777839914,-36.990507291132,36.990507291132
viterbi_fitted_model,S-A6,30.0,6390.139,140.70266747425606,140.2078218599616,140.2078218599616
viterbi_fitted_model,S-A6,30.0,6420.139,110.53079556526181,-111.8801639066146,111.8801639066146
viterbi_fitted_model,S-A6,30.0,6450.139,118.07707843740981,-120.35427173170795,120.35427173170795
viterbi_fitted_model,S-A6,30.0,6480.139,68.28005390002774,-68.14893025434249,68.14893025434249
viterbi_fitted_model,S-A6,30.0,6510.139,40.821519869365034,-42.29683806119177,42.29683806119177
viterbi_fitted_model,S-A6,30.0,6540.139,125.03039609515965,-126.09841110713508,126.09841110713508
viterbi_fitted_model,S-A6,30.0,6570.139,33.32563862030476,-33.162580164551855,33.162580164551855
viterbi_fitted_model,S-A6,30.0,6600.139,55.34532764092684,53.553002427835736,53.553002427835736
viterbi_fitted_model,S-A6,30.0,6630.139,34.58769760230179,32.58122292344127,32.58122292344127
viterbi_fitted_model,S-A6,30.0,6660.139,79.73777309275911,74.40317923401167,74.40317923401167
viterbi_fitted_model,S-A6,30.0,6690.139,59.33126638965989,55.92668644596889,55.92668644596889
viterbi_fitted_model,S-A6,30.0,6720.139,26.982573759179928,20.161299027450863,20.161299027450863
viterbi_fitted_model,S-A6,30.0,6750.139,47.06794161440013,-33.14578231191996,33.14578231191996
viterbi_fitted_model,S-A6,30.0,6780.139,132.36956982056225,131.24702726512038,131.24702726512038
viterbi_fitted_model,S-A6,30.0,6810.139,275.6499632666582,-275.4217259996403,275.4217259996403
viterbi_fitted_model,S-A6,30.0,6840.139,136.83248519048175,-135.9497916311493,135.9497916311493
viterbi_fitted_model,S-A6,30.0,6870.139,124.68302366848582,-124.43531245862988,124.43531245862988
viterbi_fitted_model,S-A6,30.0,6900.139,179.30502668185974,177.1775550872257,177.1775550872257
viterbi_fitted_model,S-A6,30.0,6930.139,450.9503311911432,392.9101443604179,392.9101443604179
viterbi_fitted_model,S-A6,30.0,6960.139,12.621470987369829,8.708299363555197,8.708299363555197
viterbi_fitted_model,S-A6,30.0,6990.139,6.903084358093842,-2.712060804882178,2.712060804882178
viterbi_fitted_model,S-A6,30.0,7020.139,214.34236522110731,213.03032195773994,213.03032195773994
viterbi_fitted_model,S-A6,30.0,7050.139,281.1627305997536,-103.81512253381779,103.81512253381779
viterbi_fitted_model,S-A6,30.0,7080.139,157.40593449713896,155.96067982532918,155.96067982532918
viterbi_fitted_model,S-A6,30.0,7110.139,274.882287784129,273.1419864963967,273.1419864963967
viterbi_fitted_model,S-A6,30.0,7140.139,19.079166722301434,-10.433994397642039,10.433994397642039
viterbi_fitted_model,S-A6,30.0,7170.139,433.73808832073286,-440.2912620538674,440.2912620538674
viterbi_fitted_model,S-A6,30.0,7200.139,232.80407827890167,-234.42600112094553,234.42600112094553
viterbi_fitted_model,S-A6,30.0,7230.139,34.8397617793119,33.99347503829996,33.99347503829996
viterbi_fitted_model,S-A6,30.0,7260.139,174.47822871224773,-176.96490057889005,176.96490057889005
viterbi_fitted_model,S-A6,30.0,7290.139,32.594466409133325,-32.76091842334371,32.76091842334371
viterbi_fitted_model,S-A6,30.0,7320.139,166.09123652069655,-168.31142023541383,168.31142023541383
viterbi_fitted_model,S-A6,30.0,7350.139,146.99226267711393,-149.22673284041525,149.22673284041525
viterbi_fitted_model,S-A6,30.0,7380.139,26.781055691178228,23.99879189720932,23.99879189720932
viterbi_fitted_model,S-A6,30.0,7410.139,62.49657876148634,68.41090173821566,68.41090173821566
viterbi_fitted_model,S-A6,30.0,7440.139,274.5797763956104,-164.33840244570146,164.33840244570146
viterbi_fitted_model,S-A6,30.0,7470.139,10.109877857904177,-10.676140439776884,10.676140439776884
viterbi_fitted_model,S-A6,30.0,7500.139,70.36275694750748,68.67570772296382,68.67570772296382
viterbi_fitted_model,S-A6,30.0,7530.139,51.637270797636994,-53.94150442705551,53.94150442705551
viterbi_fitted_model,S-A6,30.0,7560.139,52.06866277432807,-66.90307939637829,66.90307939637829
viterbi_fitted_model,S-A6,30.0,7590.139,99.04828633881019,-97.20488173366152,97.20488173366152
viterbi_fitted_model,S-A6,30.0,7620.139,89.84876429930881,-89.05631934439167,89.05631934439167
viterbi_fitted_model,S-A6,30.0,7740.139,171.6136543351974,-154.21865266267466,154.21865266267466
viterbi_fitted_model,S-A6,30.0,7770.139,44.94411492111526,40.97467011312816,40.97467011312816
viterbi_fitted_model,S-A6,30.0,7800.139,19.055565178108516,15.175394381481214,15.175394381481214
viterbi_fitted_model,S-A6,30.0,7830.139,20.2528753441026,-21.626129994662122,21.626129994662122
viterbi_fitted_model,S-A6,30.0,7860.139,6.7890317293191105,5.1101051940203615,5.1101051940203615
viterbi_fitted_model,S-A6,30.0,7890.139,149.20660178818298,-156.12131419528546,156.12131419528546
viterbi_fitted_model,S-A6,30.0,7920.139,192.11900278975716,-211.40418681809035,211.40418681809035
viterbi_fitted_model,S-A6,30.0,7950.139,175.93478887265644,-177.40023283146496,177.40023283146496
viterbi_fitted_model,S-A6,30.0,7980.139,11.943695045519785,4.693787907793751,4.693787907793751
viterbi_fitted_model,S-A6,30.0,8010.139,131.52726517149307,-132.96465965910048,132.96465965910048
viterbi_fitted_model,S-A6,30.0,8040.139,222.0363359840502,203.19242119773443,203.19242119773443
viterbi_fitted_model,S-A6,30.0,8100.139,179.58713750045132,183.4234047054416,183.4234047054416
viterbi_fitted_model,S-A6,30.0,8130.139,228.97582590318765,180.88993464749632,180.88993464749632
viterbi_fitted_model,S-A6,60.0,120.13900000000001,131.7850823416747,144.74952549851028,144.74952549851028
viterbi_fitted_model,S-A6,60.0,180.139,188.41557203234495,-8.083682132113239,8.083682132113239
viterbi_fitted_model,S-A6,60.0,240.139,162.65822343687012,160.6016545993906,160.6016545993906
viterbi_fitted_model,S-A6,60.0,300.139,293.41325861832263,290.99637136950685,290.99637136950685
viterbi_fitted_model,S-A6,60.0,360.139,102.00634411225296,83.7549076446022,83.7549076446022
viterbi_fitted_model,S-A6,60.0,420.139,93.41537335787777,91.67473744055344,91.67473744055344
viterbi_fitted_model,S-A6,60.0,480.139,20.906357138909176,2.351726875416162,2.351726875416162
viterbi_fitted_model,S-A6,60.0,540.139,214.0848235186774,208.2166017132158,208.2166017132158
viterbi_fitted_model,S-A6,60.0,600.139,227.55571599988232,226.63256828987227,226.63256828987227
viterbi_fitted_model,S-A6,60.0,660.139,293.6599576125112,289.8847597741221,289.8847597741221
viterbi_fitted_model,S-A6,60.0,720.139,140.76549381309707,136.9908213315079,136.9908213315079
viterbi_fitted_model,S-A6,60.0,780.139,53.5456867748075,52.55166976407496,52.55166976407496
viterbi_fitted_model,S-A6,60.0,840.139,34.50307682001281,32.72320553715982,32.72320553715982
viterbi_fitted_model,S-A6,60.0,900.139,201.9547029764114,201.5492917541431,201.5492917541431
viterbi_fitted_model,S-A6,60.0,960.139,430.85506213430193,430.0736375639949,430.0736375639949
viterbi_fitted_model,S-A6,60.0,1020.139,360.7427482739773,360.6116973550058,360.6116973550058
viterbi_fitted_model,S-A6,60.0,1080.1390000000001,115.15792509109309,-117.57804114277704,117.57804114277704
viterbi_fitted_model,S-A6,60.0,1140.1390000000001,189.30465533855636,-191.05119093447772,191.05119093447772
viterbi_fitted_model,S-A6,60.0,1200.1390000000001,472.52403402204465,469.3879459917088,469.3879459917088
viterbi_fitted_model,S-A6,60.0,1260.1390000000001,176.92260298410716,175.10741885102644,175.10741885102644
viterbi_fitted_model,S-A6,60.0,1320.1390000000001,358.1769163231738,357.40454401881215,357.40454401881215
viterbi_fitted_model,S-A6,60.0,1380.1390000000001,136.8586884217218,-139.9299075855862,139.9299075855862
viterbi_fitted_model,S-A6,60.0,1440.1390000000001,34.950690495330754,-34.83936516847846,34.83936516847846
viterbi_fitted_model,S-A6,60.0,1500.1390000000001,361.6585719705768,-363.3555630593156,363.3555630593156
viterbi_fitted_model,S-A6,60.0,1560.1390000000001,135.62635398929635,135.85323144024943,135.85323144024943
viterbi_fitted_model,S-A6,60.0,1620.1390000000001,59.25591319499321,57.47125717105907,57.47125717105907
viterbi_fitted_model,S-A6,60.0,1680.1390000000001,126.86881329340783,125.60146525796915,125.60146525796915
viterbi_fitted_model,S-A6,60.0,1740.1390000000001,51.16729410504784,-52.150298858362646,52.150298858362646
viterbi_fitted_model,S-A6,60.0,1800.1390000000001,64.58278048745682,62.53419956476371,62.53419956476371
viterbi_fitted_model,S-A6,60.0,1860.1390000000001,16.885745846005108,18.21322705233359,18.21322705233359
viterbi_fitted_model,S-A6,60.0,1920.1390000000001,643.4604904247718,-659.3201025753569,659.3201025753569
viterbi_fitted_model,S-A6,60.0,1980.1390000000001,362.5871802269531,-402.83134514755346,402.83134514755346
viterbi_fitted_model,S-A6,60.0,2040.1390000000001,76.68081882116687,-78.39842454191604,78.39842454191604
viterbi_fitted_model,S-A6,60.0,2100.139,138.674375558713,134.94482400133728,134.94482400133728
viterbi_fitted_model,S-A6,60.0,2160.139,630.8167172742404,-639.4734839872534,639.4734839872534
viterbi_fitted_model,S-A6,60.0,2220.139,732.2435160402816,-745.2449035979222,745.2449035979222
viterbi_fitted_model,S-A6,60.0,2280.139,813.2848357145768,-833.8832190403009,833.8832190403009
viterbi_fitted_model,S-A6,60.0,2340.139,418.5799576254557,-421.70695183123894,421.70695183123894
viterbi_fitted_model,S-A6,60.0,2400.139,75.04810797936742,-73.21076526856487,73.21076526856487
viterbi_fitted_model,S-A6,60.0,2460.139,326.98371611088857,-329.3573902810969,329.3573902810969
viterbi_fitted_model,S-A6,60.0,2520.139,23.438643787419515,-24.312760769936126,24.312760769936126
viterbi_fitted_model,S-A6,60.0,2580.139,178.2741794817944,-180.6346956372774,180.6346956372774
viterbi_fitted_model,S-A6,60.0,2640.139,43.24806764305383,43.26642164808695,43.26642164808695
viterbi_fitted_model,S-A6,60.0,2700.139,245.77481656637926,-247.87688275892324,247.87688275892324
viterbi_fitted_model,S-A6,60.0,2760.139,449.8553198345063,-448.0183755234096,448.0183755234096
viterbi_fitted_model,S-A6,60.0,2820.139,92.1487247635504,-92.62491885315498,92.62491885315498
viterbi_fitted_model,S-A6,60.0,2880.139,68.59770731559938,-69.90862076718048,69.90862076718048
viterbi_fitted_model,S-A6,60.0,2940.139,113.6312695572616,-115.89380223866742,115.89380223866742
viterbi_fitted_model,S-A6,60.0,3000.139,126.49320189057276,-127.92273135321982,127.92273135321982
viterbi_fitted_model,S-A6,60.0,3060.139,576.0665082166962,-585.9077635289348,585.9077635289348
viterbi_fitted_model,S-A6,60.0,3120.139,355.7124208241403,-357.307589064981,357.307589064981
viterbi_fitted_model,S-A6,60.0,3180.139,242.23113001673144,-247.03330762098068,247.03330762098068
viterbi_fitted_model,S-A6,60.0,3240.139,289.6006878781739,-293.1018685067153,293.1018685067153
viterbi_fitted_model,S-A6,60.0,3300.139,454.95631089967355,-457.1115672360141,457.1115672360141
viterbi_fitted_model,S-A6,60.0,3360.139,491.27743491205274,-495.0238972624227,495.0238972624227
viterbi_fitted_model,S-A6,60.0,3420.139,744.5097000996064,-752.8388274180878,752.8388274180878
viterbi_fitted_model,S-A6,60.0,3480.139,468.98217019599275,-473.6835030767283,473.6835030767283
viterbi_fitted_model,S-A6,60.0,3540.139,295.4231925175649,-299.37423856887415,299.37423856887415
viterbi_fitted_model,S-A6,60.0,3600.139,39.336676069023504,-40.458729209271446,40.458729209271446
viterbi_fitted_model,S-A6,60.0,3660.139,16.25378294968454,-17.598080257510976,17.598080257510976
viterbi_fitted_model,S-A6,60.0,3720.139,623.264823870221,-627.6639873916591,627.6639873916591
viterbi_fitted_model,S-A6,60.0,3780.139,413.5609167719154,-413.7205478827085,413.7205478827085
viterbi_fitted_model,S-A6,60.0,3840.139,149.965928934463,148.77281821740792,148.77281821740792
viterbi_fitted_model,S-A6,60.0,3900.139,319.028111740191,318.30829543402615,318.30829543402615
viterbi_fitted_model,S-A6,60.0,3960.139,220.82987238831885,219.45138740636207,219.45138740636207
viterbi_fitted_model,S-A6,60.0,4020.139,76.72657944342936,-77.07350035593237,77.07350035593237
viterbi_fitted_model,S-A6,60.0,4080.139,79.41112502438423,79.30823661723787,79.30823661723787
viterbi_fitted_model,S-A6,60.0,4140.139,164.78000044818984,-166.00364508101174,166.00364508101174
viterbi_fitted_model,S-A6,60.0,4200.139,107.35385579987371,-107.00814805183529,107.00814805183529
viterbi_fitted_model,S-A6,60.0,4260.139,350.77959081445414,-352.7018666674837,352.7018666674837
viterbi_fitted_model,S-A6,60.0,4320.139,382.6376980967636,-385.9678611747796,385.9678611747796
viterbi_fitted_model,S-A6,60.0,4380.139,87.05376076847493,85.8641989308781,85.8641989308781
viterbi_fitted_model,S-A6,60.0,4440.139,206.11208011784552,-206.91542090760623,206.91542090760623
viterbi_fitted_model,S-A6,60.0,4500.139,97.04809952657752,96.64900468283561,96.64900468283561
viterbi_fitted_model,S-A6,60.0,4560.139,593.8739570006908,593.0438910338931,593.0438910338931
viterbi_fitted_model,S-A6,60.0,4620.139,385.44108259410996,-387.3756432364024,387.3756432364024
viterbi_fitted_model,S-A6,60.0,4680.139,99.53572687400059,-100.74915579761833,100.74915579761833
viterbi_fitted_model,S-A6,60.0,4740.139,35.04752412726587,-34.59451632347937,34.59451632347937
viterbi_fitted_model,S-A6,60.0,4800.139,124.28315292909423,118.89338849898894,118.89338849898894
viterbi_fitted_model,S-A6,60.0,4860.139,291.2625790295636,-297.4099338551088,297.4099338551088
viterbi_fitted_model,S-A6,60.0,4920.139,340.60719503792177,-350.73631125810584,350.73631125810584
viterbi_fitted_model,S-A6,60.0,4980.139,196.14328550853142,-195.1098803497657,195.1098803497657
viterbi_fitted_model,S-A6,60.0,5040.139,53.386895465740146,-61.800615594478614,61.800615594478614
viterbi_fitted_model,S-A6,60.0,5580.139,221.33079061586307,219.71612034878788,219.71612034878788
viterbi_fitted_model,S-A6,60.0,5640.139,304.149672127004,-307.41488572927665,307.41488572927665
viterbi_fitted_model,S-A6,60.0,5700.139,78.85910447757396,-79.79769036133106,79.79769036133106
viterbi_fitted_model,S-A6,60.0,5760.139,101.53738688581248,97.65675207822977,97.65675207822977
viterbi_fitted_model,S-A6,60.0,5820.139,8.403175776714209,5.655309307083336,5.655309307083336
viterbi_fitted_model,S-A6,60.0,5880.139,4.37885190073824,-2.294876665839034,2.294876665839034
viterbi_fitted_model,S-A6,60.0,5940.139,27.805444047198865,-34.1700902378867,34.1700902378867
viterbi_fitted_model,S-A6,60.0,6000.139,623.6341381610234,-638.8695901072662,638.8695901072662
viterbi_fitted_model,S-A6,60.0,6060.139,311.13500772732334,-313.31799624924065,313.31799624924065
viterbi_fitted_model,S-A6,60.0,6120.139,657.1186377917417,-681.230876345598,681.230876345598
viterbi_fitted_model,S-A6,60.0,6180.139,682.9537506014269,-697.8658062995115,697.8658062995115
viterbi_fitted_model,S-A6,60.0,6240.139,223.19633156145377,-227.2855581075055,227.2855581075055
viterbi_fitted_model,S-A6,60.0,6300.139,98.1452398415079,96.05202437973898,96.05202437973898
viterbi_fitted_model,S-A6,60.0,6360.139,103.74976711402134,103.2066497302985,103.2066497302985
viterbi_fitted_model,S-A6,60.0,6420.139,226.27710070596578,-232.21572769553447,232.21572769553447
viterbi_fitted_model,S-A6,60.0,6480.139,108.68478198991673,-110.46693313192509,110.46693313192509
viterbi_fitted_model,S-A6,60.0,6540.139,161.76483680252042,-159.2610995703057,159.2610995703057
viterbi_fitted_model,S-A6,60.0,6600.139,88.53807082397076,86.13533845427494,86.13533845427494
viterbi_fitted_model,S-A6,60.0,6660.139,140.2127731700488,130.32976362365017,130.32976362365017
viterbi_fitted_model,S-A6,60.0,6720.139,27.25619855874837,-12.985080794749557,12.985080794749557
viterbi_fitted_model,S-A6,60.0,6780.139,145.66160477756773,-144.17764390107703,144.17764390107703
viterbi_fitted_model,S-A6,60.0,6840.139,260.85480535929463,-260.3859051679062,260.3859051679062
viterbi_fitted_model,S-A6,60.0,6900.139,633.7677235584932,570.0836506707443,570.0836506707443
viterbi_fitted_model,S-A6,60.0,6960.139,9.563502672353078,5.979328400149559,5.979328400149559
viterbi_fitted_model,S-A6,60.0,7020.139,368.1181480833052,110.41487443471246,110.41487443471246
viterbi_fitted_model,S-A6,60.0,7080.139,428.78795114425867,428.9176409384129,428.9176409384129
viterbi_fitted_model,S-A6,60.0,7140.139,446.1973273287757,-450.7445744277847,450.7445744277847
viterbi_fitted_model,S-A6,60.0,7200.139,198.7988541012568,-200.47635327604272,200.47635327604272
viterbi_fitted_model,S-A6,60.0,7260.139,207.52568760467736,-209.70103807338614,209.70103807338614
viterbi_fitted_model,S-A6,60.0,7320.139,313.5202994979735,-317.5702094844568,317.5702094844568
viterbi_fitted_model,S-A6,60.0,7380.139,93.43448266002584,92.54957654124968,92.54957654124968
viterbi_fitted_model,S-A6,60.0,7440.139,1352.6541420436567,-175.11934125033827,175.11934125033827
viterbi_fitted_model,S-A6,60.0,7500.139,18.003295173801387,14.766942159498187,14.766942159498187
viterbi_fitted_model,S-A6,60.0,7560.139,130.72591433190817,-163.79958858342368,163.79958858342368
viterbi_fitted_model,S-A6,60.0,7620.139,25.01030970664177,15.68303590790919,15.68303590790919
viterbi_fitted_model,S-A6,60.0,7740.139,121.52446861682817,-113.10214152784766,113.10214152784766
viterbi_fitted_model,S-A6,60.0,7800.139,6.138346384611972,-6.451170290479785,6.451170290479785
viterbi_fitted_model,S-A6,60.0,7860.139,142.87799878203828,-150.9966342856453,150.9966342856453
viterbi_fitted_model,S-A6,60.0,7920.139,338.49679675287126,-388.6898384704061,388.6898384704061
viterbi_fitted_model,S-A6,60.0,7980.139,119.43852652415428,-128.2770126398665,128.2770126398665
viterbi_fitted_model,S-A6,60.0,8040.139,321.20406328790864,282.3853221493299,282.3853221493299
viterbi_fitted_model,S-A6,60.0,8100.139,294.24956944011416,364.6467518536781,364.6467518536781
viterbi_base_model,S-A7,10.0,20.088,9.57227191603692,14.495278120626622,14.495278120626622
viterbi_base_model,S-A7,10.0,30.088,61.25260257167165,60.972179243543735,60.972179243543735
viterbi_base_model,S-A7,10.0,40.088,39.67956457646096,39.18956124711722,39.18956124711722
viterbi_base_model,S-A7,10.0,50.088,42.191509667315735,-42.368839426931956,42.368839426931956
viterbi_base_model,S-A7,10.0,60.088,82.6732836591561,82.54285418198886,82.54285418198886
viterbi_base_model,S-A7,10.0,70.088,92.68442395097162,92.00782199802963,92.00782199802963
viterbi_base_model,S-A7,10.0,80.088,78.61707759939213,79.70303067639547,79.70303067639547
viterbi_base_model,S-A7,10.0,90.088,3.193785435557655,-8.322065600648486,8.322065600648486
viterbi_base_model,S-A7,10.0,100.088,9.573208841113495,-4.472495064874246,4.472495064874246
viterbi_base_model,S-A7,10.0,110.088,46.08513562043802,-41.53216113239251,41.53216113239251
viterbi_base_model,S-A7,10.0,120.088,24.504120709753906,24.077483208714867,24.077483208714867
viterbi_base_model,S-A7,10.0,130.088,68.9208793826403,68.79809878055306,68.79809878055306
viterbi_base_model,S-A7,10.0,140.088,65.29082895628238,65.03348596967591,65.03348596967591
viterbi_base_model,S-A7,10.0,150.088,68.3551940107194,68.20332459521237,68.20332459521237
viterbi_base_model,S-A7,10.0,160.088,109.41123081790936,108.37452801986605,108.37452801986605
viterbi_base_model,S-A7,10.0,170.088,113.35143689576918,113.2749859166427,113.2749859166427
viterbi_base_model,S-A7,10.0,180.088,163.2298868904807,161.83800416493295,161.83800416493295
viterbi_base_model,S-A7,10.0,190.088,89.67693663770262,68.70164806409822,68.70164806409822
viterbi_base_model,S-A7,10.0,240.088,47.7885505198517,48.98930484636037,48.98930484636037
viterbi_base_model,S-A7,10.0,250.088,102.02451768251723,-77.60516807993938,77.60516807993938
viterbi_base_model,S-A7,10.0,260.08799999999997,24.529299817507564,24.46043159907895,24.46043159907895
viterbi_base_model,S-A7,10.0,270.08799999999997,92.88672211643998,92.10354388814527,92.10354388814527
viterbi_base_model,S-A7,10.0,280.08799999999997,10.712630637008202,10.179680250274458,10.179680250274458
viterbi_base_model,S-A7,10.0,290.08799999999997,43.95622823909297,43.65712370874493,43.65712370874493
viterbi_base_model,S-A7,10.0,300.08799999999997,50.25835882676984,50.06248835417778,50.06248835417778
viterbi_base_model,S-A7,10.0,310.08799999999997,62.579091982572045,62.40127846707091,62.40127846707091
viterbi_base_model,S-A7,10.0,320.08799999999997,58.821873392292794,58.66384662284712,58.66384662284712
viterbi_base_model,S-A7,10.0,330.08799999999997,79.21279898127976,78.1211437162353,78.1211437162353
viterbi_base_model,S-A7,10.0,340.08799999999997,55.905054010893664,53.69270779195479,53.69270779195479
viterbi_base_model,S-A7,10.0,350.08799999999997,10.148555892731858,9.04492423100401,9.04492423100401
viterbi_base_model,S-A7,10.0,360.08799999999997,73.5374222144553,71.42144781284964,71.42144781284964
viterbi_base_model,S-A7,10.0,370.08799999999997,34.337043784957274,34.13764069721304,34.13764069721304
viterbi_base_model,S-A7,10.0,380.08799999999997,45.397196576634315,44.99418205373536,44.99418205373536
viterbi_base_model,S-A7,10.0,390.08799999999997,54.73364707804027,53.85005510370003,53.85005510370003
viterbi_base_model,S-A7,10.0,400.08799999999997,34.91666539504012,33.907742343855375,33.907742343855375
viterbi_base_model,S-A7,10.0,410.08799999999997,5.374657012253477,2.74200058444238,2.74200058444238
viterbi_base_model,S-A7,10.0,420.08799999999997,10.21814255440711,9.468631835326704,9.468631835326704
viterbi_base_model,S-A7,10.0,430.08799999999997,31.641790829645693,30.9897701381398,30.9897701381398
viterbi_base_model,S-A7,10.0,440.08799999999997,5.10819066220569,-3.233459790289711,3.233459790289711
viterbi_base_model,S-A7,10.0,450.08799999999997,24.860928490314198,24.6490589843096,24.6490589843096
viterbi_base_model,S-A7,10.0,460.08799999999997,41.15413489120521,40.9146865082062,40.9146865082062
viterbi_base_model,S-A7,10.0,470.08799999999997,47.52233719602405,47.372117202336014,47.372117202336014
viterbi_base_model,S-A7,10.0,480.08799999999997,5.987476176448884,4.040777649584303,4.040777649584303
viterbi_base_model,S-A7,10.0,490.08799999999997,23.530012495995315,23.341944882636216,23.341944882636216
viterbi_base_model,S-A7,10.0,500.08799999999997,40.48054836514497,39.996704768001194,39.996704768001194
viterbi_base_model,S-A7,10.0,510.08799999999997,17.652969172156265,17.071615378617754,17.071615378617754
viterbi_base_model,S-A7,10.0,520.088,27.036957039277826,25.586341288645645,25.586341288645645
viterbi_base_model,S-A7,10.0,530.088,30.46616126318062,30.17667804711072,30.17667804711072
viterbi_base_model,S-A7,10.0,540.088,4.920015503513008,-0.9201804519915449,0.9201804519915449
viterbi_base_model,S-A7,10.0,550.088,57.51438837286577,57.206836988048764,57.206836988048764
viterbi_base_model,S-A7,10.0,560.088,17.87317694913467,17.680908940108278,17.680908940108278
viterbi_base_model,S-A7,10.0,570.088,31.003565527172583,30.621106202830777,30.621106202830777
viterbi_base_model,S-A7,10.0,580.088,71.9793722533617,71.4815865191332,71.4815865191332
viterbi_base_model,S-A7,10.0,590.088,72.08692913077242,71.60817842156428,71.60817842156428
viterbi_base_model,S-A7,10.0,600.088,27.655672301909657,26.891183594573377,26.891183594573377
viterbi_base_model,S-A7,10.0,610.088,1.9360184409998418,-1.612443467546484,1.612443467546484
viterbi_base_model,S-A7,10.0,620.088,11.472550585987628,11.183324214278208,11.183324214278208
viterbi_base_model,S-A7,10.0,630.088,43.20813611995548,40.577047707416,40.577047707416
viterbi_base_model,S-A7,10.0,640.088,18.514179342340853,11.698780503301819,11.698780503301819
viterbi_base_model,S-A7,10.0,650.088,66.37712056153106,62.761480843367664,62.761480843367664
viterbi_base_model,S-A7,10.0,660.088,58.47005070410681,52.56505587595946,52.56505587595946
viterbi_base_model,S-A7,10.0,670.088,11.967911504653644,-16.008966933519226,16.008966933519226
viterbi_base_model,S-A7,10.0,680.088,46.7918784628641,-48.174009775269454,48.174009775269454
viterbi_base_model,S-A7,10.0,690.088,62.46890835036011,-62.371610483527384,62.371610483527384
viterbi_base_model,S-A7,10.0,700.088,7.947085387846418,6.168930093169973,6.168930093169973
viterbi_base_model,S-A7,10.0,710.088,9.592700396754044,-9.75560835190403,9.75560835190403
viterbi_base_model,S-A7,10.0,720.088,42.132087805461815,41.50206972323292,41.50206972323292
viterbi_base_model,S-A7,10.0,730.088,98.51127558698758,98.43682575799807,98.43682575799807
viterbi_base_model,S-A7,10.0,740.088,79.7348071791997,79.41229936845679,79.41229936845679
viterbi_base_model,S-A7,10.0,750.088,77.25997154373802,77.06686630158333,77.06686630158333
viterbi_base_model,S-A7,10.0,760.088,101.95692995564437,101.7413818297649,101.7413818297649
viterbi_base_model,S-A7,10.0,770.088,80.97513834456039,80.83653476496919,80.83653476496919
viterbi_base_model,S-A7,10.0,780.088,136.97428462925234,136.74908497971745,136.74908497971745
viterbi_base_model,S-A7,10.0,790.088,95.91409723642306,95.62482990943334,95.62482990943334
viterbi_base_model,S-A7,10.0,800.088,68.2260827118192,67.80484792498221,67.80484792498221
viterbi_base_model,S-A7,10.0,810.088,115.20347312063032,114.78911715651579,114.78911715651579
viterbi_base_model,S-A7,10.0,820.088,82.75219862407685,80.53841900493566,80.53841900493566
viterbi_base_model,S-A7,10.0,830.088,38.63319324271706,37.26174216549316,37.26174216549316
viterbi_base_model,S-A7,10.0,840.088,29.96005264313724,29.810621844855415,29.810621844855415
viterbi_base_model,S-A7,10.0,850.088,59.753592261724044,58.33159488153513,58.33159488153513
viterbi_base_model,S-A7,10.0,860.088,5.4163649764905095,-0.2769268765688828,0.2769268765688828
viterbi_base_model,S-A7,10.0,870.088,20.31306703318886,19.538074252975736,19.538074252975736
viterbi_base_model,S-A7,10.0,880.088,49.623956620394054,48.214518625051916,48.214518625051916
viterbi_base_model,S-A7,10.0,890.088,57.330352941219836,56.30589635978107,56.30589635978107
viterbi_base_model,S-A7,10.0,900.088,48.125217362226365,46.547243798825335,46.547243798825335
viterbi_base_model,S-A7,10.0,910.088,29.34064227090312,27.303411274927065,27.303411274927065
viterbi_base_model,S-A7,10.0,920.088,74.41879475467968,73.81506808336783,73.81506808336783
viterbi_base_model,S-A7,10.0,930.088,73.43434257772229,72.84432425804651,72.84432425804651
viterbi_base_model,S-A7,10.0,940.088,50.67542372027181,50.372658084064,50.372658084064
viterbi_base_model,S-A7,10.0,950.088,63.884106299845904,63.787823723055766,63.787823723055766
viterbi_base_model,S-A7,10.0,960.088,50.72230267634987,50.43572156064103,50.43572156064103
viterbi_base_model,S-A7,10.0,970.088,77.56521915560488,76.74780218072891,76.74780218072891
viterbi_base_model,S-A7,10.0,980.088,52.737657648957644,52.216473562568005,52.216473562568005
viterbi_base_model,S-A7,10.0,990.088,80.05023180088206,78.65294011393769,78.65294011393769
viterbi_base_model,S-A7,10.0,1000.088,37.65748137703547,36.141336542054916,36.141336542054916
viterbi_base_model,S-A7,10.0,1010.088,47.227185947671494,44.532095083230985,44.532095083230985
viterbi_base_model,S-A7,10.0,1020.088,64.8692105211427,62.80265716091752,62.80265716091752
viterbi_base_model,S-A7,10.0,1030.088,59.97752032475502,58.95098465350249,58.95098465350249
viterbi_base_model,S-A7,10.0,1040.088,14.155004711610658,12.425251477355467,12.425251477355467
viterbi_base_model,S-A7,10.0,1050.088,62.44505438506943,60.65969202558342,60.65969202558342
viterbi_base_model,S-A7,10.0,1060.088,88.25557491777755,88.17986175832667,88.17986175832667
viterbi_base_model,S-A7,10.0,1070.088,54.963589057336925,54.71327913552388,54.71327913552388
viterbi_base_model,S-A7,10.0,1080.088,69.73903043736114,69.36020328098253,69.36020328098253
viterbi_base_model,S-A7,10.0,1090.088,32.496380894245156,32.23453462873913,32.23453462873913
viterbi_base_model,S-A7,10.0,1100.088,18.228344565848115,17.13501523193549,17.13501523193549
viterbi_base_model,S-A7,10.0,1110.088,46.671563957246384,46.17282402291797,46.17282402291797
viterbi_base_model,S-A7,10.0,1120.088,24.554382323064406,24.300646106507255,24.300646106507255
viterbi_base_model,S-A7,10.0,1130.088,11.002042521056122,10.255724534612103,10.255724534612103
viterbi_base_model,S-A7,10.0,1140.088,39.72577215447813,39.731836821393486,39.731836821393486
viterbi_base_model,S-A7,10.0,1150.088,20.18576393440334,-20.712603106609002,20.712603106609002
viterbi_base_model,S-A7,10.0,1160.088,13.6807820658068,-13.343024031596368,13.343024031596368
viterbi_base_model,S-A7,10.0,1170.088,21.46429123206016,20.377229619753543,20.377229619753543
viterbi_base_model,S-A7,10.0,1180.088,4.914932567024661,-0.8812207751349739,0.8812207751349739
viterbi_base_model,S-A7,10.0,1190.088,19.859756786734533,19.61756232334246,19.61756232334246
viterbi_base_model,S-A7,10.0,1200.088,64.8387172382616,64.48668370779099,64.48668370779099
viterbi_base_model,S-A7,10.0,1210.088,38.61801739193095,38.266412487574925,38.266412487574925
viterbi_base_model,S-A7,10.0,1220.088,13.699581101143748,13.55670888094166,13.55670888094166
viterbi_base_model,S-A7,10.0,1230.088,32.202444236055065,32.026071219065116,32.026071219065116
viterbi_base_model,S-A7,10.0,1240.088,31.505840162087235,31.18305600299416,31.18305600299416
viterbi_base_model,S-A7,10.0,1250.088,1.9537569724672634,1.8881853836946618,1.8881853836946618
viterbi_base_model,S-A7,10.0,1260.088,33.44412839096091,33.16569610118287,33.16569610118287
viterbi_base_model,S-A7,10.0,1270.088,16.736809304405366,15.947035328994197,15.947035328994197
viterbi_base_model,S-A7,10.0,1280.088,11.969651528489946,-12.26815368538892,12.26815368538892
viterbi_base_model,S-A7,10.0,1290.088,4.9969711299481885,-4.931666445050389,4.931666445050389
viterbi_base_model,S-A7,10.0,1300.088,6.1583084483328525,-6.221552050300854,6.221552050300854
viterbi_base_model,S-A7,10.0,1310.088,21.324966835280346,-22.204873168419596,22.204873168419596
viterbi_base_model,S-A7,10.0,1320.088,17.307525423321085,13.896924601308804,13.896924601308804
viterbi_base_model,S-A7,10.0,1330.088,37.30373031548844,-38.58134716078172,38.58134716078172
viterbi_base_model,S-A7,10.0,1340.088,40.00333298792059,38.68800736853966,38.68800736853966
viterbi_base_model,S-A7,10.0,1350.088,42.97339294708993,-45.799620688732766,45.799620688732766
viterbi_base_model,S-A7,10.0,1360.088,8.724684167494699,-7.652492258481249,7.652492258481249
viterbi_base_model,S-A7,10.0,1370.088,26.173836886562388,26.086471279834498,26.086471279834498
viterbi_base_model,S-A7,10.0,1380.088,17.10994796403178,16.41778742380216,16.41778742380216
viterbi_base_model,S-A7,10.0,1390.088,21.5567279729747,20.978969365725764,20.978969365725764
viterbi_base_model,S-A7,10.0,1400.088,25.741338393731453,-25.784358378151918,25.784358378151918
viterbi_base_model,S-A7,10.0,1410.088,73.95443928289954,-74.43809544918966,74.43809544918966
viterbi_base_model,S-A7,10.0,1420.088,5.909181557811001,-8.895427343458323,8.895427343458323
viterbi_base_model,S-A7,10.0,1430.088,28.890780206373478,-29.840803702773783,29.840803702773783
viterbi_base_model,S-A7,10.0,1440.088,29.223236649292208,-29.625417204761913,29.625417204761913
viterbi_base_model,S-A7,10.0,1450.088,23.23569478139321,-23.96072784358492,23.96072784358492
viterbi_base_model,S-A7,10.0,1460.088,18.001022827747956,17.383995643548797,17.383995643548797
viterbi_base_model,S-A7,10.0,1470.088,28.052765322404344,-28.905922925374494,28.905922925374494
viterbi_base_model,S-A7,10.0,1480.088,19.15441426091228,-21.859453903059343,21.859453903059343
viterbi_base_model,S-A7,10.0,1490.088,30.199326662681003,-32.27067914807308,32.27067914807308
viterbi_base_model,S-A7,10.0,1500.088,16.433014378285204,6.897614496841214,6.897614496841214
viterbi_base_model,S-A7,10.0,1510.088,46.731345556271954,45.48974309278602,45.48974309278602
viterbi_base_model,S-A7,10.0,1520.088,58.73269810676607,58.67028252526809,58.67028252526809
viterbi_base_model,S-A7,10.0,1530.088,15.2406355699792,14.863569829878454,14.863569829878454
viterbi_base_model,S-A7,10.0,1540.088,54.54918749939264,54.4809096538777,54.4809096538777
viterbi_base_model,S-A7,10.0,1550.088,37.55743121755803,37.352035851916284,37.352035851916284
viterbi_base_model,S-A7,10.0,1560.088,38.29389941102315,38.06241250101557,38.06241250101557
viterbi_base_model,S-A7,10.0,1570.088,56.17046422236429,56.07750092650314,56.07750092650314
viterbi_base_model,S-A7,10.0,1580.088,38.152491869987124,37.87570388117652,37.87570388117652
viterbi_base_model,S-A7,10.0,1590.088,36.44516919014441,36.24536002946947,36.24536002946947
viterbi_base_model,S-A7,10.0,1600.088,3.182321278200291,2.9875771646673215,2.9875771646673215
viterbi_base_model,S-A7,10.0,1610.088,0.8917450716129952,0.6129124246098812,0.6129124246098812
viterbi_base_model,S-A7,10.0,1620.088,48.84669867161373,48.456937417906225,48.456937417906225
viterbi_base_model,S-A7,10.0,1630.088,24.915673997348716,24.765378835448058,24.765378835448058
viterbi_base_model,S-A7,10.0,1640.088,51.86709132023389,51.66377794207085,51.66377794207085
viterbi_base_model,S-A7,10.0,1650.088,25.808590818261283,25.670940031158228,25.670940031158228
viterbi_base_model,S-A7,10.0,1660.088,48.155682576309246,47.75276030340128,47.75276030340128
viterbi_base_model,S-A7,10.0,1670.088,58.70146007041226,58.25948277000296,58.25948277000296
viterbi_base_model,S-A7,10.0,1680.088,38.781877099430574,38.65889132537495,38.65889132537495
viterbi_base_model,S-A7,10.0,1690.088,2.199964357601169,1.7534115162337294,1.7534115162337294
viterbi_base_model,S-A7,10.0,1700.088,14.546594250416357,-14.454327119958364,14.454327119958364
viterbi_base_model,S-A7,10.0,1710.088,20.293812008141003,20.229409685946973,20.229409685946973
viterbi_base_model,S-A7,10.0,1720.088,0.9556369695057062,0.9198195902744999,0.9198195902744999
viterbi_base_model,S-A7,10.0,1730.088,25.551557926319326,25.516743155738013,25.516743155738013
viterbi_base_model,S-A7,10.0,1740.088,36.70634099527709,36.645602403793035,36.645602403793035
viterbi_base_model,S-A7,10.0,1750.088,67.26527251705856,67.11423514491565,67.11423514491565
viterbi_base_model,S-A7,10.0,1760.088,48.650162267115725,48.59744829469662,48.59744829469662
viterbi_base_model,S-A7,10.0,1770.088,23.477246699497417,23.444692531599753,23.444692531599753
viterbi_base_model,S-A7,10.0,1780.088,28.014498560338385,27.70878058526472,27.70878058526472
viterbi_base_model,S-A7,10.0,1790.088,12.283266023091329,12.199442480216277,12.199442480216277
viterbi_base_model,S-A7,10.0,1800.088,17.798716267235825,17.649719573816633,17.649719573816633
viterbi_base_model,S-A7,10.0,1810.088,29.666630241546926,24.102234885752413,24.102234885752413
viterbi_base_model,S-A7,10.0,1820.088,53.81633125146506,-52.88410011537441,52.88410011537441
viterbi_base_model,S-A7,10.0,1830.088,16.281915932436828,15.998573362586338,15.998573362586338
viterbi_base_model,S-A7,10.0,1840.088,44.90287938090883,-45.70209437011825,45.70209437011825
viterbi_base_model,S-A7,10.0,1850.088,53.44543232102725,-54.88791730337975,54.88791730337975
viterbi_base_model,S-A7,10.0,1860.088,8.630804612341304,-7.948133359677733,7.948133359677733
viterbi_base_model,S-A7,10.0,1870.088,15.668135108335829,13.313399024936952,13.313399024936952
viterbi_base_model,S-A7,10.0,1880.088,141.5136097305929,-142.4334687848256,142.4334687848256
viterbi_base_model,S-A7,10.0,1890.088,108.57384414595427,-108.73087346234897,108.73087346234897
viterbi_base_model,S-A7,10.0,1900.088,113.47307751486653,-113.64110568139964,113.64110568139964
viterbi_base_model,S-A7,10.0,1910.088,113.748217517805,-114.39797814819705,114.39797814819705
viterbi_base_model,S-A7,10.0,1920.088,140.0807775384185,-141.17127711665103,141.17127711665103
viterbi_base_model,S-A7,10.0,1930.088,13.122283132546116,-3.6260786269344116,3.6260786269344116
viterbi_base_model,S-A7,10.0,1940.088,7.267881616533585,-8.470874832694264,8.470874832694264
viterbi_base_model,S-A7,10.0,1950.088,77.92042849361493,-78.22086271653687,78.22086271653687
viterbi_base_model,S-A7,10.0,1960.088,75.98701267889838,-76.16228808499011,76.16228808499011
viterbi_base_model,S-A7,10.0,1970.088,56.99611551505983,-57.11980794636038,57.11980794636038
viterbi_base_model,S-A7,10.0,1980.088,6.751765877922933,-5.041534677394441,5.041534677394441
viterbi_base_model,S-A7,10.0,1990.088,27.450223425617768,25.40470688930119,25.40470688930119
viterbi_base_model,S-A7,10.0,2000.088,8.699398635603744,6.985251934901868,6.985251934901868
viterbi_base_model,S-A7,10.0,2010.088,37.36396859270944,37.11936401855847,37.11936401855847
viterbi_base_model,S-A7,10.0,2020.088,58.74233958382654,58.63313455051584,58.63313455051584
viterbi_base_model,S-A7,10.0,2030.088,69.71576020127308,69.38710476708265,69.38710476708265
viterbi_base_model,S-A7,10.0,2040.088,21.57455131998288,-21.416567506928715,21.416567506928715
viterbi_base_model,S-A7,10.0,2050.0879999999997,53.402535720437484,-52.60825480986925,52.60825480986925
viterbi_base_model,S-A7,10.0,2060.0879999999997,23.852679119585737,-23.887008217588935,23.887008217588935
viterbi_base_model,S-A7,10.0,2070.0879999999997,75.75560435917743,75.71695404635771,75.71695404635771
viterbi_base_model,S-A7,10.0,2080.0879999999997,58.9511443046898,58.80697328901336,58.80697328901336
viterbi_base_model,S-A7,10.0,2090.0879999999997,22.98075640585835,22.922588435575392,22.922588435575392
viterbi_base_model,S-A7,10.0,2100.0879999999997,5.5478511190910185,-5.385891668846686,5.385891668846686
viterbi_base_model,S-A7,10.0,2110.0879999999997,5.16172827070279,4.0307749222267155,4.0307749222267155
viterbi_base_model,S-A7,10.0,2120.0879999999997,52.46206995533082,52.28985033010581,52.28985033010581
viterbi_base_model,S-A7,10.0,2130.0879999999997,53.15923984759881,53.08866240603963,53.08866240603963
viterbi_base_model,S-A7,10.0,2140.0879999999997,68.70197822213544,68.66723819079411,68.66723819079411
viterbi_base_model,S-A7,10.0,2150.0879999999997,29.7354647676697,29.72603675754904,29.72603675754904
viterbi_base_model,S-A7,10.0,2160.0879999999997,7.733738612784924,-7.73008006555742,7.73008006555742
viterbi_base_model,S-A7,10.0,2170.0879999999997,18.34225136816348,18.248229290169512,18.248229290169512
viterbi_base_model,S-A7,10.0,2180.0879999999997,74.80137004959354,-75.05449130489758,75.05449130489758
viterbi_base_model,S-A7,10.0,2190.0879999999997,101.23099848040926,-102.14905660809158,102.14905660809158
viterbi_base_model,S-A7,10.0,2200.0879999999997,92.10957340756345,-92.40998277690616,92.40998277690616
viterbi_base_model,S-A7,10.0,2210.0879999999997,35.135762421512474,-35.145747293941895,35.145747293941895
viterbi_base_model,S-A7,10.0,2220.0879999999997,54.29865732288524,54.1610650450592,54.1610650450592
viterbi_base_model,S-A7,10.0,2230.0879999999997,53.69386552207952,53.31028643013445,53.31028643013445
viterbi_base_model,S-A7,10.0,2240.0879999999997,28.202725765422155,-27.804171001161734,27.804171001161734
viterbi_base_model,S-A7,10.0,2250.0879999999997,11.39258809784334,-12.265816616183312,12.265816616183312
viterbi_base_model,S-A7,10.0,2260.0879999999997,19.948656957045902,19.636524930400526,19.636524930400526
viterbi_base_model,S-A7,10.0,2270.0879999999997,27.8944119687706,27.45132649987428,27.45132649987428
viterbi_base_model,S-A7,10.0,2280.0879999999997,19.804592740800807,19.349298441087182,19.349298441087182
viterbi_base_model,S-A7,10.0,2290.0879999999997,55.66845264178165,55.58832607963226,55.58832607963226
viterbi_base_model,S-A7,10.0,2300.0879999999997,25.718026356736804,24.705254636723872,24.705254636723872
viterbi_base_model,S-A7,10.0,2310.0879999999997,34.05176574247783,34.021592777093915,34.021592777093915
viterbi_base_model,S-A7,10.0,2320.0879999999997,18.143606783439665,17.959291435317237,17.959291435317237
viterbi_base_model,S-A7,10.0,2330.0879999999997,46.469969601547255,46.071985258074044,46.071985258074044
viterbi_base_model,S-A7,10.0,2340.0879999999997,14.387755053023264,13.82479548089809,13.82479548089809
viterbi_base_model,S-A7,10.0,2350.0879999999997,14.49068146523902,-14.244702710107376,14.244702710107376
viterbi_base_model,S-A7,10.0,2360.0879999999997,49.38994284414188,49.31238547551298,49.31238547551298
viterbi_base_model,S-A7,10.0,2370.0879999999997,7.865487099187811,6.545162503841148,6.545162503841148
viterbi_base_model,S-A7,10.0,2380.0879999999997,32.10123552236707,-32.16852442724749,32.16852442724749
viterbi_base_model,S-A7,10.0,2390.0879999999997,47.045497187249374,-46.90811032485173,46.90811032485173
viterbi_base_model,S-A7,10.0,2400.0879999999997,19.653341333940883,-19.52478446444691,19.52478446444691
viterbi_base_model,S-A7,10.0,2410.0879999999997,0.6572295748595638,-0.5281013556360676,0.5281013556360676
viterbi_base_model,S-A7,10.0,2420.0879999999997,16.51762686633355,-16.531071132777654,16.531071132777654
viterbi_base_model,S-A7,10.0,2430.0879999999997,19.644984163907278,-19.655769731836944,19.655769731836944
viterbi_base_model,S-A7,10.0,2440.0879999999997,7.724253671007484,-7.713175130962366,7.713175130962366
viterbi_base_model,S-A7,10.0,2450.0879999999997,11.333181472478854,-10.926240129598419,10.926240129598419
viterbi_base_model,S-A7,10.0,2460.0879999999997,10.548804363877194,10.456433621434947,10.456433621434947
viterbi_base_model,S-A7,10.0,2470.0879999999997,11.1132438410495,-10.98002290169661,10.98002290169661
viterbi_base_model,S-A7,10.0,2480.0879999999997,18.98173020791791,18.938144955467735,18.938144955467735
viterbi_base_model,S-A7,10.0,2490.0879999999997,38.01563592142514,37.91077409823981,37.91077409823981
viterbi_base_model,S-A7,10.0,2500.0879999999997,42.438672731038594,42.221719303937746,42.221719303937746
viterbi_base_model,S-A7,10.0,2510.0879999999997,27.84404422813664,27.777319941888788,27.777319941888788
viterbi_base_model,S-A7,10.0,2520.0879999999997,28.03660742796372,27.707937512847774,27.707937512847774
viterbi_base_model,S-A7,10.0,2530.0879999999997,62.868258772355304,62.87483788544704,62.87483788544704
viterbi_base_model,S-A7,10.0,2540.0879999999997,13.404007591590789,13.399292241738749,13.399292241738749
viterbi_base_model,S-A7,10.0,2550.0879999999997,55.172457562266544,55.08390198724001,55.08390198724001
viterbi_base_model,S-A7,10.0,2560.0879999999997,53.80544941361232,53.80403201612367,53.80403201612367
viterbi_base_model,S-A7,10.0,2570.0879999999997,1.7364843196376045,-0.9798955444565571,0.9798955444565571
viterbi_base_model,S-A7,10.0,2580.0879999999997,8.615627852603016,8.490999402808047,8.490999402808047
viterbi_base_model,S-A7,10.0,2590.0879999999997,22.21014313029286,22.229178126675876,22.229178126675876
viterbi_base_model,S-A7,10.0,2600.0879999999997,44.083951745654886,44.091038334396956,44.091038334396956
viterbi_base_model,S-A7,10.0,2610.0879999999997,45.04987546988568,45.07133721681912,45.07133721681912
viterbi_base_model,S-A7,10.0,2620.0879999999997,6.5491670243519025,6.409709451208364,6.409709451208364
viterbi_base_model,S-A7,10.0,2630.0879999999997,48.32789669452228,48.16957435067221,48.16957435067221
viterbi_base_model,S-A7,10.0,2640.0879999999997,55.136544725112394,55.14793574208214,55.14793574208214
viterbi_base_model,S-A7,10.0,2650.0879999999997,31.415630857299483,31.34172526826338,31.34172526826338
viterbi_base_model,S-A7,10.0,2660.0879999999997,50.70326997251614,50.65729559977545,50.65729559977545
viterbi_base_model,S-A7,10.0,2670.0879999999997,51.59964186808158,51.40966884971482,51.40966884971482
viterbi_base_model,S-A7,10.0,2680.0879999999997,10.478254353009184,10.419989632243883,10.419989632243883
viterbi_base_model,S-A7,10.0,2690.0879999999997,37.18191418805676,37.03230471100761,37.03230471100761
viterbi_base_model,S-A7,10.0,2700.0879999999997,100.08788697687581,100.05159196987127,100.05159196987127
viterbi_base_model,S-A7,10.0,2710.0879999999997,60.17562445509871,60.11805393606137,60.11805393606137
viterbi_base_model,S-A7,10.0,2720.0879999999997,72.43802615734594,72.37823899753079,72.37823899753079
viterbi_base_model,S-A7,10.0,2730.0879999999997,7.530698914458503,7.330443126372682,7.330443126372682
viterbi_base_model,S-A7,10.0,2740.0879999999997,54.59287456057848,54.58466096832923,54.58466096832923
viterbi_base_model,S-A7,10.0,2750.0879999999997,48.881882338405134,48.447244904114214,48.447244904114214
viterbi_base_model,S-A7,10.0,2760.0879999999997,61.99027052203961,61.9430547656394,61.9430547656394
viterbi_base_model,S-A7,10.0,2770.0879999999997,15.155993111777807,15.058980245650165,15.058980245650165
viterbi_base_model,S-A7,10.0,2780.0879999999997,0.909038758958884,0.6328591859907462,0.6328591859907462
viterbi_base_model,S-A7,10.0,2790.0879999999997,40.56184131731545,-40.670150562233054,40.670150562233054
viterbi_base_model,S-A7,10.0,2800.0879999999997,66.54982383905713,-66.51797215217331,66.51797215217331
viterbi_base_model,S-A7,10.0,2810.0879999999997,13.415742920476749,12.495817304266527,12.495817304266527
viterbi_base_model,S-A7,10.0,2820.0879999999997,35.37511964468133,34.4876504231145,34.4876504231145
viterbi_base_model,S-A7,10.0,2830.0879999999997,15.994007421234233,-16.73970985028019,16.73970985028019
viterbi_base_model,S-A7,10.0,2840.0879999999997,11.253808750865419,-11.424163420076479,11.424163420076479
viterbi_base_model,S-A7,10.0,2850.0879999999997,26.87887929694835,-27.39430216067054,27.39430216067054
viterbi_base_model,S-A7,10.0,2860.0879999999997,30.234340698885035,-30.26793199033353,30.26793199033353
viterbi_base_model,S-A7,10.0,2870.0879999999997,36.17587119349546,-36.277314033765855,36.277314033765855
viterbi_base_model,S-A7,10.0,2880.0879999999997,68.819007201504,-68.98004534978048,68.98004534978048
viterbi_base_model,S-A7,10.0,2890.0879999999997,10.398505207211807,-10.628993258428881,10.628993258428881
viterbi_base_model,S-A7,10.0,2900.0879999999997,43.55408456927264,-43.55791540342378,43.55791540342378
viterbi_base_model,S-A7,10.0,2910.0879999999997,20.337107833931015,-21.833324141857016,21.833324141857016
viterbi_base_model,S-A7,10.0,2920.0879999999997,3.9222519694411018,3.369834622375386,3.369834622375386
viterbi_base_model,S-A7,10.0,2930.0879999999997,25.367144520377682,25.08255770019474,25.08255770019474
viterbi_base_model,S-A7,10.0,2940.0879999999997,25.030706891894205,-25.59313596706922,25.59313596706922
viterbi_base_model,S-A7,10.0,2950.0879999999997,45.360944111487015,-45.46797010074698,45.46797010074698
viterbi_base_model,S-A7,10.0,2960.0879999999997,69.81034688106298,-70.62204796342648,70.62204796342648
viterbi_base_model,S-A7,10.0,2970.0879999999997,28.243597100306147,-28.3830111364462,28.3830111364462
viterbi_base_model,S-A7,10.0,2980.0879999999997,52.83086658286213,-53.837213746088935,53.837213746088935
viterbi_base_model,S-A7,10.0,2990.0879999999997,14.874630305648143,-15.03127705630936,15.03127705630936
viterbi_base_model,S-A7,10.0,3000.0879999999997,30.490142868402206,-30.686832374065713,30.686832374065713
viterbi_base_model,S-A7,10.0,3010.0879999999997,21.774923149211862,-21.870545262604065,21.870545262604065
viterbi_base_model,S-A7,10.0,3020.0879999999997,30.76021765791637,30.66946971126408,30.66946971126408
viterbi_base_model,S-A7,10.0,3030.0879999999997,16.813621579417003,-17.30895917845073,17.30895917845073
viterbi_base_model,S-A7,10.0,3040.0879999999997,80.14047997242932,80.00840552210036,80.00840552210036
viterbi_base_model,S-A7,10.0,3050.0879999999997,49.8134616370555,49.75503636216812,49.75503636216812
viterbi_base_model,S-A7,10.0,3060.0879999999997,6.4645198923951535,2.447839842313879,2.447839842313879
viterbi_base_model,S-A7,10.0,3070.0879999999997,7.368237765943144,6.835561281803308,6.835561281803308
viterbi_base_model,S-A7,10.0,3080.0879999999997,5.921730721748953,5.357363176540961,5.357363176540961
viterbi_base_model,S-A7,10.0,3090.0879999999997,43.60423944083965,-43.530228761643265,43.530228761643265
viterbi_base_model,S-A7,10.0,3100.0879999999997,7.04296034633551,-7.101002241690562,7.101002241690562
viterbi_base_model,S-A7,10.0,3110.0879999999997,64.8624814862514,-65.08399027995853,65.08399027995853
viterbi_base_model,S-A7,10.0,3120.0879999999997,107.08522121927615,-107.23747563080686,107.23747563080686
viterbi_base_model,S-A7,10.0,3130.0879999999997,105.51084216865029,-105.73320346953193,105.73320346953193
viterbi_base_model,S-A7,10.0,3140.0879999999997,33.13421329432786,-33.14249312168479,33.14249312168479
viterbi_base_model,S-A7,10.0,3150.0879999999997,15.825726160765434,15.755419807759491,15.755419807759491
viterbi_base_model,S-A7,10.0,3160.0879999999997,97.99600320252307,-98.35297344786157,98.35297344786157
viterbi_base_model,S-A7,10.0,3170.0879999999997,89.35108717046126,-89.55100578129034,89.55100578129034
viterbi_base_model,S-A7,10.0,3180.0879999999997,48.616892408087054,-48.92863749746521,48.92863749746521
viterbi_base_model,S-A7,10.0,3190.0879999999997,54.93470389305708,-55.07748497952092,55.07748497952092
viterbi_base_model,S-A7,10.0,3200.0879999999997,60.73994475312966,-61.3812134752049,61.3812134752049
viterbi_base_model,S-A7,10.0,3210.0879999999997,7.3563550477105215,-9.22182678128635,9.22182678128635
viterbi_base_model,S-A7,10.0,3220.0879999999997,79.60279634241715,78.57614277709985,78.57614277709985
viterbi_base_model,S-A7,10.0,3230.0879999999997,42.96260392240744,40.2576893876162,40.2576893876162
viterbi_base_model,S-A7,10.0,3240.0879999999997,45.34535818740658,43.56936431886763,43.56936431886763
viterbi_base_model,S-A7,10.0,3250.0879999999997,39.64165656547516,38.20972655449549,38.20972655449549
viterbi_base_model,S-A7,10.0,3260.0879999999997,89.08756849781481,88.1995134242742,88.1995134242742
viterbi_base_model,S-A7,10.0,3270.0879999999997,20.801932417710145,19.49635851848415,19.49635851848415
viterbi_base_model,S-A7,10.0,3280.0879999999997,67.00373185079071,-67.08098196212748,67.08098196212748
viterbi_base_model,S-A7,10.0,3290.0879999999997,38.65597095101814,-38.73746528568838,38.73746528568838
viterbi_base_model,S-A7,10.0,3300.0879999999997,8.770663377199497,8.66405284072098,8.66405284072098
viterbi_base_model,S-A7,10.0,3310.0879999999997,13.731444205796903,13.302957776683574,13.302957776683574
viterbi_base_model,S-A7,10.0,3320.0879999999997,19.406930720786303,19.301725210649316,19.301725210649316
viterbi_base_model,S-A7,10.0,3330.0879999999997,20.107635253537328,19.498043208455044,19.498043208455044
viterbi_base_model,S-A7,10.0,3340.0879999999997,85.74915673027692,85.26714602519765,85.26714602519765
viterbi_base_model,S-A7,10.0,3350.0879999999997,14.952610782854173,14.811027948068105,14.811027948068105
viterbi_base_model,S-A7,10.0,3360.0879999999997,73.59704290846275,-73.63011200890475,73.63011200890475
viterbi_base_model,S-A7,10.0,3370.0879999999997,73.93698118478706,-74.10244706881332,74.10244706881332
viterbi_base_model,S-A7,10.0,3380.0879999999997,6.806887468057257,-6.628251012420101,6.628251012420101
viterbi_base_model,S-A7,10.0,3390.0879999999997,37.99035752468056,37.61087244628897,37.61087244628897
viterbi_base_model,S-A7,10.0,3400.0879999999997,20.7218277399511,20.00991226458233,20.00991226458233
viterbi_base_model,S-A7,10.0,3410.0879999999997,23.136685457663162,-23.129810861512276,23.129810861512276
viterbi_base_model,S-A7,10.0,3420.0879999999997,46.321792328162694,45.98089003488775,45.98089003488775
viterbi_base_model,S-A7,10.0,3430.0879999999997,2.875147336567829,2.5799124971135434,2.5799124971135434
viterbi_base_model,S-A7,10.0,3440.0879999999997,3.979459676684508,2.9869961287594897,2.9869961287594897
viterbi_base_model,S-A7,10.0,3450.0879999999997,14.201041326631586,-13.46611378393839,13.46611378393839
viterbi_base_model,S-A7,10.0,3460.0879999999997,7.351489785551588,-4.2877559995658565,4.2877559995658565
viterbi_base_model,S-A7,10.0,3470.0879999999997,16.1577976370052,15.44698695723395,15.44698695723395
viterbi_base_model,S-A7,10.0,3480.0879999999997,53.83152490758036,52.244060515878864,52.244060515878864
viterbi_base_model,S-A7,10.0,3490.0879999999997,31.18666045678282,30.686785776160622,30.686785776160622
viterbi_base_model,S-A7,10.0,3500.0879999999997,38.91850255252436,38.61809675172741,38.61809675172741
viterbi_base_model,S-A7,10.0,3510.0879999999997,39.53193315243787,39.273316033414694,39.273316033414694
viterbi_base_model,S-A7,10.0,3520.0879999999997,14.622507236220956,14.501849410430857,14.501849410430857
viterbi_base_model,S-A7,10.0,3530.0879999999997,41.530062639178624,-41.541349681497294,41.541349681497294
viterbi_base_model,S-A7,10.0,3540.0879999999997,35.80267703356051,-36.09585072524301,36.09585072524301
viterbi_base_model,S-A7,10.0,3550.0879999999997,79.84136067308658,-79.86997823523531,79.86997823523531
viterbi_base_model,S-A7,10.0,3560.0879999999997,69.324460339705,-69.41736088527028,69.41736088527028
viterbi_base_model,S-A7,10.0,3570.0879999999997,81.78004372324756,-82.40885735082104,82.40885735082104
viterbi_base_model,S-A7,10.0,3580.0879999999997,99.72554319198123,-99.97142846856985,99.97142846856985
viterbi_base_model,S-A7,10.0,3590.0879999999997,77.14497978092321,-77.49709722437184,77.49709722437184
viterbi_base_model,S-A7,10.0,3600.0879999999997,104.62549436770331,-104.77802005136937,104.77802005136937
viterbi_base_model,S-A7,10.0,3610.0879999999997,152.28971250018685,-154.0342472277372,154.0342472277372
viterbi_base_model,S-A7,10.0,3620.0879999999997,140.2825726549671,-140.61661008380568,140.61661008380568
viterbi_base_model,S-A7,10.0,3630.0879999999997,4.377515164985384,0.2814202788200575,0.2814202788200575
viterbi_base_model,S-A7,10.0,3640.0879999999997,4.073371951521155,-0.5423949839206834,0.5423949839206834
viterbi_base_model,S-A7,10.0,3650.0879999999997,44.79860081552947,44.437854995641985,44.437854995641985
viterbi_base_model,S-A7,10.0,3660.0879999999997,43.64383267638401,43.41274085636169,43.41274085636169
viterbi_base_model,S-A7,10.0,3670.0879999999997,1.5649775129709327,1.2011357517996615,1.2011357517996615
viterbi_base_model,S-A7,10.0,3680.0879999999997,42.857294107751144,41.18466953819792,41.18466953819792
viterbi_base_model,S-A7,10.0,3690.0879999999997,20.31756724303734,-20.243881938358435,20.243881938358435
viterbi_base_model,S-A7,10.0,3700.0879999999997,14.317572001590932,-14.447199471162353,14.447199471162353
viterbi_base_model,S-A7,10.0,3710.0879999999997,13.271041462151969,11.29472277543789,11.29472277543789
viterbi_base_model,S-A7,10.0,3720.0879999999997,11.148831698600489,-11.37842997976042,11.37842997976042
viterbi_base_model,S-A7,10.0,3730.0879999999997,56.3953654134116,-56.42104669110206,56.42104669110206
viterbi_base_model,S-A7,10.0,3740.0879999999997,10.882767439026876,-9.939182349453318,9.939182349453318
viterbi_base_model,S-A7,10.0,3750.0879999999997,59.57597749551776,-59.372499230643086,59.372499230643086
viterbi_base_model,S-A7,10.0,3760.0879999999997,52.66947449642587,-52.518494402988054,52.518494402988054
viterbi_base_model,S-A7,10.0,3770.0879999999997,47.0014409185213,-47.13783170962755,47.13783170962755
viterbi_base_model,S-A7,10.0,3780.0879999999997,20.722086167085454,-20.52171289262675,20.52171289262675
viterbi_base_model,S-A7,10.0,3790.0879999999997,2.690366352376171,-2.185994231906161,2.185994231906161
viterbi_base_model,S-A7,10.0,3800.0879999999997,31.255318137046007,31.215356357439696,31.215356357439696
viterbi_base_model,S-A7,10.0,3810.0879999999997,14.028813057013599,-14.073731247253296,14.073731247253296
viterbi_base_model,S-A7,10.0,3820.0879999999997,13.001884863135782,12.947808065472739,12.947808065472739
viterbi_base_model,S-A7,10.0,3830.0879999999997,33.32088624518257,-33.22618401589246,33.22618401589246
viterbi_base_model,S-A7,10.0,3840.0879999999997,17.790927776112166,-18.117542032885257,18.117542032885257
viterbi_base_model,S-A7,10.0,3850.0879999999997,5.285204143749467,4.896478447659284,4.896478447659284
viterbi_base_model,S-A7,10.0,3860.0879999999997,23.38727400077088,22.22481256702593,22.22481256702593
viterbi_base_model,S-A7,10.0,3870.0879999999997,41.2026274806581,41.16377876935711,41.16377876935711
viterbi_base_model,S-A7,10.0,3880.0879999999997,27.31626634406943,27.029872155436426,27.029872155436426
viterbi_base_model,S-A7,10.0,3890.0879999999997,30.422635251942182,29.78135037360143,29.78135037360143
viterbi_base_model,S-A7,10.0,3900.0879999999997,7.190281774079978,-5.797233005306978,5.797233005306978
viterbi_base_model,S-A7,10.0,3910.0879999999997,34.36829840113573,33.08729009395978,33.08729009395978
viterbi_base_model,S-A7,10.0,3920.0879999999997,44.932751058814624,41.31452298117414,41.31452298117414
viterbi_base_model,S-A7,10.0,3930.0879999999997,19.15929530568957,16.323764945650797,16.323764945650797
viterbi_base_model,S-A7,10.0,3940.0879999999997,28.704626790298782,28.00251175525499,28.00251175525499
viterbi_base_model,S-A7,10.0,3950.0879999999997,24.00898342468413,23.74042570992239,23.74042570992239
viterbi_base_model,S-A7,10.0,3960.0879999999997,76.90128866248612,76.78252464152143,76.78252464152143
viterbi_base_model,S-A7,10.0,3970.0879999999997,26.90175486789871,26.835071205913955,26.835071205913955
viterbi_base_model,S-A7,10.0,3980.0879999999997,43.640815477044015,43.035987114180244,43.035987114180244
viterbi_base_model,S-A7,10.0,3990.0879999999997,24.806049875049762,24.30769315093177,24.30769315093177
viterbi_base_model,S-A7,10.0,4000.0879999999997,63.82432603029454,63.04838404752938,63.04838404752938
viterbi_base_model,S-A7,10.0,4010.0879999999997,36.11180832115833,33.91307731929163,33.91307731929163
viterbi_base_model,S-A7,10.0,4020.0879999999997,48.00732606704629,40.22039225297159,40.22039225297159
viterbi_base_model,S-A7,10.0,4030.0879999999997,70.19586023413198,68.0050532405225,68.0050532405225
viterbi_base_model,S-A7,10.0,4040.0879999999997,34.55495176548086,-36.59188685828411,36.59188685828411
viterbi_base_model,S-A7,10.0,4050.0879999999997,91.31214930238978,-91.92298957156028,91.92298957156028
viterbi_base_model,S-A7,10.0,4060.0879999999997,88.47506869383922,-88.45539812799879,88.45539812799879
viterbi_base_model,S-A7,10.0,4070.0879999999997,68.68702820933184,-68.53620112541793,68.53620112541793
viterbi_base_model,S-A7,10.0,4080.0879999999997,42.924442035364216,-42.983220829836114,42.983220829836114
viterbi_base_model,S-A7,10.0,4090.0879999999997,2.9336635041465997,2.8829477457335777,2.8829477457335777
viterbi_base_model,S-A7,10.0,4100.088,62.36373904041857,62.28379549394512,62.28379549394512
viterbi_base_model,S-A7,10.0,4110.088,63.13713213328257,63.15162110429896,63.15162110429896
viterbi_base_model,S-A7,10.0,4120.088,52.94245466014005,52.696527644322416,52.696527644322416
viterbi_base_model,S-A7,10.0,4130.088,3.491750712518461,-2.5297970444343534,2.5297970444343534
viterbi_base_model,S-A7,10.0,4140.088,83.46206012173016,83.36637079224556,83.36637079224556
viterbi_base_model,S-A7,10.0,4150.088,46.10238982669978,45.81109535907544,45.81109535907544
viterbi_base_model,S-A7,10.0,4160.088,62.90030455371202,62.94889900983887,62.94889900983887
viterbi_base_model,S-A7,10.0,4170.088,30.984096372812626,30.69754667415356,30.69754667415356
viterbi_base_model,S-A7,10.0,4180.088,13.208944101681684,-14.566792661519614,14.566792661519614
viterbi_base_model,S-A7,10.0,4190.088,17.484608812112636,15.768375303232823,15.768375303232823
viterbi_base_model,S-A7,10.0,4200.088,15.683792438006753,14.797044052429936,14.797044052429936
viterbi_base_model,S-A7,10.0,4210.088,16.686589215746867,-16.468195169785687,16.468195169785687
viterbi_base_model,S-A7,10.0,4220.088,35.363616525107474,-35.394552468093956,35.394552468093956
viterbi_base_model,S-A7,10.0,4230.088,7.905585353557384,-7.9935044219131655,7.9935044219131655
viterbi_base_model,S-A7,10.0,4240.088,3.901334406053933,-3.7882626553306906,3.7882626553306906
viterbi_base_model,S-A7,10.0,4250.088,7.895404704234111,7.7597658477308435,7.7597658477308435
viterbi_base_model,S-A7,10.0,4260.088,7.592837960482639,0.18011347141267464,0.18011347141267464
viterbi_base_model,S-A7,10.0,4270.088,31.183792516128207,25.6863613386691,25.6863613386691
viterbi_base_model,S-A7,10.0,4280.088,65.89421925569432,63.32326572494798,63.32326572494798
viterbi_base_model,S-A7,10.0,4290.088,45.51230329566771,36.66564138232499,36.66564138232499
viterbi_base_model,S-A7,10.0,4300.088,14.97661367647609,31.587466084646977,31.587466084646977
viterbi_base_model,S-A7,30.0,30.088,58.895706012831546,57.81609908898755,57.81609908898755
viterbi_base_model,S-A7,30.0,60.088,235.20022833401868,252.71364229800005,252.71364229800005
viterbi_base_model,S-A7,30.0,90.088,56.90691921961358,-54.171864129931336,54.171864129931336
viterbi_base_model,S-A7,30.0,120.088,157.0473912177925,157.90277775548836,157.90277775548836
viterbi_base_model,S-A7,30.0,150.088,290.78341523807575,289.7201395240569,289.7201395240569
viterbi_base_model,S-A7,30.0,180.088,416.1919703065939,465.7158608546459,465.7158608546459
viterbi_base_model,S-A7,30.0,240.088,179.63156568578304,-4.230416715303829,4.230416715303829
viterbi_base_model,S-A7,30.0,270.08799999999997,146.58079133205996,145.94062771615998,145.94062771615998
viterbi_base_model,S-A7,30.0,300.08799999999997,172.01810376680035,171.13031793352872,171.13031793352872
viterbi_base_model,S-A7,30.0,330.08799999999997,143.59282177596862,140.8614357542973,140.8614357542973
viterbi_base_model,S-A7,30.0,360.08799999999997,152.50224567782965,150.5504459892928,150.5504459892928
viterbi_base_model,S-A7,30.0,390.08799999999997,94.28112634662686,90.49951769124415,90.49951769124415
viterbi_base_model,S-A7,30.0,420.08799999999997,38.007565898997846,37.228110285544076,37.228110285544076
viterbi_base_model,S-A7,30.0,450.08799999999997,113.56107312662897,112.93408867831532,112.93408867831532
viterbi_base_model,S-A7,30.0,480.08799999999997,68.47343686336863,67.37977409898917,67.37977409898917
viterbi_base_model,S-A7,30.0,510.08799999999997,74.27165217303242,72.83458607526117,72.83458607526117
viterbi_base_model,S-A7,30.0,540.088,74.88706691234769,73.96844002792521,73.96844002792521
viterbi_base_model,S-A7,30.0,570.088,175.42249696375234,173.70548749606343,173.70548749606343
viterbi_base_model,S-A7,30.0,600.088,37.06652286922174,36.46289189065091,36.46289189065091
viterbi_base_model,S-A7,30.0,630.088,125.14462997717467,115.03649895402535,115.03649895402535
viterbi_base_model,S-A7,30.0,660.088,3.658325036280184,-11.619801872409568,11.619801872409568
viterbi_base_model,S-A7,30.0,690.088,65.85609467970838,-65.95984495383559,65.95984495383559
viterbi_base_model,S-A7,30.0,720.088,220.01883229488533,219.3509972754414,219.3509972754414
viterbi_base_model,S-A7,30.0,750.088,260.16389727249816,259.6420864896688,259.6420864896688
viterbi_base_model,S-A7,30.0,780.088,300.855866538873,300.17919334593086,300.17919334593086
viterbi_base_model,S-A7,30.0,810.088,236.31979730697577,232.58443213671416,232.58443213671416
viterbi_base_model,S-A7,30.0,840.088,92.23745497172413,87.86133662711345,87.86133662711345
viterbi_base_model,S-A7,30.0,870.088,126.55265277374299,124.05829179484726,124.05829179484726
viterbi_base_model,S-A7,30.0,900.088,150.2896465748538,147.6681965743387,147.6681965743387
viterbi_base_model,S-A7,30.0,930.088,188.00812070971742,187.00428675642337,187.00428675642337
viterbi_base_model,S-A7,30.0,960.088,180.77033348382295,179.3994461985714,179.3994461985714
viterbi_base_model,S-A7,30.0,990.088,163.869715454505,159.32649483225387,159.32649483225387
viterbi_base_model,S-A7,30.0,1020.088,138.99190919161504,134.17539536389168,134.17539536389168
viterbi_base_model,S-A7,30.0,1050.088,205.30621290015824,203.54834224516665,203.54834224516665
viterbi_base_model,S-A7,30.0,1080.088,120.34228156345371,118.72374665142054,118.72374665142054
viterbi_base_model,S-A7,30.0,1110.088,81.22491596334011,80.72349784982423,80.72349784982423
viterbi_base_model,S-A7,30.0,1140.088,6.747927601312757,5.6815573664048244,5.6815573664048244
viterbi_base_model,S-A7,30.0,1170.088,39.76093722432477,39.114376602935415,39.114376602935415
viterbi_base_model,S-A7,30.0,1200.088,117.0742757019782,116.31066008891491,116.31066008891491
viterbi_base_model,S-A7,30.0,1230.088,65.39039399261549,65.09632694826702,65.09632694826702
viterbi_base_model,S-A7,30.0,1260.088,37.76141351257855,36.85117223475409,36.85117223475409
viterbi_base_model,S-A7,30.0,1290.088,32.09318191695865,-33.382067366161436,33.382067366161436
viterbi_base_model,S-A7,30.0,1320.088,16.2398459836378,14.004914832237343,14.004914832237343
viterbi_base_model,S-A7,30.0,1350.088,25.979868263150397,-27.374607110576804,27.374607110576804
viterbi_base_model,S-A7,30.0,1380.088,11.953391416441233,11.624072300550122,11.624072300550122
viterbi_base_model,S-A7,30.0,1410.088,106.68492763298084,-113.18119625426459,113.18119625426459
viterbi_base_model,S-A7,30.0,1440.088,34.17551451371739,-36.202465079811944,36.202465079811944
viterbi_base_model,S-A7,30.0,1470.088,76.67641620654811,-83.03741500476187,83.03741500476187
viterbi_base_model,S-A7,30.0,1500.088,114.78303379989117,111.0575549738551,111.0575549738551
viterbi_base_model,S-A7,30.0,1530.088,107.06695435945726,106.69657045400628,106.69657045400628
viterbi_base_model,S-A7,30.0,1560.088,132.60861280433122,132.01564964476623,132.01564964476623
viterbi_base_model,S-A7,30.0,1590.088,40.47966822409736,39.84593856188987,39.84593856188987
viterbi_base_model,S-A7,30.0,1620.088,125.48870939554769,124.88614664025042,124.88614664025042
viterbi_base_model,S-A7,30.0,1650.088,132.58495891518265,131.68232486600525,131.68232486600525
viterbi_base_model,S-A7,30.0,1680.088,26.250485071391772,25.96318124571853,25.96318124571853
viterbi_base_model,S-A7,30.0,1710.088,46.791615392805554,46.66594474618084,46.66594474618084
viterbi_base_model,S-A7,30.0,1740.088,152.5382837278058,152.3575379621812,152.3575379621812
viterbi_base_model,S-A7,30.0,1770.088,63.70898851527092,63.35272162573486,63.35272162573486
viterbi_base_model,S-A7,30.0,1800.088,8.021432037311143,-11.135113066298405,11.135113066298405
viterbi_base_model,S-A7,30.0,1830.088,82.14320200695468,-84.59430743998523,84.59430743998523
viterbi_base_model,S-A7,30.0,1860.088,135.31091754975884,-137.0843793540559,137.0843793540559
viterbi_base_model,S-A7,30.0,1890.088,333.7050569268937,-336.7953619777696,336.7953619777696
viterbi_base_model,S-A7,30.0,1920.088,148.67765782652074,-153.2685263442861,153.2685263442861
viterbi_base_model,S-A7,30.0,1950.088,210.63520497017544,-211.49770490100406,211.49770490100406
viterbi_base_model,S-A7,30.0,1980.088,29.047865599425865,27.353967488725605,27.353967488725605
viterbi_base_model,S-A7,30.0,2010.088,165.75195419851005,165.13982743836877,165.13982743836877
viterbi_base_model,S-A7,30.0,2040.088,97.25527637732138,-97.90982481954626,97.90982481954626
viterbi_base_model,S-A7,30.0,2070.0879999999997,157.62839130341732,157.44899293991355,157.44899293991355
viterbi_base_model,S-A7,30.0,2100.0879999999997,51.340184878868406,50.94206384008825,50.94206384008825
viterbi_base_model,S-A7,30.0,2130.0879999999997,151.58521137491422,151.48200766514665,151.48200766514665
viterbi_base_model,S-A7,30.0,2160.0879999999997,64.25812202007735,-64.53536702460805,64.53536702460805
viterbi_base_model,S-A7,30.0,2190.0879999999997,228.85347542830087,-229.73965496355862,229.73965496355862
viterbi_base_model,S-A7,30.0,2220.0879999999997,81.17449898649885,79.67646678660736,79.67646678660736
viterbi_base_model,S-A7,30.0,2250.0879999999997,37.20998337773451,34.82207662855703,34.82207662855703
viterbi_base_model,S-A7,30.0,2280.0879999999997,100.34405231904879,99.64287857568888,99.64287857568888
viterbi_base_model,S-A7,30.0,2310.0879999999997,98.42581041565342,98.0463031191092,98.0463031191092
viterbi_base_model,S-A7,30.0,2340.0879999999997,49.45158287516721,48.892392387764936,48.892392387764936
viterbi_base_model,S-A7,30.0,2370.0879999999997,72.42813755662365,-72.53184580288669,72.53184580288669
viterbi_base_model,S-A7,30.0,2400.0879999999997,36.75382828406526,-36.585513004275114,36.585513004275114
viterbi_base_model,S-A7,30.0,2430.0879999999997,38.234214328648015,-38.29588005378213,38.29588005378213
viterbi_base_model,S-A7,30.0,2460.0879999999997,18.79541450569971,18.412353263419277,18.412353263419277
viterbi_base_model,S-A7,30.0,2490.0879999999997,107.87595905995977,107.91469865230958,107.91469865230958
viterbi_base_model,S-A7,30.0,2520.0879999999997,104.35916734012606,103.97661939097291,103.97661939097291
viterbi_base_model,S-A7,30.0,2550.0879999999997,108.0043178422046,107.90658231979022,107.90658231979022
viterbi_base_model,S-A7,30.0,2580.0879999999997,74.82642250607145,74.81059154352232,74.81059154352232
viterbi_base_model,S-A7,30.0,2610.0879999999997,99.66623353667798,99.65089259263787,99.65089259263787
viterbi_base_model,S-A7,30.0,2640.0879999999997,136.90654134672192,137.1496617919926,137.1496617919926
viterbi_base_model,S-A7,30.0,2670.0879999999997,99.34798217661243,98.86333083607624,98.86333083607624
viterbi_base_model,S-A7,30.0,2700.0879999999997,232.62799634014172,232.5473586120337,232.5473586120337
viterbi_base_model,S-A7,30.0,2730.0879999999997,110.14707483090494,110.37027401794927,110.37027401794927
viterbi_base_model,S-A7,30.0,2760.0879999999997,76.58479293683844,77.60947489290821,77.60947489290821
viterbi_base_model,S-A7,30.0,2790.0879999999997,94.3378875660856,-94.69437097473832,94.69437097473832
viterbi_base_model,S-A7,30.0,2820.0879999999997,10.244688190481495,6.332741129130699,6.332741129130699
viterbi_base_model,S-A7,30.0,2850.0879999999997,93.70546469098488,-93.92043563292862,93.92043563292862
viterbi_base_model,S-A7,30.0,2880.0879999999997,121.95746249477627,-123.15923724007484,123.15923724007484
viterbi_base_model,S-A7,30.0,2910.0879999999997,8.959221560570557,6.620697085630333,6.620697085630333
viterbi_base_model,S-A7,30.0,2940.0879999999997,139.70780688392,-141.6677333277249,141.6677333277249
viterbi_base_model,S-A7,30.0,2970.0879999999997,94.39475707651914,-97.25868220237469,97.25868220237469
viterbi_base_model,S-A7,30.0,3000.0879999999997,20.31062857615584,-21.881822155085295,21.881822155085295
viterbi_base_model,S-A7,30.0,3030.0879999999997,113.22486827158112,112.45415000074605,112.45415000074605
viterbi_base_model,S-A7,30.0,3060.0879999999997,16.023925559009616,14.640797438511548,14.640797438511548
viterbi_base_model,S-A7,30.0,3090.0879999999997,114.33774091414104,-115.71501499768011,115.71501499768011
viterbi_base_model,S-A7,30.0,3120.0879999999997,244.92642064152338,-246.12178516288645,246.12178516288645
viterbi_base_model,S-A7,30.0,3150.0879999999997,171.11619244766234,-172.14919279631732,172.14919279631732
viterbi_base_model,S-A7,30.0,3180.0879999999997,163.5976997524098,-165.38308473912053,165.38308473912053
viterbi_base_model,S-A7,30.0,3210.0879999999997,115.15963843268669,109.61107986277105,109.61107986277105
viterbi_base_model,S-A7,30.0,3240.0879999999997,173.7890422645678,169.9659389790643,169.9659389790643
viterbi_base_model,S-A7,30.0,3270.0879999999997,87.35004168101383,-86.3251442263585,86.3251442263585
viterbi_base_model,S-A7,30.0,3300.0879999999997,41.67459112008209,41.26933257777385,41.26933257777385
viterbi_base_model,S-A7,30.0,3330.0879999999997,120.66830041107465,119.58152475344673,119.58152475344673
viterbi_base_model,S-A7,30.0,3360.0879999999997,154.02356272858745,-154.35684171028507,154.35684171028507
viterbi_base_model,S-A7,30.0,3390.0879999999997,35.68650970521793,34.49186876235087,34.49186876235087
viterbi_base_model,S-A7,30.0,3420.0879999999997,51.84999128682945,51.54856809526487,51.54856809526487
viterbi_base_model,S-A7,30.0,3450.0879999999997,7.764121275954725,-2.3070872349047775,2.3070872349047775
viterbi_base_model,S-A7,30.0,3480.0879999999997,123.1303948056009,121.54846668233007,121.54846668233007
viterbi_base_model,S-A7,30.0,3510.0879999999997,13.59326819624015,12.242967219118636,12.242967219118636
viterbi_base_model,S-A7,30.0,3540.0879999999997,183.47652917156574,-185.38863858533452,185.38863858533452
viterbi_base_model,S-A7,30.0,3570.0879999999997,258.4919946589252,-259.87725101089666,259.87725101089666
viterbi_base_model,S-A7,30.0,3600.0879999999997,394.40102527377496,-399.4304417000639,399.4304417000639
viterbi_base_model,S-A7,30.0,3630.0879999999997,44.77093723031572,44.17688391388404,44.17688391388404
viterbi_base_model,S-A7,30.0,3660.0879999999997,87.22907130164283,85.79300635463005,85.79300635463005
viterbi_base_model,S-A7,30.0,3690.0879999999997,23.082142647781932,-23.39301158809634,23.39301158809634
viterbi_base_model,S-A7,30.0,3720.0879999999997,76.74933659783984,-77.71645565538992,77.71645565538992
viterbi_base_model,S-A7,30.0,3750.0879999999997,160.54688066138254,-159.02930150153298,159.02930150153298
viterbi_base_model,S-A7,30.0,3780.0879999999997,9.958535964821154,8.508425522763673,8.508425522763673
viterbi_base_model,S-A7,30.0,3810.0879999999997,34.279712622447384,-34.35496432556154,34.35496432556154
viterbi_base_model,S-A7,30.0,3840.0879999999997,14.03890699046448,9.00121992026936,9.00121992026936
viterbi_base_model,S-A7,30.0,3870.0879999999997,98.61049287542932,97.96849382790695,97.96849382790695
viterbi_base_model,S-A7,30.0,3900.0879999999997,71.67953198910769,68.60071327726575,68.60071327726575
viterbi_base_model,S-A7,30.0,3930.0879999999997,70.23253344883763,68.06619143069797,68.06619143069797
viterbi_base_model,S-A7,30.0,3960.0879999999997,147.3402150056337,146.6535259531395,146.6535259531395
viterbi_base_model,S-A7,30.0,3990.0879999999997,124.7182944195457,121.26184778907556,121.26184778907556
viterbi_base_model,S-A7,30.0,4020.0879999999997,86.26111951865052,71.62727916660052,71.62727916660052
viterbi_base_model,S-A7,30.0,4050.0879999999997,250.71129155823846,-248.9168908926831,248.9168908926831
viterbi_base_model,S-A7,30.0,4080.0879999999997,22.37128223253724,22.17973447252604,22.17973447252604
viterbi_base_model,S-A7,30.0,4110.088,113.56238738268151,113.32199982539149,113.32199982539149
viterbi_base_model,S-A7,30.0,4140.088,192.3124658888191,192.10819789706548,192.10819789706548
viterbi_base_model,S-A7,30.0,4170.088,34.72235217041071,31.898047092638965,31.898047092638965
viterbi_base_model,S-A7,30.0,4200.088,36.655310203020655,-37.06531411142949,37.06531411142949
viterbi_base_model,S-A7,30.0,4230.088,3.7626687189166197,-4.0293281716477445,4.0293281716477445
viterbi_base_model,S-A7,30.0,4260.088,101.0313278408876,89.19861001684927,89.19861001684927
viterbi_base_model,S-A7,30.0,4290.088,172.6733386951535,129.2214845369206,129.2214845369206
viterbi_base_model,S-A7,60.0,60.088,280.6614253661472,199.4767991509149,199.4767991509149
viterbi_base_model,S-A7,60.0,120.088,423.944333629841,446.8786392245601,446.8786392245601
viterbi_base_model,S-A7,60.0,180.088,1162.5912264082917,1181.4579926520203,1181.4579926520203
viterbi_base_model,S-A7,60.0,240.088,337.95254055469223,140.53358811739676,140.53358811739676
viterbi_base_model,S-A7,60.0,300.08799999999997,314.9454463188246,311.99337641897347,311.99337641897347
viterbi_base_model,S-A7,60.0,360.08799999999997,244.38386903288696,241.0576597360279,241.0576597360279
viterbi_base_model,S-A7,60.0,420.08799999999997,152.51828836241478,150.1671134509214,150.1671134509214
viterbi_base_model,S-A7,60.0,480.08799999999997,142.00074258670813,140.21314927162751,140.21314927162751
viterbi_base_model,S-A7,60.0,540.088,250.76904790047044,247.66776213514717,247.66776213514717
viterbi_base_model,S-A7,60.0,600.088,161.40154444861284,151.50443519239138,151.50443519239138
viterbi_base_model,S-A7,60.0,660.088,64.10952503516653,-77.58123106598171,77.58123106598171
viterbi_base_model,S-A7,60.0,720.088,480.1293615105288,478.99174982159326,478.99174982159326
viterbi_base_model,S-A7,60.0,780.088,535.9676259448355,532.7508731423543,532.7508731423543
viterbi_base_model,S-A7,60.0,840.088,217.82825924269713,211.92025686910736,211.92025686910736
viterbi_base_model,S-A7,60.0,900.088,338.35488455648533,334.67070778173013,334.67070778173013
viterbi_base_model,S-A7,60.0,960.088,344.45410448270746,338.72565197161384,338.72565197161384
viterbi_base_model,S-A7,60.0,1020.088,344.21637703878014,337.7183670987017,337.7183670987017
viterbi_base_model,S-A7,60.0,1080.088,203.13527063840843,199.4484934896982,199.4484934896982
viterbi_base_model,S-A7,60.0,1140.088,45.92294618714762,44.79591829452908,44.79591829452908
viterbi_base_model,S-A7,60.0,1200.088,182.42292513151529,181.40710076404577,181.40710076404577
viterbi_base_model,S-A7,60.0,1260.088,11.58740430833088,3.489581755155161,3.489581755155161
viterbi_base_model,S-A7,60.0,1320.088,10.619288217126181,-13.368369425952352,13.368369425952352
viterbi_base_model,S-A7,60.0,1380.088,96.03109519622335,-101.58023126570482,101.58023126570482
viterbi_base_model,S-A7,60.0,1440.088,110.73773163089682,-119.24298850166257,119.24298850166257
viterbi_base_model,S-A7,60.0,1500.088,221.64038092520263,217.75401777271864,217.75401777271864
viterbi_base_model,S-A7,60.0,1560.088,173.07998602505955,171.86172179994466,171.86172179994466
viterbi_base_model,S-A7,60.0,1620.088,258.0044367293701,256.5676505490306,256.5676505490306
viterbi_base_model,S-A7,60.0,1680.088,72.93232368214322,72.62900259886617,72.62900259886617
viterbi_base_model,S-A7,60.0,1740.088,216.13270553165358,215.70926630764728,215.70926630764728
viterbi_base_model,S-A7,60.0,1800.088,90.10861398881109,-95.72149400012617,95.72149400012617
viterbi_base_model,S-A7,60.0,1860.088,470.63845463432006,-473.87155529878873,473.87155529878873
viterbi_base_model,S-A7,60.0,1920.088,355.99182543082895,-364.7450464704024,364.7450464704024
viterbi_base_model,S-A7,60.0,1980.088,194.7677649030921,192.49392798046924,192.49392798046924
viterbi_base_model,S-A7,60.0,2040.088,60.14133626797162,59.53069080145585,59.53069080145585
viterbi_base_model,S-A7,60.0,2100.0879999999997,202.85605656493982,202.42434696857813,202.42434696857813
viterbi_base_model,S-A7,60.0,2160.0879999999997,292.85200045151,-294.2627006097339,294.2627006097339
viterbi_base_model,S-A7,60.0,2220.0879999999997,118.07416978498529,114.5035514126601,114.5035514126601
viterbi_base_model,S-A7,60.0,2280.0879999999997,199.00819880637007,197.68973935515933,197.68973935515933
viterbi_base_model,S-A7,60.0,2340.0879999999997,23.93980942151433,-23.640292332240275,23.640292332240275
viterbi_base_model,S-A7,60.0,2400.0879999999997,75.3243964678798,-74.88371795663659,74.88371795663659
viterbi_base_model,S-A7,60.0,2460.0879999999997,126.72733815119172,126.32480074754767,126.32480074754767
viterbi_base_model,S-A7,60.0,2520.0879999999997,212.32283987267317,211.88807602515814,211.88807602515814
viterbi_base_model,S-A7,60.0,2580.0879999999997,174.38935034248246,174.46006677032403,174.46006677032403
viterbi_base_model,S-A7,60.0,2640.0879999999997,236.00461076647838,236.01944945048285,236.01944945048285
viterbi_base_model,S-A7,60.0,2700.0879999999997,342.89585667661385,342.9166949792708,342.9166949792708
viterbi_base_model,S-A7,60.0,2760.0879999999997,20.154358840251817,-17.080166410271794,17.080166410271794
viterbi_base_model,S-A7,60.0,2820.0879999999997,84.05199852637115,-87.59872623300394,87.59872623300394
viterbi_base_model,S-A7,60.0,2880.0879999999997,111.18445101604303,-116.54069405305668,116.54069405305668
viterbi_base_model,S-A7,60.0,2940.0879999999997,236.19163005517473,-238.92339384834588,238.92339384834588
viterbi_base_model,S-A7,60.0,3000.0879999999997,92.85850634016028,90.56901868254232,90.56901868254232
viterbi_base_model,S-A7,60.0,3060.0879999999997,101.08562804221621,-101.0725040483255,101.0725040483255
viterbi_base_model,S-A7,60.0,3120.0879999999997,417.09242061776814,-418.25045042154795,418.25045042154795
viterbi_base_model,S-A7,60.0,3180.0879999999997,48.76649266982828,-55.779040738083644,55.779040738083644
viterbi_base_model,S-A7,60.0,3240.0879999999997,88.48282896911375,83.62662814914997,83.62662814914997
viterbi_base_model,S-A7,60.0,3300.0879999999997,162.16186682608594,160.85136678785963,160.85136678785963
viterbi_base_model,S-A7,60.0,3360.0879999999997,118.22467630792039,-119.8662402874366,119.8662402874366
viterbi_base_model,S-A7,60.0,3420.0879999999997,51.13761538985408,49.241928386070555,49.241928386070555
viterbi_base_model,S-A7,60.0,3480.0879999999997,134.37506363596367,133.78213366516235,133.78213366516235
viterbi_base_model,S-A7,60.0,3540.0879999999997,438.9371865820054,-445.2573238639038,445.2573238639038
viterbi_base_model,S-A7,60.0,3600.0879999999997,351.2301229219559,-355.3057788599476,355.3057788599476
viterbi_base_model,S-A7,60.0,3660.0879999999997,66.74335954020405,62.404116505431524,62.404116505431524
viterbi_base_model,S-A7,60.0,3720.0879999999997,233.04590334303282,-236.7426603294555,236.7426603294555
viterbi_base_model,S-A7,60.0,3780.0879999999997,25.84385291200345,-25.84928908627146,25.84928908627146
viterbi_base_model,S-A7,60.0,3840.0879999999997,109.0816967325858,106.96600358462608,106.96600358462608
viterbi_base_model,S-A7,60.0,3900.0879999999997,140.86156670906774,136.66724651215563,136.66724651215563
viterbi_base_model,S-A7,60.0,3960.0879999999997,270.85064162593335,267.9140334473525,267.9140334473525
viterbi_base_model,S-A7,60.0,4020.0879999999997,160.7554179467292,-177.28678248695186,177.28678248695186
viterbi_base_model,S-A7,60.0,4080.0879999999997,136.15557798449848,135.494443702089,135.494443702089
viterbi_base_model,S-A7,60.0,4140.088,226.85619826926452,224.02203800610204,224.02203800610204
viterbi_base_model,S-A7,60.0,4200.088,40.675988951437475,-41.07869027196182,41.07869027196182
viterbi_base_model,S-A7,60.0,4260.088,273.9557342115862,218.41993966571363,218.41993966571363
viterbi_fitted_model,S-A7,10.0,20.088,9.57227191603692,14.495278120626622,14.495278120626622
viterbi_fitted_model,S-A7,10.0,30.088,61.25260257167165,60.972179243543735,60.972179243543735
viterbi_fitted_model,S-A7,10.0,40.088,39.67956457646096,39.18956124711722,39.18956124711722
viterbi_fitted_model,S-A7,10.0,50.088,42.191509667315735,-42.368839426931956,42.368839426931956
viterbi_fitted_model,S-A7,10.0,60.088,82.6732836591561,82.54285418198886,82.54285418198886
viterbi_fitted_model,S-A7,10.0,70.088,92.68442395097162,92.00782199802963,92.00782199802963
viterbi_fitted_model,S-A7,10.0,80.088,78.61707759939213,79.70303067639547,79.70303067639547
viterbi_fitted_model,S-A7,10.0,90.088,3.193785435557655,-8.322065600648486,8.322065600648486
viterbi_fitted_model,S-A7,10.0,100.088,9.573208841113495,-4.472495064874246,4.472495064874246
viterbi_fitted_model,S-A7,10.0,110.088,46.08513562043802,-41.53216113239251,41.53216113239251
viterbi_fitted_model,S-A7,10.0,120.088,24.504120709753906,24.077483208714867,24.077483208714867
viterbi_fitted_model,S-A7,10.0,130.088,68.9208793826403,68.79809878055306,68.79809878055306
viterbi_fitted_model,S-A7,10.0,140.088,65.29082895628238,65.03348596967591,65.03348596967591
viterbi_fitted_model,S-A7,10.0,150.088,68.3551940107194,68.20332459521237,68.20332459521237
viterbi_fitted_model,S-A7,10.0,160.088,109.41123081790936,108.37452801986605,108.37452801986605
viterbi_fitted_model,S-A7,10.0,170.088,113.35143689576918,113.2749859166427,113.2749859166427
viterbi_fitted_model,S-A7,10.0,180.088,163.2298868904807,161.83800416493295,161.83800416493295
viterbi_fitted_model,S-A7,10.0,190.088,89.67693663770262,68.70164806409822,68.70164806409822
viterbi_fitted_model,S-A7,10.0,240.088,47.7885505198517,48.98930484636037,48.98930484636037
viterbi_fitted_model,S-A7,10.0,250.088,102.02451768251723,-77.60516807993938,77.60516807993938
viterbi_fitted_model,S-A7,10.0,260.08799999999997,24.529299817507564,24.46043159907895,24.46043159907895
viterbi_fitted_model,S-A7,10.0,270.08799999999997,92.88672211643998,92.10354388814527,92.10354388814527
viterbi_fitted_model,S-A7,10.0,280.08799999999997,10.712630637008202,10.179680250274458,10.179680250274458
viterbi_fitted_model,S-A7,10.0,290.08799999999997,43.95622823909297,43.65712370874493,43.65712370874493
viterbi_fitted_model,S-A7,10.0,300.08799999999997,50.25835882676984,50.06248835417778,50.06248835417778
viterbi_fitted_model,S-A7,10.0,310.08799999999997,62.579091982572045,62.40127846707091,62.40127846707091
viterbi_fitted_model,S-A7,10.0,320.08799999999997,58.821873392292794,58.66384662284712,58.66384662284712
viterbi_fitted_model,S-A7,10.0,330.08799999999997,79.21279898127976,78.1211437162353,78.1211437162353
viterbi_fitted_model,S-A7,10.0,340.08799999999997,55.905054010893664,53.69270779195479,53.69270779195479
viterbi_fitted_model,S-A7,10.0,350.08799999999997,10.148555892731858,9.04492423100401,9.04492423100401
viterbi_fitted_model,S-A7,10.0,360.08799999999997,73.5374222144553,71.42144781284964,71.42144781284964
viterbi_fitted_model,S-A7,10.0,370.08799999999997,34.337043784957274,34.13764069721304,34.13764069721304
viterbi_fitted_model,S-A7,10.0,380.08799999999997,45.397196576634315,44.99418205373536,44.99418205373536
viterbi_fitted_model,S-A7,10.0,390.08799999999997,54.73364707804027,53.85005510370003,53.85005510370003
viterbi_fitted_model,S-A7,10.0,400.08799999999997,34.91666539504012,33.907742343855375,33.907742343855375
viterbi_fitted_model,S-A7,10.0,410.08799999999997,5.374657012253477,2.74200058444238,2.74200058444238
viterbi_fitted_model,S-A7,10.0,420.08799999999997,10.21814255440711,9.468631835326704,9.468631835326704
viterbi_fitted_model,S-A7,10.0,430.08799999999997,31.641790829645693,30.9897701381398,30.9897701381398
viterbi_fitted_model,S-A7,10.0,440.08799999999997,5.10819066220569,-3.233459790289711,3.233459790289711
viterbi_fitted_model,S-A7,10.0,450.08799999999997,24.860928490314198,24.6490589843096,24.6490589843096
viterbi_fitted_model,S-A7,10.0,460.08799999999997,41.15413489120521,40.9146865082062,40.9146865082062
viterbi_fitted_model,S-A7,10.0,470.08799999999997,47.52233719602405,47.372117202336014,47.372117202336014
viterbi_fitted_model,S-A7,10.0,480.08799999999997,5.987476176448884,4.040777649584303,4.040777649584303
viterbi_fitted_model,S-A7,10.0,490.08799999999997,23.530012495995315,23.341944882636216,23.341944882636216
viterbi_fitted_model,S-A7,10.0,500.08799999999997,40.48054836514497,39.996704768001194,39.996704768001194
viterbi_fitted_model,S-A7,10.0,510.08799999999997,17.652969172156265,17.071615378617754,17.071615378617754
viterbi_fitted_model,S-A7,10.0,520.088,27.036957039277826,25.586341288645645,25.586341288645645
viterbi_fitted_model,S-A7,10.0,530.088,30.46616126318062,30.17667804711072,30.17667804711072
viterbi_fitted_model,S-A7,10.0,540.088,4.920015503513008,-0.9201804519915449,0.9201804519915449
viterbi_fitted_model,S-A7,10.0,550.088,57.51438837286577,57.206836988048764,57.206836988048764
viterbi_fitted_model,S-A7,10.0,560.088,17.87317694913467,17.680908940108278,17.680908940108278
viterbi_fitted_model,S-A7,10.0,570.088,31.003565527172583,30.621106202830777,30.621106202830777
viterbi_fitted_model,S-A7,10.0,580.088,71.9793722533617,71.4815865191332,71.4815865191332
viterbi_fitted_model,S-A7,10.0,590.088,72.08692913077242,71.60817842156428,71.60817842156428
viterbi_fitted_model,S-A7,10.0,600.088,27.655672301909657,26.891183594573377,26.891183594573377
viterbi_fitted_model,S-A7,10.0,610.088,1.9360184409998418,-1.612443467546484,1.612443467546484
viterbi_fitted_model,S-A7,10.0,620.088,11.472550585987628,11.183324214278208,11.183324214278208
viterbi_fitted_model,S-A7,10.0,630.088,43.20813611995548,40.577047707416,40.577047707416
viterbi_fitted_model,S-A7,10.0,640.088,18.514179342340853,11.698780503301819,11.698780503301819
viterbi_fitted_model,S-A7,10.0,650.088,66.37712056153106,62.761480843367664,62.761480843367664
viterbi_fitted_model,S-A7,10.0,660.088,58.47005070410681,52.56505587595946,52.56505587595946
viterbi_fitted_model,S-A7,10.0,670.088,11.967911504653644,-16.008966933519226,16.008966933519226
viterbi_fitted_model,S-A7,10.0,680.088,46.7918784628641,-48.174009775269454,48.174009775269454
viterbi_fitted_model,S-A7,10.0,690.088,62.46890835036011,-62.371610483527384,62.371610483527384
viterbi_fitted_model,S-A7,10.0,700.088,7.947085387846418,6.168930093169973,6.168930093169973
viterbi_fitted_model,S-A7,10.0,710.088,9.592700396754044,-9.75560835190403,9.75560835190403
viterbi_fitted_model,S-A7,10.0,720.088,42.132087805461815,41.50206972323292,41.50206972323292
viterbi_fitted_model,S-A7,10.0,730.088,98.51127558698758,98.43682575799807,98.43682575799807
viterbi_fitted_model,S-A7,10.0,740.088,79.7348071791997,79.41229936845679,79.41229936845679
viterbi_fitted_model,S-A7,10.0,750.088,77.25997154373802,77.06686630158333,77.06686630158333
viterbi_fitted_model,S-A7,10.0,760.088,101.95692995564437,101.7413818297649,101.7413818297649
viterbi_fitted_model,S-A7,10.0,770.088,80.97513834456039,80.83653476496919,80.83653476496919
viterbi_fitted_model,S-A7,10.0,780.088,136.97428462925234,136.74908497971745,136.74908497971745
viterbi_fitted_model,S-A7,10.0,790.088,95.91409723642306,95.62482990943334,95.62482990943334
viterbi_fitted_model,S-A7,10.0,800.088,68.2260827118192,67.80484792498221,67.80484792498221
viterbi_fitted_model,S-A7,10.0,810.088,115.20347312063032,114.78911715651579,114.78911715651579
viterbi_fitted_model,S-A7,10.0,820.088,82.75219862407685,80.53841900493566,80.53841900493566
viterbi_fitted_model,S-A7,10.0,830.088,38.63319324271706,37.26174216549316,37.26174216549316
viterbi_fitted_model,S-A7,10.0,840.088,29.96005264313724,29.810621844855415,29.810621844855415
viterbi_fitted_model,S-A7,10.0,850.088,59.753592261724044,58.33159488153513,58.33159488153513
viterbi_fitted_model,S-A7,10.0,860.088,5.4163649764905095,-0.2769268765688828,0.2769268765688828
viterbi_fitted_model,S-A7,10.0,870.088,20.31306703318886,19.538074252975736,19.538074252975736
viterbi_fitted_model,S-A7,10.0,880.088,49.623956620394054,48.214518625051916,48.214518625051916
viterbi_fitted_model,S-A7,10.0,890.088,57.330352941219836,56.30589635978107,56.30589635978107
viterbi_fitted_model,S-A7,10.0,900.088,48.125217362226365,46.547243798825335,46.547243798825335
viterbi_fitted_model,S-A7,10.0,910.088,29.34064227090312,27.303411274927065,27.303411274927065
viterbi_fitted_model,S-A7,10.0,920.088,74.41879475467968,73.81506808336783,73.81506808336783
viterbi_fitted_model,S-A7,10.0,930.088,73.43434257772229,72.84432425804651,72.84432425804651
viterbi_fitted_model,S-A7,10.0,940.088,50.67542372027181,50.372658084064,50.372658084064
viterbi_fitted_model,S-A7,10.0,950.088,63.884106299845904,63.787823723055766,63.787823723055766
viterbi_fitted_model,S-A7,10.0,960.088,50.72230267634987,50.43572156064103,50.43572156064103
viterbi_fitted_model,S-A7,10.0,970.088,77.56521915560488,76.74780218072891,76.74780218072891
viterbi_fitted_model,S-A7,10.0,980.088,52.737657648957644,52.216473562568005,52.216473562568005
viterbi_fitted_model,S-A7,10.0,990.088,80.05023180088206,78.65294011393769,78.65294011393769
viterbi_fitted_model,S-A7,10.0,1000.088,37.65748137703547,36.141336542054916,36.141336542054916
viterbi_fitted_model,S-A7,10.0,1010.088,47.227185947671494,44.532095083230985,44.532095083230985
viterbi_fitted_model,S-A7,10.0,1020.088,64.8692105211427,62.80265716091752,62.80265716091752
viterbi_fitted_model,S-A7,10.0,1030.088,59.97752032475502,58.95098465350249,58.95098465350249
viterbi_fitted_model,S-A7,10.0,1040.088,14.155004711610658,12.425251477355467,12.425251477355467
viterbi_fitted_model,S-A7,10.0,1050.088,62.44505438506943,60.65969202558342,60.65969202558342
viterbi_fitted_model,S-A7,10.0,1060.088,88.25557491777755,88.17986175832667,88.17986175832667
viterbi_fitted_model,S-A7,10.0,1070.088,54.963589057336925,54.71327913552388,54.71327913552388
viterbi_fitted_model,S-A7,10.0,1080.088,69.73903043736114,69.36020328098253,69.36020328098253
viterbi_fitted_model,S-A7,10.0,1090.088,32.496380894245156,32.23453462873913,32.23453462873913
viterbi_fitted_model,S-A7,10.0,1100.088,18.228344565848115,17.13501523193549,17.13501523193549
viterbi_fitted_model,S-A7,10.0,1110.088,46.671563957246384,46.17282402291797,46.17282402291797
viterbi_fitted_model,S-A7,10.0,1120.088,24.554382323064406,24.300646106507255,24.300646106507255
viterbi_fitted_model,S-A7,10.0,1130.088,11.002042521056122,10.255724534612103,10.255724534612103
viterbi_fitted_model,S-A7,10.0,1140.088,39.72577215447813,39.731836821393486,39.731836821393486
viterbi_fitted_model,S-A7,10.0,1150.088,20.18576393440334,-20.712603106609002,20.712603106609002
viterbi_fitted_model,S-A7,10.0,1160.088,13.6807820658068,-13.343024031596368,13.343024031596368
viterbi_fitted_model,S-A7,10.0,1170.088,21.46429123206016,20.377229619753543,20.377229619753543
viterbi_fitted_model,S-A7,10.0,1180.088,4.914932567024661,-0.8812207751349739,0.8812207751349739
viterbi_fitted_model,S-A7,10.0,1190.088,19.859756786734533,19.61756232334246,19.61756232334246
viterbi_fitted_model,S-A7,10.0,1200.088,64.8387172382616,64.48668370779099,64.48668370779099
viterbi_fitted_model,S-A7,10.0,1210.088,38.61801739193095,38.266412487574925,38.266412487574925
viterbi_fitted_model,S-A7,10.0,1220.088,13.699581101143748,13.55670888094166,13.55670888094166
viterbi_fitted_model,S-A7,10.0,1230.088,32.202444236055065,32.026071219065116,32.026071219065116
viterbi_fitted_model,S-A7,10.0,1240.088,31.505840162087235,31.18305600299416,31.18305600299416
viterbi_fitted_model,S-A7,10.0,1250.088,1.9537569724672634,1.8881853836946618,1.8881853836946618
viterbi_fitted_model,S-A7,10.0,1260.088,33.44412839096091,33.16569610118287,33.16569610118287
viterbi_fitted_model,S-A7,10.0,1270.088,16.736809304405366,15.947035328994197,15.947035328994197
viterbi_fitted_model,S-A7,10.0,1280.088,11.969651528489946,-12.26815368538892,12.26815368538892
viterbi_fitted_model,S-A7,10.0,1290.088,4.9969711299481885,-4.931666445050389,4.931666445050389
viterbi_fitted_model,S-A7,10.0,1300.088,6.1583084483328525,-6.221552050300854,6.221552050300854
viterbi_fitted_model,S-A7,10.0,1310.088,21.324966835280346,-22.204873168419596,22.204873168419596
viterbi_fitted_model,S-A7,10.0,1320.088,17.307525423321085,13.896924601308804,13.896924601308804
viterbi_fitted_model,S-A7,10.0,1330.088,37.30373031548844,-38.58134716078172,38.58134716078172
viterbi_fitted_model,S-A7,10.0,1340.088,40.00333298792059,38.68800736853966,38.68800736853966
viterbi_fitted_model,S-A7,10.0,1350.088,42.97339294708993,-45.799620688732766,45.799620688732766
viterbi_fitted_model,S-A7,10.0,1360.088,8.724684167494699,-7.652492258481249,7.652492258481249
viterbi_fitted_model,S-A7,10.0,1370.088,26.173836886562388,26.086471279834498,26.086471279834498
viterbi_fitted_model,S-A7,10.0,1380.088,17.10994796403178,16.41778742380216,16.41778742380216
viterbi_fitted_model,S-A7,10.0,1390.088,21.5567279729747,20.978969365725764,20.978969365725764
viterbi_fitted_model,S-A7,10.0,1400.088,25.741338393731453,-25.784358378151918,25.784358378151918
viterbi_fitted_model,S-A7,10.0,1410.088,73.95443928289954,-74.43809544918966,74.43809544918966
viterbi_fitted_model,S-A7,10.0,1420.088,5.909181557811001,-8.895427343458323,8.895427343458323
viterbi_fitted_model,S-A7,10.0,1430.088,28.890780206373478,-29.840803702773783,29.840803702773783
viterbi_fitted_model,S-A7,10.0,1440.088,29.223236649292208,-29.625417204761913,29.625417204761913
viterbi_fitted_model,S-A7,10.0,1450.088,23.23569478139321,-23.96072784358492,23.96072784358492
viterbi_fitted_model,S-A7,10.0,1460.088,18.001022827747956,17.383995643548797,17.383995643548797
viterbi_fitted_model,S-A7,10.0,1470.088,28.052765322404344,-28.905922925374494,28.905922925374494
viterbi_fitted_model,S-A7,10.0,1480.088,19.15441426091228,-21.859453903059343,21.859453903059343
viterbi_fitted_model,S-A7,10.0,1490.088,30.199326662681003,-32.27067914807308,32.27067914807308
viterbi_fitted_model,S-A7,10.0,1500.088,16.433014378285204,6.897614496841214,6.897614496841214
viterbi_fitted_model,S-A7,10.0,1510.088,46.731345556271954,45.48974309278602,45.48974309278602
viterbi_fitted_model,S-A7,10.0,1520.088,58.73269810676607,58.67028252526809,58.67028252526809
viterbi_fitted_model,S-A7,10.0,1530.088,15.2406355699792,14.863569829878454,14.863569829878454
viterbi_fitted_model,S-A7,10.0,1540.088,54.54918749939264,54.4809096538777,54.4809096538777
viterbi_fitted_model,S-A7,10.0,1550.088,37.55743121755803,37.352035851916284,37.352035851916284
viterbi_fitted_model,S-A7,10.0,1560.088,38.29389941102315,38.06241250101557,38.06241250101557
viterbi_fitted_model,S-A7,10.0,1570.088,56.17046422236429,56.07750092650314,56.07750092650314
viterbi_fitted_model,S-A7,10.0,1580.088,38.152491869987124,37.87570388117652,37.87570388117652
viterbi_fitted_model,S-A7,10.0,1590.088,36.44516919014441,36.24536002946947,36.24536002946947
viterbi_fitted_model,S-A7,10.0,1600.088,3.182321278200291,2.9875771646673215,2.9875771646673215
viterbi_fitted_model,S-A7,10.0,1610.088,0.8917450716129952,0.6129124246098812,0.6129124246098812
viterbi_fitted_model,S-A7,10.0,1620.088,48.84669867161373,48.456937417906225,48.456937417906225
viterbi_fitted_model,S-A7,10.0,1630.088,24.915673997348716,24.765378835448058,24.765378835448058
viterbi_fitted_model,S-A7,10.0,1640.088,51.86709132023389,51.66377794207085,51.66377794207085
viterbi_fitted_model,S-A7,10.0,1650.088,25.808590818261283,25.670940031158228,25.670940031158228
viterbi_fitted_model,S-A7,10.0,1660.088,48.155682576309246,47.75276030340128,47.75276030340128
viterbi_fitted_model,S-A7,10.0,1670.088,58.70146007041226,58.25948277000296,58.25948277000296
viterbi_fitted_model,S-A7,10.0,1680.088,38.781877099430574,38.65889132537495,38.65889132537495
viterbi_fitted_model,S-A7,10.0,1690.088,2.199964357601169,1.7534115162337294,1.7534115162337294
viterbi_fitted_model,S-A7,10.0,1700.088,14.546594250416357,-14.454327119958364,14.454327119958364
viterbi_fitted_model,S-A7,10.0,1710.088,20.293812008141003,20.229409685946973,20.229409685946973
viterbi_fitted_model,S-A7,10.0,1720.088,0.9556369695057062,0.9198195902744999,0.9198195902744999
viterbi_fitted_model,S-A7,10.0,1730.088,25.551557926319326,25.516743155738013,25.516743155738013
viterbi_fitted_model,S-A7,10.0,1740.088,36.70634099527709,36.645602403793035,36.645602403793035
viterbi_fitted_model,S-A7,10.0,1750.088,67.26527251705856,67.11423514491565,67.11423514491565
viterbi_fitted_model,S-A7,10.0,1760.088,48.650162267115725,48.59744829469662,48.59744829469662
viterbi_fitted_model,S-A7,10.0,1770.088,23.477246699497417,23.444692531599753,23.444692531599753
viterbi_fitted_model,S-A7,10.0,1780.088,28.014498560338385,27.70878058526472,27.70878058526472
viterbi_fitted_model,S-A7,10.0,1790.088,12.283266023091329,12.199442480216277,12.199442480216277
viterbi_fitted_model,S-A7,10.0,1800.088,17.798716267235825,17.649719573816633,17.649719573816633
viterbi_fitted_model,S-A7,10.0,1810.088,29.666630241546926,24.102234885752413,24.102234885752413
viterbi_fitted_model,S-A7,10.0,1820.088,53.81633125146506,-52.88410011537441,52.88410011537441
viterbi_fitted_model,S-A7,10.0,1830.088,16.281915932436828,15.998573362586338,15.998573362586338
viterbi_fitted_model,S-A7,10.0,1840.088,44.90287938090883,-45.70209437011825,45.70209437011825
viterbi_fitted_model,S-A7,10.0,1850.088,53.44543232102725,-54.88791730337975,54.88791730337975
viterbi_fitted_model,S-A7,10.0,1860.088,8.630804612341304,-7.948133359677733,7.948133359677733
viterbi_fitted_model,S-A7,10.0,1870.088,15.668135108335829,13.313399024936952,13.313399024936952
viterbi_fitted_model,S-A7,10.0,1880.088,141.5136097305929,-142.4334687848256,142.4334687848256
viterbi_fitted_model,S-A7,10.0,1890.088,108.57384414595427,-108.73087346234897,108.73087346234897
viterbi_fitted_model,S-A7,10.0,1900.088,113.47307751486653,-113.64110568139964,113.64110568139964
viterbi_fitted_model,S-A7,10.0,1910.088,113.748217517805,-114.39797814819705,114.39797814819705
viterbi_fitted_model,S-A7,10.0,1920.088,140.0807775384185,-141.17127711665103,141.17127711665103
viterbi_fitted_model,S-A7,10.0,1930.088,13.122283132546116,-3.6260786269344116,3.6260786269344116
viterbi_fitted_model,S-A7,10.0,1940.088,7.267881616533585,-8.470874832694264,8.470874832694264
viterbi_fitted_model,S-A7,10.0,1950.088,77.92042849361493,-78.22086271653687,78.22086271653687
viterbi_fitted_model,S-A7,10.0,1960.088,75.98701267889838,-76.16228808499011,76.16228808499011
viterbi_fitted_model,S-A7,10.0,1970.088,56.99611551505983,-57.11980794636038,57.11980794636038
viterbi_fitted_model,S-A7,10.0,1980.088,6.751765877922933,-5.041534677394441,5.041534677394441
viterbi_fitted_model,S-A7,10.0,1990.088,27.450223425617768,25.40470688930119,25.40470688930119
viterbi_fitted_model,S-A7,10.0,2000.088,8.699398635603744,6.985251934901868,6.985251934901868
viterbi_fitted_model,S-A7,10.0,2010.088,37.36396859270944,37.11936401855847,37.11936401855847
viterbi_fitted_model,S-A7,10.0,2020.088,58.74233958382654,58.63313455051584,58.63313455051584
viterbi_fitted_model,S-A7,10.0,2030.088,69.71576020127308,69.38710476708265,69.38710476708265
viterbi_fitted_model,S-A7,10.0,2040.088,21.57455131998288,-21.416567506928715,21.416567506928715
viterbi_fitted_model,S-A7,10.0,2050.0879999999997,53.402535720437484,-52.60825480986925,52.60825480986925
viterbi_fitted_model,S-A7,10.0,2060.0879999999997,23.852679119585737,-23.887008217588935,23.887008217588935
viterbi_fitted_model,S-A7,10.0,2070.0879999999997,75.75560435917743,75.71695404635771,75.71695404635771
viterbi_fitted_model,S-A7,10.0,2080.0879999999997,58.9511443046898,58.80697328901336,58.80697328901336
viterbi_fitted_model,S-A7,10.0,2090.0879999999997,22.98075640585835,22.922588435575392,22.922588435575392
viterbi_fitted_model,S-A7,10.0,2100.0879999999997,5.5478511190910185,-5.385891668846686,5.385891668846686
viterbi_fitted_model,S-A7,10.0,2110.0879999999997,5.16172827070279,4.0307749222267155,4.0307749222267155
viterbi_fitted_model,S-A7,10.0,2120.0879999999997,52.46206995533082,52.28985033010581,52.28985033010581
viterbi_fitted_model,S-A7,10.0,2130.0879999999997,53.15923984759881,53.08866240603963,53.08866240603963
viterbi_fitted_model,S-A7,10.0,2140.0879999999997,68.70197822213544,68.66723819079411,68.66723819079411
viterbi_fitted_model,S-A7,10.0,2150.0879999999997,29.7354647676697,29.72603675754904,29.72603675754904
viterbi_fitted_model,S-A7,10.0,2160.0879999999997,7.733738612784924,-7.73008006555742,7.73008006555742
viterbi_fitted_model,S-A7,10.0,2170.0879999999997,18.34225136816348,18.248229290169512,18.248229290169512
viterbi_fitted_model,S-A7,10.0,2180.0879999999997,74.80137004959354,-75.05449130489758,75.05449130489758
viterbi_fitted_model,S-A7,10.0,2190.0879999999997,101.23099848040926,-102.14905660809158,102.14905660809158
viterbi_fitted_model,S-A7,10.0,2200.0879999999997,92.10957340756345,-92.40998277690616,92.40998277690616
viterbi_fitted_model,S-A7,10.0,2210.0879999999997,35.135762421512474,-35.145747293941895,35.145747293941895
viterbi_fitted_model,S-A7,10.0,2220.0879999999997,54.29865732288524,54.1610650450592,54.1610650450592
viterbi_fitted_model,S-A7,10.0,2230.0879999999997,53.69386552207952,53.31028643013445,53.31028643013445
viterbi_fitted_model,S-A7,10.0,2240.0879999999997,28.202725765422155,-27.804171001161734,27.804171001161734
viterbi_fitted_model,S-A7,10.0,2250.0879999999997,11.39258809784334,-12.265816616183312,12.265816616183312
viterbi_fitted_model,S-A7,10.0,2260.0879999999997,19.948656957045902,19.636524930400526,19.636524930400526
viterbi_fitted_model,S-A7,10.0,2270.0879999999997,27.8944119687706,27.45132649987428,27.45132649987428
viterbi_fitted_model,S-A7,10.0,2280.0879999999997,19.804592740800807,19.349298441087182,19.349298441087182
viterbi_fitted_model,S-A7,10.0,2290.0879999999997,55.66845264178165,55.58832607963226,55.58832607963226
viterbi_fitted_model,S-A7,10.0,2300.0879999999997,25.718026356736804,24.705254636723872,24.705254636723872
viterbi_fitted_model,S-A7,10.0,2310.0879999999997,34.05176574247783,34.021592777093915,34.021592777093915
viterbi_fitted_model,S-A7,10.0,2320.0879999999997,18.143606783439665,17.959291435317237,17.959291435317237
viterbi_fitted_model,S-A7,10.0,2330.0879999999997,46.469969601547255,46.071985258074044,46.071985258074044
viterbi_fitted_model,S-A7,10.0,2340.0879999999997,14.387755053023264,13.82479548089809,13.82479548089809
viterbi_fitted_model,S-A7,10.0,2350.0879999999997,14.49068146523902,-14.244702710107376,14.244702710107376
viterbi_fitted_model,S-A7,10.0,2360.0879999999997,49.38994284414188,49.31238547551298,49.31238547551298
viterbi_fitted_model,S-A7,10.0,2370.0879999999997,7.865487099187811,6.545162503841148,6.545162503841148
viterbi_fitted_model,S-A7,10.0,2380.0879999999997,32.10123552236707,-32.16852442724749,32.16852442724749
viterbi_fitted_model,S-A7,10.0,2390.0879999999997,47.045497187249374,-46.90811032485173,46.90811032485173
viterbi_fitted_model,S-A7,10.0,2400.0879999999997,19.653341333940883,-19.52478446444691,19.52478446444691
viterbi_fitted_model,S-A7,10.0,2410.0879999999997,0.6572295748595638,-0.5281013556360676,0.5281013556360676
viterbi_fitted_model,S-A7,10.0,2420.0879999999997,16.51762686633355,-16.531071132777654,16.531071132777654
viterbi_fitted_model,S-A7,10.0,2430.0879999999997,19.644984163907278,-19.655769731836944,19.655769731836944
viterbi_fitted_model,S-A7,10.0,2440.0879999999997,7.724253671007484,-7.713175130962366,7.713175130962366
viterbi_fitted_model,S-A7,10.0,2450.0879999999997,11.333181472478854,-10.926240129598419,10.926240129598419
viterbi_fitted_model,S-A7,10.0,2460.0879999999997,10.548804363877194,10.456433621434947,10.456433621434947
viterbi_fitted_model,S-A7,10.0,2470.0879999999997,11.1132438410495,-10.98002290169661,10.98002290169661
viterbi_fitted_model,S-A7,10.0,2480.0879999999997,18.98173020791791,18.938144955467735,18.938144955467735
viterbi_fitted_model,S-A7,10.0,2490.0879999999997,38.01563592142514,37.91077409823981,37.91077409823981
viterbi_fitted_model,S-A7,10.0,2500.0879999999997,42.438672731038594,42.221719303937746,42.221719303937746
viterbi_fitted_model,S-A7,10.0,2510.0879999999997,27.84404422813664,27.777319941888788,27.777319941888788
viterbi_fitted_model,S-A7,10.0,2520.0879999999997,28.03660742796372,27.707937512847774,27.707937512847774
viterbi_fitted_model,S-A7,10.0,2530.0879999999997,62.868258772355304,62.87483788544704,62.87483788544704
viterbi_fitted_model,S-A7,10.0,2540.0879999999997,13.404007591590789,13.399292241738749,13.399292241738749
viterbi_fitted_model,S-A7,10.0,2550.0879999999997,55.172457562266544,55.08390198724001,55.08390198724001
viterbi_fitted_model,S-A7,10.0,2560.0879999999997,53.80544941361232,53.80403201612367,53.80403201612367
viterbi_fitted_model,S-A7,10.0,2570.0879999999997,1.7364843196376045,-0.9798955444565571,0.9798955444565571
viterbi_fitted_model,S-A7,10.0,2580.0879999999997,8.615627852603016,8.490999402808047,8.490999402808047
viterbi_fitted_model,S-A7,10.0,2590.0879999999997,22.21014313029286,22.229178126675876,22.229178126675876
viterbi_fitted_model,S-A7,10.0,2600.0879999999997,44.083951745654886,44.091038334396956,44.091038334396956
viterbi_fitted_model,S-A7,10.0,2610.0879999999997,45.04987546988568,45.07133721681912,45.07133721681912
viterbi_fitted_model,S-A7,10.0,2620.0879999999997,6.5491670243519025,6.409709451208364,6.409709451208364
viterbi_fitted_model,S-A7,10.0,2630.0879999999997,48.32789669452228,48.16957435067221,48.16957435067221
viterbi_fitted_model,S-A7,10.0,2640.0879999999997,55.136544725112394,55.14793574208214,55.14793574208214
viterbi_fitted_model,S-A7,10.0,2650.0879999999997,31.415630857299483,31.34172526826338,31.34172526826338
viterbi_fitted_model,S-A7,10.0,2660.0879999999997,50.70326997251614,50.65729559977545,50.65729559977545
viterbi_fitted_model,S-A7,10.0,2670.0879999999997,51.59964186808158,51.40966884971482,51.40966884971482
viterbi_fitted_model,S-A7,10.0,2680.0879999999997,10.478254353009184,10.419989632243883,10.419989632243883
viterbi_fitted_model,S-A7,10.0,2690.0879999999997,37.18191418805676,37.03230471100761,37.03230471100761
viterbi_fitted_model,S-A7,10.0,2700.0879999999997,100.08788697687581,100.05159196987127,100.05159196987127
viterbi_fitted_model,S-A7,10.0,2710.0879999999997,60.17562445509871,60.11805393606137,60.11805393606137
viterbi_fitted_model,S-A7,10.0,2720.0879999999997,72.43802615734594,72.37823899753079,72.37823899753079
viterbi_fitted_model,S-A7,10.0,2730.0879999999997,7.530698914458503,7.330443126372682,7.330443126372682
viterbi_fitted_model,S-A7,10.0,2740.0879999999997,54.59287456057848,54.58466096832923,54.58466096832923
viterbi_fitted_model,S-A7,10.0,2750.0879999999997,48.881882338405134,48.447244904114214,48.447244904114214
viterbi_fitted_model,S-A7,10.0,2760.0879999999997,61.99027052203961,61.9430547656394,61.9430547656394
viterbi_fitted_model,S-A7,10.0,2770.0879999999997,15.155993111777807,15.058980245650165,15.058980245650165
viterbi_fitted_model,S-A7,10.0,2780.0879999999997,0.909038758958884,0.6328591859907462,0.6328591859907462
viterbi_fitted_model,S-A7,10.0,2790.0879999999997,40.56184131731545,-40.670150562233054,40.670150562233054
viterbi_fitted_model,S-A7,10.0,2800.0879999999997,66.54982383905713,-66.51797215217331,66.51797215217331
viterbi_fitted_model,S-A7,10.0,2810.0879999999997,13.415742920476749,12.495817304266527,12.495817304266527
viterbi_fitted_model,S-A7,10.0,2820.0879999999997,35.37511964468133,34.4876504231145,34.4876504231145
viterbi_fitted_model,S-A7,10.0,2830.0879999999997,15.994007421234233,-16.73970985028019,16.73970985028019
viterbi_fitted_model,S-A7,10.0,2840.0879999999997,11.253808750865419,-11.424163420076479,11.424163420076479
viterbi_fitted_model,S-A7,10.0,2850.0879999999997,26.87887929694835,-27.39430216067054,27.39430216067054
viterbi_fitted_model,S-A7,10.0,2860.0879999999997,30.234340698885035,-30.26793199033353,30.26793199033353
viterbi_fitted_model,S-A7,10.0,2870.0879999999997,36.17587119349546,-36.277314033765855,36.277314033765855
viterbi_fitted_model,S-A7,10.0,2880.0879999999997,68.819007201504,-68.98004534978048,68.98004534978048
viterbi_fitted_model,S-A7,10.0,2890.0879999999997,10.398505207211807,-10.628993258428881,10.628993258428881
viterbi_fitted_model,S-A7,10.0,2900.0879999999997,43.55408456927264,-43.55791540342378,43.55791540342378
viterbi_fitted_model,S-A7,10.0,2910.0879999999997,20.337107833931015,-21.833324141857016,21.833324141857016
viterbi_fitted_model,S-A7,10.0,2920.0879999999997,3.9222519694411018,3.369834622375386,3.369834622375386
viterbi_fitted_model,S-A7,10.0,2930.0879999999997,25.367144520377682,25.08255770019474,25.08255770019474
viterbi_fitted_model,S-A7,10.0,2940.0879999999997,25.030706891894205,-25.59313596706922,25.59313596706922
viterbi_fitted_model,S-A7,10.0,2950.0879999999997,45.360944111487015,-45.46797010074698,45.46797010074698
viterbi_fitted_model,S-A7,10.0,2960.0879999999997,69.81034688106298,-70.62204796342648,70.62204796342648
viterbi_fitted_model,S-A7,10.0,2970.0879999999997,28.243597100306147,-28.3830111364462,28.3830111364462
viterbi_fitted_model,S-A7,10.0,2980.0879999999997,52.83086658286213,-53.837213746088935,53.837213746088935
viterbi_fitted_model,S-A7,10.0,2990.0879999999997,14.874630305648143,-15.03127705630936,15.03127705630936
viterbi_fitted_model,S-A7,10.0,3000.0879999999997,30.490142868402206,-30.686832374065713,30.686832374065713
viterbi_fitted_model,S-A7,10.0,3010.0879999999997,21.774923149211862,-21.870545262604065,21.870545262604065
viterbi_fitted_model,S-A7,10.0,3020.0879999999997,30.76021765791637,30.66946971126408,30.66946971126408
viterbi_fitted_model,S-A7,10.0,3030.0879999999997,16.813621579417003,-17.30895917845073,17.30895917845073
viterbi_fitted_model,S-A7,10.0,3040.0879999999997,80.14047997242932,80.00840552210036,80.00840552210036
viterbi_fitted_model,S-A7,10.0,3050.0879999999997,49.8134616370555,49.75503636216812,49.75503636216812
viterbi_fitted_model,S-A7,10.0,3060.0879999999997,6.4645198923951535,2.447839842313879,2.447839842313879
viterbi_fitted_model,S-A7,10.0,3070.0879999999997,7.368237765943144,6.835561281803308,6.835561281803308
viterbi_fitted_model,S-A7,10.0,3080.0879999999997,5.921730721748953,5.357363176540961,5.357363176540961
viterbi_fitted_model,S-A7,10.0,3090.0879999999997,43.60423944083965,-43.530228761643265,43.530228761643265
viterbi_fitted_model,S-A7,10.0,3100.0879999999997,7.04296034633551,-7.101002241690562,7.101002241690562
viterbi_fitted_model,S-A7,10.0,3110.0879999999997,64.8624814862514,-65.08399027995853,65.08399027995853
viterbi_fitted_model,S-A7,10.0,3120.0879999999997,107.08522121927615,-107.23747563080686,107.23747563080686
viterbi_fitted_model,S-A7,10.0,3130.0879999999997,105.51084216865029,-105.73320346953193,105.73320346953193
viterbi_fitted_model,S-A7,10.0,3140.0879999999997,33.13421329432786,-33.14249312168479,33.14249312168479
viterbi_fitted_model,S-A7,10.0,3150.0879999999997,15.825726160765434,15.755419807759491,15.755419807759491
viterbi_fitted_model,S-A7,10.0,3160.0879999999997,97.99600320252307,-98.35297344786157,98.35297344786157
viterbi_fitted_model,S-A7,10.0,3170.0879999999997,89.35108717046126,-89.55100578129034,89.55100578129034
viterbi_fitted_model,S-A7,10.0,3180.0879999999997,48.616892408087054,-48.92863749746521,48.92863749746521
viterbi_fitted_model,S-A7,10.0,3190.0879999999997,54.93470389305708,-55.07748497952092,55.07748497952092
viterbi_fitted_model,S-A7,10.0,3200.0879999999997,60.73994475312966,-61.3812134752049,61.3812134752049
viterbi_fitted_model,S-A7,10.0,3210.0879999999997,7.3563550477105215,-9.22182678128635,9.22182678128635
viterbi_fitted_model,S-A7,10.0,3220.0879999999997,79.60279634241715,78.57614277709985,78.57614277709985
viterbi_fitted_model,S-A7,10.0,3230.0879999999997,42.96260392240744,40.2576893876162,40.2576893876162
viterbi_fitted_model,S-A7,10.0,3240.0879999999997,45.34535818740658,43.56936431886763,43.56936431886763
viterbi_fitted_model,S-A7,10.0,3250.0879999999997,39.64165656547516,38.20972655449549,38.20972655449549
viterbi_fitted_model,S-A7,10.0,3260.0879999999997,89.08756849781481,88.1995134242742,88.1995134242742
viterbi_fitted_model,S-A7,10.0,3270.0879999999997,20.801932417710145,19.49635851848415,19.49635851848415
viterbi_fitted_model,S-A7,10.0,3280.0879999999997,67.00373185079071,-67.08098196212748,67.08098196212748
viterbi_fitted_model,S-A7,10.0,3290.0879999999997,38.65597095101814,-38.73746528568838,38.73746528568838
viterbi_fitted_model,S-A7,10.0,3300.0879999999997,8.770663377199497,8.66405284072098,8.66405284072098
viterbi_fitted_model,S-A7,10.0,3310.0879999999997,13.731444205796903,13.302957776683574,13.302957776683574
viterbi_fitted_model,S-A7,10.0,3320.0879999999997,19.406930720786303,19.301725210649316,19.301725210649316
viterbi_fitted_model,S-A7,10.0,3330.0879999999997,20.107635253537328,19.498043208455044,19.498043208455044
viterbi_fitted_model,S-A7,10.0,3340.0879999999997,85.74915673027692,85.26714602519765,85.26714602519765
viterbi_fitted_model,S-A7,10.0,3350.0879999999997,14.952610782854173,14.811027948068105,14.811027948068105
viterbi_fitted_model,S-A7,10.0,3360.0879999999997,73.59704290846275,-73.63011200890475,73.63011200890475
viterbi_fitted_model,S-A7,10.0,3370.0879999999997,73.93698118478706,-74.10244706881332,74.10244706881332
viterbi_fitted_model,S-A7,10.0,3380.0879999999997,6.806887468057257,-6.628251012420101,6.628251012420101
viterbi_fitted_model,S-A7,10.0,3390.0879999999997,37.99035752468056,37.61087244628897,37.61087244628897
viterbi_fitted_model,S-A7,10.0,3400.0879999999997,20.7218277399511,20.00991226458233,20.00991226458233
viterbi_fitted_model,S-A7,10.0,3410.0879999999997,23.136685457663162,-23.129810861512276,23.129810861512276
viterbi_fitted_model,S-A7,10.0,3420.0879999999997,46.321792328162694,45.98089003488775,45.98089003488775
viterbi_fitted_model,S-A7,10.0,3430.0879999999997,2.875147336567829,2.5799124971135434,2.5799124971135434
viterbi_fitted_model,S-A7,10.0,3440.0879999999997,3.979459676684508,2.9869961287594897,2.9869961287594897
viterbi_fitted_model,S-A7,10.0,3450.0879999999997,14.201041326631586,-13.46611378393839,13.46611378393839
viterbi_fitted_model,S-A7,10.0,3460.0879999999997,7.351489785551588,-4.2877559995658565,4.2877559995658565
viterbi_fitted_model,S-A7,10.0,3470.0879999999997,16.1577976370052,15.44698695723395,15.44698695723395
viterbi_fitted_model,S-A7,10.0,3480.0879999999997,53.83152490758036,52.244060515878864,52.244060515878864
viterbi_fitted_model,S-A7,10.0,3490.0879999999997,31.18666045678282,30.686785776160622,30.686785776160622
viterbi_fitted_model,S-A7,10.0,3500.0879999999997,38.91850255252436,38.61809675172741,38.61809675172741
viterbi_fitted_model,S-A7,10.0,3510.0879999999997,39.53193315243787,39.273316033414694,39.273316033414694
viterbi_fitted_model,S-A7,10.0,3520.0879999999997,14.622507236220956,14.501849410430857,14.501849410430857
viterbi_fitted_model,S-A7,10.0,3530.0879999999997,41.530062639178624,-41.541349681497294,41.541349681497294
viterbi_fitted_model,S-A7,10.0,3540.0879999999997,35.80267703356051,-36.09585072524301,36.09585072524301
viterbi_fitted_model,S-A7,10.0,3550.0879999999997,79.84136067308658,-79.86997823523531,79.86997823523531
viterbi_fitted_model,S-A7,10.0,3560.0879999999997,69.324460339705,-69.41736088527028,69.41736088527028
viterbi_fitted_model,S-A7,10.0,3570.0879999999997,81.78004372324756,-82.40885735082104,82.40885735082104
viterbi_fitted_model,S-A7,10.0,3580.0879999999997,99.72554319198123,-99.97142846856985,99.97142846856985
viterbi_fitted_model,S-A7,10.0,3590.0879999999997,77.14497978092321,-77.49709722437184,77.49709722437184
viterbi_fitted_model,S-A7,10.0,3600.0879999999997,104.62549436770331,-104.77802005136937,104.77802005136937
viterbi_fitted_model,S-A7,10.0,3610.0879999999997,152.28971250018685,-154.0342472277372,154.0342472277372
viterbi_fitted_model,S-A7,10.0,3620.0879999999997,140.2825726549671,-140.61661008380568,140.61661008380568
viterbi_fitted_model,S-A7,10.0,3630.0879999999997,4.377515164985384,0.2814202788200575,0.2814202788200575
viterbi_fitted_model,S-A7,10.0,3640.0879999999997,4.073371951521155,-0.5423949839206834,0.5423949839206834
viterbi_fitted_model,S-A7,10.0,3650.0879999999997,44.79860081552947,44.437854995641985,44.437854995641985
viterbi_fitted_model,S-A7,10.0,3660.0879999999997,43.64383267638401,43.41274085636169,43.41274085636169
viterbi_fitted_model,S-A7,10.0,3670.0879999999997,1.5649775129709327,1.2011357517996615,1.2011357517996615
viterbi_fitted_model,S-A7,10.0,3680.0879999999997,42.857294107751144,41.18466953819792,41.18466953819792
viterbi_fitted_model,S-A7,10.0,3690.0879999999997,20.31756724303734,-20.243881938358435,20.243881938358435
viterbi_fitted_model,S-A7,10.0,3700.0879999999997,14.317572001590932,-14.447199471162353,14.447199471162353
viterbi_fitted_model,S-A7,10.0,3710.0879999999997,13.271041462151969,11.29472277543789,11.29472277543789
viterbi_fitted_model,S-A7,10.0,3720.0879999999997,11.148831698600489,-11.37842997976042,11.37842997976042
viterbi_fitted_model,S-A7,10.0,3730.0879999999997,56.3953654134116,-56.42104669110206,56.42104669110206
viterbi_fitted_model,S-A7,10.0,3740.0879999999997,10.882767439026876,-9.939182349453318,9.939182349453318
viterbi_fitted_model,S-A7,10.0,3750.0879999999997,59.57597749551776,-59.372499230643086,59.372499230643086
viterbi_fitted_model,S-A7,10.0,3760.0879999999997,52.66947449642587,-52.518494402988054,52.518494402988054
viterbi_fitted_model,S-A7,10.0,3770.0879999999997,47.0014409185213,-47.13783170962755,47.13783170962755
viterbi_fitted_model,S-A7,10.0,3780.0879999999997,20.722086167085454,-20.52171289262675,20.52171289262675
viterbi_fitted_model,S-A7,10.0,3790.0879999999997,2.690366352376171,-2.185994231906161,2.185994231906161
viterbi_fitted_model,S-A7,10.0,3800.0879999999997,31.255318137046007,31.215356357439696,31.215356357439696
viterbi_fitted_model,S-A7,10.0,3810.0879999999997,14.028813057013599,-14.073731247253296,14.073731247253296
viterbi_fitted_model,S-A7,10.0,3820.0879999999997,13.001884863135782,12.947808065472739,12.947808065472739
viterbi_fitted_model,S-A7,10.0,3830.0879999999997,33.32088624518257,-33.22618401589246,33.22618401589246
viterbi_fitted_model,S-A7,10.0,3840.0879999999997,17.790927776112166,-18.117542032885257,18.117542032885257
viterbi_fitted_model,S-A7,10.0,3850.0879999999997,5.285204143749467,4.896478447659284,4.896478447659284
viterbi_fitted_model,S-A7,10.0,3860.0879999999997,23.38727400077088,22.22481256702593,22.22481256702593
viterbi_fitted_model,S-A7,10.0,3870.0879999999997,41.2026274806581,41.16377876935711,41.16377876935711
viterbi_fitted_model,S-A7,10.0,3880.0879999999997,27.31626634406943,27.029872155436426,27.029872155436426
viterbi_fitted_model,S-A7,10.0,3890.0879999999997,30.422635251942182,29.78135037360143,29.78135037360143
viterbi_fitted_model,S-A7,10.0,3900.0879999999997,7.190281774079978,-5.797233005306978,5.797233005306978
viterbi_fitted_model,S-A7,10.0,3910.0879999999997,34.36829840113573,33.08729009395978,33.08729009395978
viterbi_fitted_model,S-A7,10.0,3920.0879999999997,44.932751058814624,41.31452298117414,41.31452298117414
viterbi_fitted_model,S-A7,10.0,3930.0879999999997,19.15929530568957,16.323764945650797,16.323764945650797
viterbi_fitted_model,S-A7,10.0,3940.0879999999997,28.704626790298782,28.00251175525499,28.00251175525499
viterbi_fitted_model,S-A7,10.0,3950.0879999999997,24.00898342468413,23.74042570992239,23.74042570992239
viterbi_fitted_model,S-A7,10.0,3960.0879999999997,76.90128866248612,76.78252464152143,76.78252464152143
viterbi_fitted_model,S-A7,10.0,3970.0879999999997,26.90175486789871,26.835071205913955,26.835071205913955
viterbi_fitted_model,S-A7,10.0,3980.0879999999997,43.640815477044015,43.035987114180244,43.035987114180244
viterbi_fitted_model,S-A7,10.0,3990.0879999999997,24.806049875049762,24.30769315093177,24.30769315093177
viterbi_fitted_model,S-A7,10.0,4000.0879999999997,63.82432603029454,63.04838404752938,63.04838404752938
viterbi_fitted_model,S-A7,10.0,4010.0879999999997,36.11180832115833,33.91307731929163,33.91307731929163
viterbi_fitted_model,S-A7,10.0,4020.0879999999997,48.00732606704629,40.22039225297159,40.22039225297159
viterbi_fitted_model,S-A7,10.0,4030.0879999999997,70.19586023413198,68.0050532405225,68.0050532405225
viterbi_fitted_model,S-A7,10.0,4040.0879999999997,34.55495176548086,-36.59188685828411,36.59188685828411
viterbi_fitted_model,S-A7,10.0,4050.0879999999997,91.31214930238978,-91.92298957156028,91.92298957156028
viterbi_fitted_model,S-A7,10.0,4060.0879999999997,88.47506869383922,-88.45539812799879,88.45539812799879
viterbi_fitted_model,S-A7,10.0,4070.0879999999997,68.68702820933184,-68.53620112541793,68.53620112541793
viterbi_fitted_model,S-A7,10.0,4080.0879999999997,42.924442035364216,-42.983220829836114,42.983220829836114
viterbi_fitted_model,S-A7,10.0,4090.0879999999997,2.9336635041465997,2.8829477457335777,2.8829477457335777
viterbi_fitted_model,S-A7,10.0,4100.088,62.36373904041857,62.28379549394512,62.28379549394512
viterbi_fitted_model,S-A7,10.0,4110.088,63.13713213328257,63.15162110429896,63.15162110429896
viterbi_fitted_model,S-A7,10.0,4120.088,52.94245466014005,52.696527644322416,52.696527644322416
viterbi_fitted_model,S-A7,10.0,4130.088,3.491750712518461,-2.5297970444343534,2.5297970444343534
viterbi_fitted_model,S-A7,10.0,4140.088,83.46206012173016,83.36637079224556,83.36637079224556
viterbi_fitted_model,S-A7,10.0,4150.088,46.10238982669978,45.81109535907544,45.81109535907544
viterbi_fitted_model,S-A7,10.0,4160.088,62.90030455371202,62.94889900983887,62.94889900983887
viterbi_fitted_model,S-A7,10.0,4170.088,30.984096372812626,30.69754667415356,30.69754667415356
viterbi_fitted_model,S-A7,10.0,4180.088,13.208944101681684,-14.566792661519614,14.566792661519614
viterbi_fitted_model,S-A7,10.0,4190.088,17.484608812112636,15.768375303232823,15.768375303232823
viterbi_fitted_model,S-A7,10.0,4200.088,15.683792438006753,14.797044052429936,14.797044052429936
viterbi_fitted_model,S-A7,10.0,4210.088,16.686589215746867,-16.468195169785687,16.468195169785687
viterbi_fitted_model,S-A7,10.0,4220.088,35.363616525107474,-35.394552468093956,35.394552468093956
viterbi_fitted_model,S-A7,10.0,4230.088,7.905585353557384,-7.9935044219131655,7.9935044219131655
viterbi_fitted_model,S-A7,10.0,4240.088,3.901334406053933,-3.7882626553306906,3.7882626553306906
viterbi_fitted_model,S-A7,10.0,4250.088,7.895404704234111,7.7597658477308435,7.7597658477308435
viterbi_fitted_model,S-A7,10.0,4260.088,7.592837960482639,0.18011347141267464,0.18011347141267464
viterbi_fitted_model,S-A7,10.0,4270.088,31.183792516128207,25.6863613386691,25.6863613386691
viterbi_fitted_model,S-A7,10.0,4280.088,65.89421925569432,63.32326572494798,63.32326572494798
viterbi_fitted_model,S-A7,10.0,4290.088,45.51230329566771,36.66564138232499,36.66564138232499
viterbi_fitted_model,S-A7,10.0,4300.088,14.97661367647609,31.587466084646977,31.587466084646977
viterbi_fitted_model,S-A7,30.0,30.088,58.895706012831546,57.81609908898755,57.81609908898755
viterbi_fitted_model,S-A7,30.0,60.088,235.20022833401868,252.71364229800005,252.71364229800005
viterbi_fitted_model,S-A7,30.0,90.088,56.90691921961358,-54.171864129931336,54.171864129931336
viterbi_fitted_model,S-A7,30.0,120.088,157.0473912177925,157.90277775548836,157.90277775548836
viterbi_fitted_model,S-A7,30.0,150.088,290.78341523807575,289.7201395240569,289.7201395240569
viterbi_fitted_model,S-A7,30.0,180.088,416.1919703065939,465.7158608546459,465.7158608546459
viterbi_fitted_model,S-A7,30.0,240.088,179.63156568578304,-4.230416715303829,4.230416715303829
viterbi_fitted_model,S-A7,30.0,270.08799999999997,146.58079133205996,145.94062771615998,145.94062771615998
viterbi_fitted_model,S-A7,30.0,300.08799999999997,172.01810376680035,171.13031793352872,171.13031793352872
viterbi_fitted_model,S-A7,30.0,330.08799999999997,143.59282177596862,140.8614357542973,140.8614357542973
viterbi_fitted_model,S-A7,30.0,360.08799999999997,152.50224567782965,150.5504459892928,150.5504459892928
viterbi_fitted_model,S-A7,30.0,390.08799999999997,94.28112634662686,90.49951769124415,90.49951769124415
viterbi_fitted_model,S-A7,30.0,420.08799999999997,38.007565898997846,37.228110285544076,37.228110285544076
viterbi_fitted_model,S-A7,30.0,450.08799999999997,113.56107312662897,112.93408867831532,112.93408867831532
viterbi_fitted_model,S-A7,30.0,480.08799999999997,68.47343686336863,67.37977409898917,67.37977409898917
viterbi_fitted_model,S-A7,30.0,510.08799999999997,74.27165217303242,72.83458607526117,72.83458607526117
viterbi_fitted_model,S-A7,30.0,540.088,74.88706691234769,73.96844002792521,73.96844002792521
viterbi_fitted_model,S-A7,30.0,570.088,175.42249696375234,173.70548749606343,173.70548749606343
viterbi_fitted_model,S-A7,30.0,600.088,37.06652286922174,36.46289189065091,36.46289189065091
viterbi_fitted_model,S-A7,30.0,630.088,125.14462997717467,115.03649895402535,115.03649895402535
viterbi_fitted_model,S-A7,30.0,660.088,3.658325036280184,-11.619801872409568,11.619801872409568
viterbi_fitted_model,S-A7,30.0,690.088,65.85609467970838,-65.95984495383559,65.95984495383559
viterbi_fitted_model,S-A7,30.0,720.088,220.01883229488533,219.3509972754414,219.3509972754414
viterbi_fitted_model,S-A7,30.0,750.088,260.16389727249816,259.6420864896688,259.6420864896688
viterbi_fitted_model,S-A7,30.0,780.088,300.855866538873,300.17919334593086,300.17919334593086
viterbi_fitted_model,S-A7,30.0,810.088,236.31979730697577,232.58443213671416,232.58443213671416
viterbi_fitted_model,S-A7,30.0,840.088,92.23745497172413,87.86133662711345,87.86133662711345
viterbi_fitted_model,S-A7,30.0,870.088,126.55265277374299,124.05829179484726,124.05829179484726
viterbi_fitted_model,S-A7,30.0,900.088,150.2896465748538,147.6681965743387,147.6681965743387
viterbi_fitted_model,S-A7,30.0,930.088,188.00812070971742,187.00428675642337,187.00428675642337
viterbi_fitted_model,S-A7,30.0,960.088,180.77033348382295,179.3994461985714,179.3994461985714
viterbi_fitted_model,S-A7,30.0,990.088,163.869715454505,159.32649483225387,159.32649483225387
viterbi_fitted_model,S-A7,30.0,1020.088,138.99190919161504,134.17539536389168,134.17539536389168
viterbi_fitted_model,S-A7,30.0,1050.088,205.30621290015824,203.54834224516665,203.54834224516665
viterbi_fitted_model,S-A7,30.0,1080.088,120.34228156345371,118.72374665142054,118.72374665142054
viterbi_fitted_model,S-A7,30.0,1110.088,81.22491596334011,80.72349784982423,80.72349784982423
viterbi_fitted_model,S-A7,30.0,1140.088,6.747927601312757,5.6815573664048244,5.6815573664048244
viterbi_fitted_model,S-A7,30.0,1170.088,39.76093722432477,39.114376602935415,39.114376602935415
viterbi_fitted_model,S-A7,30.0,1200.088,117.0742757019782,116.31066008891491,116.31066008891491
viterbi_fitted_model,S-A7,30.0,1230.088,65.39039399261549,65.09632694826702,65.09632694826702
viterbi_fitted_model,S-A7,30.0,1260.088,37.76141351257855,36.85117223475409,36.85117223475409
viterbi_fitted_model,S-A7,30.0,1290.088,32.09318191695865,-33.382067366161436,33.382067366161436
viterbi_fitted_model,S-A7,30.0,1320.088,16.2398459836378,14.004914832237343,14.004914832237343
viterbi_fitted_model,S-A7,30.0,1350.088,25.979868263150397,-27.374607110576804,27.374607110576804
viterbi_fitted_model,S-A7,30.0,1380.088,11.953391416441233,11.624072300550122,11.624072300550122
viterbi_fitted_model,S-A7,30.0,1410.088,106.68492763298084,-113.18119625426459,113.18119625426459
viterbi_fitted_model,S-A7,30.0,1440.088,34.17551451371739,-36.202465079811944,36.202465079811944
viterbi_fitted_model,S-A7,30.0,1470.088,76.67641620654811,-83.03741500476187,83.03741500476187
viterbi_fitted_model,S-A7,30.0,1500.088,114.78303379989117,111.0575549738551,111.0575549738551
viterbi_fitted_model,S-A7,30.0,1530.088,107.06695435945726,106.69657045400628,106.69657045400628
viterbi_fitted_model,S-A7,30.0,1560.088,132.60861280433122,132.01564964476623,132.01564964476623
viterbi_fitted_model,S-A7,30.0,1590.088,40.47966822409736,39.84593856188987,39.84593856188987
viterbi_fitted_model,S-A7,30.0,1620.088,125.48870939554769,124.88614664025042,124.88614664025042
viterbi_fitted_model,S-A7,30.0,1650.088,132.58495891518265,131.68232486600525,131.68232486600525
viterbi_fitted_model,S-A7,30.0,1680.088,26.250485071391772,25.96318124571853,25.96318124571853
viterbi_fitted_model,S-A7,30.0,1710.088,46.791615392805554,46.66594474618084,46.66594474618084
viterbi_fitted_model,S-A7,30.0,1740.088,152.5382837278058,152.3575379621812,152.3575379621812
viterbi_fitted_model,S-A7,30.0,1770.088,63.70898851527092,63.35272162573486,63.35272162573486
viterbi_fitted_model,S-A7,30.0,1800.088,8.021432037311143,-11.135113066298405,11.135113066298405
viterbi_fitted_model,S-A7,30.0,1830.088,82.14320200695468,-84.59430743998523,84.59430743998523
viterbi_fitted_model,S-A7,30.0,1860.088,135.31091754975884,-137.0843793540559,137.0843793540559
viterbi_fitted_model,S-A7,30.0,1890.088,333.7050569268937,-336.7953619777696,336.7953619777696
viterbi_fitted_model,S-A7,30.0,1920.088,148.67765782652074,-153.2685263442861,153.2685263442861
viterbi_fitted_model,S-A7,30.0,1950.088,210.63520497017544,-211.49770490100406,211.49770490100406
viterbi_fitted_model,S-A7,30.0,1980.088,29.047865599425865,27.353967488725605,27.353967488725605
viterbi_fitted_model,S-A7,30.0,2010.088,165.75195419851005,165.13982743836877,165.13982743836877
viterbi_fitted_model,S-A7,30.0,2040.088,97.25527637732138,-97.90982481954626,97.90982481954626
viterbi_fitted_model,S-A7,30.0,2070.0879999999997,157.62839130341732,157.44899293991355,157.44899293991355
viterbi_fitted_model,S-A7,30.0,2100.0879999999997,51.340184878868406,50.94206384008825,50.94206384008825
viterbi_fitted_model,S-A7,30.0,2130.0879999999997,151.58521137491422,151.48200766514665,151.48200766514665
viterbi_fitted_model,S-A7,30.0,2160.0879999999997,64.25812202007735,-64.53536702460805,64.53536702460805
viterbi_fitted_model,S-A7,30.0,2190.0879999999997,228.85347542830087,-229.73965496355862,229.73965496355862
viterbi_fitted_model,S-A7,30.0,2220.0879999999997,81.17449898649885,79.67646678660736,79.67646678660736
viterbi_fitted_model,S-A7,30.0,2250.0879999999997,37.20998337773451,34.82207662855703,34.82207662855703
viterbi_fitted_model,S-A7,30.0,2280.0879999999997,100.34405231904879,99.64287857568888,99.64287857568888
viterbi_fitted_model,S-A7,30.0,2310.0879999999997,98.42581041565342,98.0463031191092,98.0463031191092
viterbi_fitted_model,S-A7,30.0,2340.0879999999997,49.45158287516721,48.892392387764936,48.892392387764936
viterbi_fitted_model,S-A7,30.0,2370.0879999999997,72.42813755662365,-72.53184580288669,72.53184580288669
viterbi_fitted_model,S-A7,30.0,2400.0879999999997,36.75382828406526,-36.585513004275114,36.585513004275114
viterbi_fitted_model,S-A7,30.0,2430.0879999999997,38.234214328648015,-38.29588005378213,38.29588005378213
viterbi_fitted_model,S-A7,30.0,2460.0879999999997,18.79541450569971,18.412353263419277,18.412353263419277
viterbi_fitted_model,S-A7,30.0,2490.0879999999997,107.87595905995977,107.91469865230958,107.91469865230958
viterbi_fitted_model,S-A7,30.0,2520.0879999999997,104.35916734012606,103.97661939097291,103.97661939097291
viterbi_fitted_model,S-A7,30.0,2550.0879999999997,108.0043178422046,107.90658231979022,107.90658231979022
viterbi_fitted_model,S-A7,30.0,2580.0879999999997,74.82642250607145,74.81059154352232,74.81059154352232
viterbi_fitted_model,S-A7,30.0,2610.0879999999997,99.66623353667798,99.65089259263787,99.65089259263787
viterbi_fitted_model,S-A7,30.0,2640.0879999999997,136.90654134672192,137.1496617919926,137.1496617919926
viterbi_fitted_model,S-A7,30.0,2670.0879999999997,99.34798217661243,98.86333083607624,98.86333083607624
viterbi_fitted_model,S-A7,30.0,2700.0879999999997,232.62799634014172,232.5473586120337,232.5473586120337
viterbi_fitted_model,S-A7,30.0,2730.0879999999997,110.14707483090494,110.37027401794927,110.37027401794927
viterbi_fitted_model,S-A7,30.0,2760.0879999999997,76.58479293683844,77.60947489290821,77.60947489290821
viterbi_fitted_model,S-A7,30.0,2790.0879999999997,94.3378875660856,-94.69437097473832,94.69437097473832
viterbi_fitted_model,S-A7,30.0,2820.0879999999997,10.244688190481495,6.332741129130699,6.332741129130699
viterbi_fitted_model,S-A7,30.0,2850.0879999999997,93.70546469098488,-93.92043563292862,93.92043563292862
viterbi_fitted_model,S-A7,30.0,2880.0879999999997,121.95746249477627,-123.15923724007484,123.15923724007484
viterbi_fitted_model,S-A7,30.0,2910.0879999999997,8.959221560570557,6.620697085630333,6.620697085630333
viterbi_fitted_model,S-A7,30.0,2940.0879999999997,139.70780688392,-141.6677333277249,141.6677333277249
viterbi_fitted_model,S-A7,30.0,2970.0879999999997,94.39475707651914,-97.25868220237469,97.25868220237469
viterbi_fitted_model,S-A7,30.0,3000.0879999999997,20.31062857615584,-21.881822155085295,21.881822155085295
viterbi_fitted_model,S-A7,30.0,3030.0879999999997,113.22486827158112,112.45415000074605,112.45415000074605
viterbi_fitted_model,S-A7,30.0,3060.0879999999997,16.023925559009616,14.640797438511548,14.640797438511548
viterbi_fitted_model,S-A7,30.0,3090.0879999999997,114.33774091414104,-115.71501499768011,115.71501499768011
viterbi_fitted_model,S-A7,30.0,3120.0879999999997,244.92642064152338,-246.12178516288645,246.12178516288645
viterbi_fitted_model,S-A7,30.0,3150.0879999999997,171.11619244766234,-172.14919279631732,172.14919279631732
viterbi_fitted_model,S-A7,30.0,3180.0879999999997,163.5976997524098,-165.38308473912053,165.38308473912053
viterbi_fitted_model,S-A7,30.0,3210.0879999999997,115.15963843268669,109.61107986277105,109.61107986277105
viterbi_fitted_model,S-A7,30.0,3240.0879999999997,173.7890422645678,169.9659389790643,169.9659389790643
viterbi_fitted_model,S-A7,30.0,3270.0879999999997,87.35004168101383,-86.3251442263585,86.3251442263585
viterbi_fitted_model,S-A7,30.0,3300.0879999999997,41.67459112008209,41.26933257777385,41.26933257777385
viterbi_fitted_model,S-A7,30.0,3330.0879999999997,120.66830041107465,119.58152475344673,119.58152475344673
viterbi_fitted_model,S-A7,30.0,3360.0879999999997,154.02356272858745,-154.35684171028507,154.35684171028507
viterbi_fitted_model,S-A7,30.0,3390.0879999999997,35.68650970521793,34.49186876235087,34.49186876235087
viterbi_fitted_model,S-A7,30.0,3420.0879999999997,51.84999128682945,51.54856809526487,51.54856809526487
viterbi_fitted_model,S-A7,30.0,3450.0879999999997,7.764121275954725,-2.3070872349047775,2.3070872349047775
viterbi_fitted_model,S-A7,30.0,3480.0879999999997,123.1303948056009,121.54846668233007,121.54846668233007
viterbi_fitted_model,S-A7,30.0,3510.0879999999997,13.59326819624015,12.242967219118636,12.242967219118636
viterbi_fitted_model,S-A7,30.0,3540.0879999999997,183.47652917156574,-185.38863858533452,185.38863858533452
viterbi_fitted_model,S-A7,30.0,3570.0879999999997,258.4919946589252,-259.87725101089666,259.87725101089666
viterbi_fitted_model,S-A7,30.0,3600.0879999999997,394.40102527377496,-399.4304417000639,399.4304417000639
viterbi_fitted_model,S-A7,30.0,3630.0879999999997,44.77093723031572,44.17688391388404,44.17688391388404
viterbi_fitted_model,S-A7,30.0,3660.0879999999997,87.22907130164283,85.79300635463005,85.79300635463005
viterbi_fitted_model,S-A7,30.0,3690.0879999999997,23.082142647781932,-23.39301158809634,23.39301158809634
viterbi_fitted_model,S-A7,30.0,3720.0879999999997,76.74933659783984,-77.71645565538992,77.71645565538992
viterbi_fitted_model,S-A7,30.0,3750.0879999999997,160.54688066138254,-159.02930150153298,159.02930150153298
viterbi_fitted_model,S-A7,30.0,3780.0879999999997,9.958535964821154,8.508425522763673,8.508425522763673
viterbi_fitted_model,S-A7,30.0,3810.0879999999997,34.279712622447384,-34.35496432556154,34.35496432556154
viterbi_fitted_model,S-A7,30.0,3840.0879999999997,14.03890699046448,9.00121992026936,9.00121992026936
viterbi_fitted_model,S-A7,30.0,3870.0879999999997,98.61049287542932,97.96849382790695,97.96849382790695
viterbi_fitted_model,S-A7,30.0,3900.0879999999997,71.67953198910769,68.60071327726575,68.60071327726575
viterbi_fitted_model,S-A7,30.0,3930.0879999999997,70.23253344883763,68.06619143069797,68.06619143069797
viterbi_fitted_model,S-A7,30.0,3960.0879999999997,147.3402150056337,146.6535259531395,146.6535259531395
viterbi_fitted_model,S-A7,30.0,3990.0879999999997,124.7182944195457,121.26184778907556,121.26184778907556
viterbi_fitted_model,S-A7,30.0,4020.0879999999997,86.26111951865052,71.62727916660052,71.62727916660052
viterbi_fitted_model,S-A7,30.0,4050.0879999999997,250.71129155823846,-248.9168908926831,248.9168908926831
viterbi_fitted_model,S-A7,30.0,4080.0879999999997,22.37128223253724,22.17973447252604,22.17973447252604
viterbi_fitted_model,S-A7,30.0,4110.088,113.56238738268151,113.32199982539149,113.32199982539149
viterbi_fitted_model,S-A7,30.0,4140.088,192.3124658888191,192.10819789706548,192.10819789706548
viterbi_fitted_model,S-A7,30.0,4170.088,34.72235217041071,31.898047092638965,31.898047092638965
viterbi_fitted_model,S-A7,30.0,4200.088,36.655310203020655,-37.06531411142949,37.06531411142949
viterbi_fitted_model,S-A7,30.0,4230.088,3.7626687189166197,-4.0293281716477445,4.0293281716477445
viterbi_fitted_model,S-A7,30.0,4260.088,101.0313278408876,89.19861001684927,89.19861001684927
viterbi_fitted_model,S-A7,30.0,4290.088,172.6733386951535,129.2214845369206,129.2214845369206
viterbi_fitted_model,S-A7,60.0,60.088,280.6614253661472,199.4767991509149,199.4767991509149
viterbi_fitted_model,S-A7,60.0,120.088,423.944333629841,446.8786392245601,446.8786392245601
viterbi_fitted_model,S-A7,60.0,180.088,1162.5912264082917,1181.4579926520203,1181.4579926520203
viterbi_fitted_model,S-A7,60.0,240.088,337.95254055469223,140.53358811739676,140.53358811739676
viterbi_fitted_model,S-A7,60.0,300.08799999999997,314.9454463188246,311.99337641897347,311.99337641897347
viterbi_fitted_model,S-A7,60.0,360.08799999999997,244.38386903288696,241.0576597360279,241.0576597360279
viterbi_fitted_model,S-A7,60.0,420.08799999999997,152.51828836241478,150.1671134509214,150.1671134509214
viterbi_fitted_model,S-A7,60.0,480.08799999999997,142.00074258670813,140.21314927162751,140.21314927162751
viterbi_fitted_model,S-A7,60.0,540.088,250.76904790047044,247.66776213514717,247.66776213514717
viterbi_fitted_model,S-A7,60.0,600.088,161.40154444861284,151.50443519239138,151.50443519239138
viterbi_fitted_model,S-A7,60.0,660.088,64.10952503516653,-77.58123106598171,77.58123106598171
viterbi_fitted_model,S-A7,60.0,720.088,480.1293615105288,478.99174982159326,478.99174982159326
viterbi_fitted_model,S-A7,60.0,780.088,535.9676259448355,532.7508731423543,532.7508731423543
viterbi_fitted_model,S-A7,60.0,840.088,217.82825924269713,211.92025686910736,211.92025686910736
viterbi_fitted_model,S-A7,60.0,900.088,338.35488455648533,334.67070778173013,334.67070778173013
viterbi_fitted_model,S-A7,60.0,960.088,344.45410448270746,338.72565197161384,338.72565197161384
viterbi_fitted_model,S-A7,60.0,1020.088,344.21637703878014,337.7183670987017,337.7183670987017
viterbi_fitted_model,S-A7,60.0,1080.088,203.13527063840843,199.4484934896982,199.4484934896982
viterbi_fitted_model,S-A7,60.0,1140.088,45.92294618714762,44.79591829452908,44.79591829452908
viterbi_fitted_model,S-A7,60.0,1200.088,182.42292513151529,181.40710076404577,181.40710076404577
viterbi_fitted_model,S-A7,60.0,1260.088,11.58740430833088,3.489581755155161,3.489581755155161
viterbi_fitted_model,S-A7,60.0,1320.088,10.619288217126181,-13.368369425952352,13.368369425952352
viterbi_fitted_model,S-A7,60.0,1380.088,96.03109519622335,-101.58023126570482,101.58023126570482
viterbi_fitted_model,S-A7,60.0,1440.088,110.73773163089682,-119.24298850166257,119.24298850166257
viterbi_fitted_model,S-A7,60.0,1500.088,221.64038092520263,217.75401777271864,217.75401777271864
viterbi_fitted_model,S-A7,60.0,1560.088,173.07998602505955,171.86172179994466,171.86172179994466
viterbi_fitted_model,S-A7,60.0,1620.088,258.0044367293701,256.5676505490306,256.5676505490306
viterbi_fitted_model,S-A7,60.0,1680.088,72.93232368214322,72.62900259886617,72.62900259886617
viterbi_fitted_model,S-A7,60.0,1740.088,216.13270553165358,215.70926630764728,215.70926630764728
viterbi_fitted_model,S-A7,60.0,1800.088,90.10861398881109,-95.72149400012617,95.72149400012617
viterbi_fitted_model,S-A7,60.0,1860.088,470.63845463432006,-473.87155529878873,473.87155529878873
viterbi_fitted_model,S-A7,60.0,1920.088,355.99182543082895,-364.7450464704024,364.7450464704024
viterbi_fitted_model,S-A7,60.0,1980.088,194.7677649030921,192.49392798046924,192.49392798046924
viterbi_fitted_model,S-A7,60.0,2040.088,60.14133626797162,59.53069080145585,59.53069080145585
viterbi_fitted_model,S-A7,60.0,2100.0879999999997,202.85605656493982,202.42434696857813,202.42434696857813
viterbi_fitted_model,S-A7,60.0,2160.0879999999997,292.85200045151,-294.2627006097339,294.2627006097339
viterbi_fitted_model,S-A7,60.0,2220.0879999999997,118.07416978498529,114.5035514126601,114.5035514126601
viterbi_fitted_model,S-A7,60.0,2280.0879999999997,199.00819880637007,197.68973935515933,197.68973935515933
viterbi_fitted_model,S-A7,60.0,2340.0879999999997,23.93980942151433,-23.640292332240275,23.640292332240275
viterbi_fitted_model,S-A7,60.0,2400.0879999999997,75.3243964678798,-74.88371795663659,74.88371795663659
viterbi_fitted_model,S-A7,60.0,2460.0879999999997,126.72733815119172,126.32480074754767,126.32480074754767
viterbi_fitted_model,S-A7,60.0,2520.0879999999997,212.32283987267317,211.88807602515814,211.88807602515814
viterbi_fitted_model,S-A7,60.0,2580.0879999999997,174.38935034248246,174.46006677032403,174.46006677032403
viterbi_fitted_model,S-A7,60.0,2640.0879999999997,236.00461076647838,236.01944945048285,236.01944945048285
viterbi_fitted_model,S-A7,60.0,2700.0879999999997,342.89585667661385,342.9166949792708,342.9166949792708
viterbi_fitted_model,S-A7,60.0,2760.0879999999997,20.154358840251817,-17.080166410271794,17.080166410271794
viterbi_fitted_model,S-A7,60.0,2820.0879999999997,84.05199852637115,-87.59872623300394,87.59872623300394
viterbi_fitted_model,S-A7,60.0,2880.0879999999997,111.18445101604303,-116.54069405305668,116.54069405305668
viterbi_fitted_model,S-A7,60.0,2940.0879999999997,236.19163005517473,-238.92339384834588,238.92339384834588
viterbi_fitted_model,S-A7,60.0,3000.0879999999997,92.85850634016028,90.56901868254232,90.56901868254232
viterbi_fitted_model,S-A7,60.0,3060.0879999999997,101.08562804221621,-101.0725040483255,101.0725040483255
viterbi_fitted_model,S-A7,60.0,3120.0879999999997,417.09242061776814,-418.25045042154795,418.25045042154795
viterbi_fitted_model,S-A7,60.0,3180.0879999999997,48.76649266982828,-55.779040738083644,55.779040738083644
viterbi_fitted_model,S-A7,60.0,3240.0879999999997,88.48282896911375,83.62662814914997,83.62662814914997
viterbi_fitted_model,S-A7,60.0,3300.0879999999997,162.16186682608594,160.85136678785963,160.85136678785963
viterbi_fitted_model,S-A7,60.0,3360.0879999999997,118.22467630792039,-119.8662402874366,119.8662402874366
viterbi_fitted_model,S-A7,60.0,3420.0879999999997,51.13761538985408,49.241928386070555,49.241928386070555
viterbi_fitted_model,S-A7,60.0,3480.0879999999997,134.37506363596367,133.78213366516235,133.78213366516235
viterbi_fitted_model,S-A7,60.0,3540.0879999999997,438.9371865820054,-445.2573238639038,445.2573238639038
viterbi_fitted_model,S-A7,60.0,3600.0879999999997,351.2301229219559,-355.3057788599476,355.3057788599476
viterbi_fitted_model,S-A7,60.0,3660.0879999999997,66.74335954020405,62.404116505431524,62.404116505431524
viterbi_fitted_model,S-A7,60.0,3720.0879999999997,233.04590334303282,-236.7426603294555,236.7426603294555
viterbi_fitted_model,S-A7,60.0,3780.0879999999997,25.84385291200345,-25.84928908627146,25.84928908627146
viterbi_fitted_model,S-A7,60.0,3840.0879999999997,109.0816967325858,106.96600358462608,106.96600358462608
viterbi_fitted_model,S-A7,60.0,3900.0879999999997,140.86156670906774,136.66724651215563,136.66724651215563
viterbi_fitted_model,S-A7,60.0,3960.0879999999997,270.85064162593335,267.9140334473525,267.9140334473525
viterbi_fitted_model,S-A7,60.0,4020.0879999999997,160.7554179467292,-177.28678248695186,177.28678248695186
viterbi_fitted_model,S-A7,60.0,4080.0879999999997,136.15557798449848,135.494443702089,135.494443702089
viterbi_fitted_model,S-A7,60.0,4140.088,226.85619826926452,224.02203800610204,224.02203800610204
viterbi_fitted_model,S-A7,60.0,4200.088,40.675988951437475,-41.07869027196182,41.07869027196182
viterbi_fitted_model,S-A7,60.0,4260.088,273.9557342115862,218.41993966571363,218.41993966571363
viterbi_base_model,S-A8,10.0,90.041,71.06566931684142,72.82554058135517,72.82554058135517
viterbi_base_model,S-A8,10.0,100.041,13.065676549631283,12.039984313650677,12.039984313650677
viterbi_base_model,S-A8,10.0,110.041,32.23385840166107,-33.33152220666872,33.33152220666872
viterbi_base_model,S-A8,10.0,120.041,26.91154220085501,-27.69378966237761,27.69378966237761
viterbi_base_model,S-A8,10.0,130.041,45.65635500997065,44.77879612480557,44.77879612480557
viterbi_base_model,S-A8,10.0,140.041,25.960950567918506,22.179267877244264,22.179267877244264
viterbi_base_model,S-A8,10.0,150.041,89.63117399093275,89.15902043871948,89.15902043871948
viterbi_base_model,S-A8,10.0,160.041,81.80104592926799,81.75161515628486,81.75161515628486
viterbi_base_model,S-A8,10.0,170.041,53.74967317951409,53.272346773785664,53.272346773785664
viterbi_base_model,S-A8,10.0,180.041,44.75180703117381,-44.83074059732783,44.83074059732783
viterbi_base_model,S-A8,10.0,190.041,26.179821317664118,-25.495961645580902,25.495961645580902
viterbi_base_model,S-A8,10.0,200.041,7.481087693408346,0.33745994920692013,0.33745994920692013
viterbi_base_model,S-A8,10.0,210.041,64.76661839011693,-63.054410943468795,63.054410943468795
viterbi_base_model,S-A8,10.0,220.041,62.52862305001852,60.84228856536295,60.84228856536295
viterbi_base_model,S-A8,10.0,230.041,5.849822578068607,-5.587593186652445,5.587593186652445
viterbi_base_model,S-A8,10.0,240.041,59.27490465398027,59.30083186066216,59.30083186066216
viterbi_base_model,S-A8,10.0,250.041,77.71793058648517,77.68712958435417,77.68712958435417
viterbi_base_model,S-A8,10.0,260.041,33.078166697078565,32.872440086361976,32.872440086361976
viterbi_base_model,S-A8,10.0,270.041,52.49521622351278,52.462359685670435,52.462359685670435
viterbi_base_model,S-A8,10.0,280.041,70.9547112733045,70.89587918791828,70.89587918791828
viterbi_base_model,S-A8,10.0,290.041,60.91161063796171,60.61120581134837,60.61120581134837
viterbi_base_model,S-A8,10.0,300.041,22.23630232566315,20.86389298132441,20.86389298132441
viterbi_base_model,S-A8,10.0,310.041,44.40765081773798,44.43629761033357,44.43629761033357
viterbi_base_model,S-A8,10.0,320.041,64.4838122841281,64.47197249788687,64.47197249788687
viterbi_base_model,S-A8,10.0,330.041,33.61830077193095,33.56569383437365,33.56569383437365
viterbi_base_model,S-A8,10.0,340.041,37.02881530883062,36.98607605823449,36.98607605823449
viterbi_base_model,S-A8,10.0,350.041,58.516339787021884,58.44272170933607,58.44272170933607
viterbi_base_model,S-A8,10.0,360.041,41.852028550844956,-41.86266770394917,41.86266770394917
viterbi_base_model,S-A8,10.0,370.041,32.68552876233979,32.47611730037869,32.47611730037869
viterbi_base_model,S-A8,10.0,380.041,16.835900617870493,15.779345535500102,15.779345535500102
viterbi_base_model,S-A8,10.0,390.041,47.142030017059746,46.74957112460183,46.74957112460183
viterbi_base_model,S-A8,10.0,400.041,65.18451265834155,-65.80043044151252,65.80043044151252
viterbi_base_model,S-A8,10.0,410.041,24.888629532674347,-25.677816319275916,25.677816319275916
viterbi_base_model,S-A8,10.0,420.041,15.884092610835935,8.253473928496934,8.253473928496934
viterbi_base_model,S-A8,10.0,430.041,15.511738994634227,-15.13599177826443,15.13599177826443
viterbi_base_model,S-A8,10.0,440.041,5.762092794894839,-5.715626325387952,5.715626325387952
viterbi_base_model,S-A8,10.0,450.041,56.101646136435214,-56.77335522370646,56.77335522370646
viterbi_base_model,S-A8,10.0,460.041,13.551763321540447,-13.724240860719231,13.724240860719231
viterbi_base_model,S-A8,10.0,470.041,47.581602361205945,46.58080654486226,46.58080654486226
viterbi_base_model,S-A8,10.0,480.041,11.61120615819598,11.59247645865607,11.59247645865607
viterbi_base_model,S-A8,10.0,490.041,34.37970535665404,-34.366017282077095,34.366017282077095
viterbi_base_model,S-A8,10.0,500.041,63.630875804652725,-64.10268087268526,64.10268087268526
viterbi_base_model,S-A8,10.0,510.041,39.709018642520434,-38.61282009907994,38.61282009907994
viterbi_base_model,S-A8,10.0,520.0409999999999,21.53033455491425,21.298904473277638,21.298904473277638
viterbi_base_model,S-A8,10.0,530.0409999999999,7.0729287017274265,5.122377909051643,5.122377909051643
viterbi_base_model,S-A8,10.0,540.0409999999999,20.46540555987665,20.248968772809345,20.248968772809345
viterbi_base_model,S-A8,10.0,550.0409999999999,32.39419054199662,32.20931275452343,32.20931275452343
viterbi_base_model,S-A8,10.0,560.0409999999999,96.13273196734508,96.09937679666763,96.09937679666763
viterbi_base_model,S-A8,10.0,570.0409999999999,92.7637730231718,92.41592031544498,92.41592031544498
viterbi_base_model,S-A8,10.0,580.0409999999999,65.55845175037848,65.34286935372296,65.34286935372296
viterbi_base_model,S-A8,10.0,590.0409999999999,54.43031642597459,53.96604362444665,53.96604362444665
viterbi_base_model,S-A8,10.0,600.0409999999999,68.00246343862042,67.88762081698107,67.88762081698107
viterbi_base_model,S-A8,10.0,610.0409999999999,17.64798568052054,-17.983850699105695,17.983850699105695
viterbi_base_model,S-A8,10.0,620.0409999999999,33.27213382070246,-33.48568587817147,33.48568587817147
viterbi_base_model,S-A8,10.0,630.0409999999999,54.05148627295653,-54.37962068977822,54.37962068977822
viterbi_base_model,S-A8,10.0,640.0409999999999,53.178825676530415,-53.34677301244504,53.34677301244504
viterbi_base_model,S-A8,10.0,650.0409999999999,44.70597609706952,-44.49053450197735,44.49053450197735
viterbi_base_model,S-A8,10.0,660.0409999999999,89.96248890616724,-89.95158371876329,89.95158371876329
viterbi_base_model,S-A8,10.0,670.0409999999999,3.009875380424693,-0.09642131749420457,0.09642131749420457
viterbi_base_model,S-A8,10.0,680.0409999999999,44.608879798463654,44.35953709141526,44.35953709141526
viterbi_base_model,S-A8,10.0,690.0409999999999,20.088525467150102,20.04842840661764,20.04842840661764
viterbi_base_model,S-A8,10.0,700.0409999999999,16.012206830780773,-15.831710537246376,15.831710537246376
viterbi_base_model,S-A8,10.0,710.0409999999999,28.079035398688855,28.052183357685355,28.052183357685355
viterbi_base_model,S-A8,10.0,720.0409999999999,7.940056855929597,7.841776840238076,7.841776840238076
viterbi_base_model,S-A8,10.0,730.0409999999999,34.1780597112858,33.39710088178735,33.39710088178735
viterbi_base_model,S-A8,10.0,740.0409999999999,20.228865722784178,-20.302942469918055,20.302942469918055
viterbi_base_model,S-A8,10.0,750.0409999999999,18.352225319152748,-18.384669215256114,18.384669215256114
viterbi_base_model,S-A8,10.0,760.0409999999999,55.22438892500493,-55.28190835721273,55.28190835721273
viterbi_base_model,S-A8,10.0,770.0409999999999,1.81933607072003,0.37687416176905586,0.37687416176905586
viterbi_base_model,S-A8,10.0,780.0409999999999,3.5862691224228262,-3.6148950362134755,3.6148950362134755
viterbi_base_model,S-A8,10.0,790.0409999999999,30.768191519405214,30.62606262649465,30.62606262649465
viterbi_base_model,S-A8,10.0,800.0409999999999,64.95621851270383,64.70695195786087,64.70695195786087
viterbi_base_model,S-A8,10.0,810.0409999999999,66.14398354187274,66.0604829310133,66.0604829310133
viterbi_base_model,S-A8,10.0,820.0409999999999,38.11872016657039,37.9739537604037,37.9739537604037
viterbi_base_model,S-A8,10.0,830.0409999999999,31.57583792911876,31.485319225717618,31.485319225717618
viterbi_base_model,S-A8,10.0,840.0409999999999,24.233601497025155,23.187253330271936,23.187253330271936
viterbi_base_model,S-A8,10.0,850.0409999999999,11.015478274490574,-11.089039656176812,11.089039656176812
viterbi_base_model,S-A8,10.0,860.0409999999999,72.98069632092879,-72.80640733202277,72.80640733202277
viterbi_base_model,S-A8,10.0,870.0409999999999,15.761863621832632,16.000583184319986,16.000583184319986
viterbi_base_model,S-A8,10.0,880.0409999999999,3.942347633318036,-3.5907892025388968,3.5907892025388968
viterbi_base_model,S-A8,10.0,890.0409999999999,24.85814771835762,24.750709152404678,24.750709152404678
viterbi_base_model,S-A8,10.0,900.0409999999999,83.37427117776184,-83.34754561405038,83.34754561405038
viterbi_base_model,S-A8,10.0,910.0409999999999,5.635451108189643,-5.6889334468203,5.6889334468203
viterbi_base_model,S-A8,10.0,920.0409999999999,51.02914510811781,50.90163014945689,50.90163014945689
viterbi_base_model,S-A8,10.0,930.0409999999999,32.06492136852097,31.945415936126825,31.945415936126825
viterbi_base_model,S-A8,10.0,940.0409999999999,13.651285674589026,-13.571731307332996,13.571731307332996
viterbi_base_model,S-A8,10.0,950.0409999999999,1.9462307886151833,-2.071521652504213,2.071521652504213
viterbi_base_model,S-A8,10.0,960.0409999999999,14.128744646184163,14.06604219868995,14.06604219868995
viterbi_base_model,S-A8,10.0,970.0409999999999,89.34038195898046,-89.04614412315823,89.04614412315823
viterbi_base_model,S-A8,10.0,980.0409999999999,19.921336038506716,19.47678768906981,19.47678768906981
viterbi_base_model,S-A8,10.0,990.0409999999999,42.73746430628911,42.631623972835335,42.631623972835335
viterbi_base_model,S-A8,10.0,1000.0409999999999,73.66623650280748,73.58491742983995,73.58491742983995
viterbi_base_model,S-A8,10.0,1010.0409999999999,56.75502111644886,56.583391364806374,56.583391364806374
viterbi_base_model,S-A8,10.0,1020.0409999999999,59.67806361842928,59.541069291025515,59.541069291025515
viterbi_base_model,S-A8,10.0,1030.041,53.79277745056898,53.7347455995086,53.7347455995086
viterbi_base_model,S-A8,10.0,1040.041,52.3754172266192,52.33977101413626,52.33977101413626
viterbi_base_model,S-A8,10.0,1050.041,49.899887715138036,49.6747887889517,49.6747887889517
viterbi_base_model,S-A8,10.0,1060.041,26.00029866091862,25.900122597669295,25.900122597669295
viterbi_base_model,S-A8,10.0,1070.041,33.20832470550985,33.14018115653574,33.14018115653574
viterbi_base_model,S-A8,10.0,1080.041,12.377273822898188,12.288250635907108,12.288250635907108
viterbi_base_model,S-A8,10.0,1090.041,34.85069139760492,34.72744129350314,34.72744129350314
viterbi_base_model,S-A8,10.0,1100.041,13.526670079487019,-13.795839958681356,13.795839958681356
viterbi_base_model,S-A8,10.0,1110.041,14.635126241489697,14.413017928486376,14.413017928486376
viterbi_base_model,S-A8,10.0,1120.041,55.29530508320332,-55.40119294236108,55.40119294236108
viterbi_base_model,S-A8,10.0,1130.041,2.903886152720583,2.7795396348489874,2.7795396348489874
viterbi_base_model,S-A8,10.0,1140.041,14.60728035287467,-14.41899096451947,14.41899096451947
viterbi_base_model,S-A8,10.0,1150.041,33.01477290057567,-33.07156166554549,33.07156166554549
viterbi_base_model,S-A8,10.0,1160.041,62.765062267576575,62.60772722445198,62.60772722445198
viterbi_base_model,S-A8,10.0,1170.041,50.1123541733162,50.139680727213715,50.139680727213715
viterbi_base_model,S-A8,10.0,1180.041,0.9662488087496629,0.6105227957714945,0.6105227957714945
viterbi_base_model,S-A8,10.0,1190.041,5.5752995964614955,-5.88437145732405,5.88437145732405
viterbi_base_model,S-A8,10.0,1200.041,17.039536101943263,16.77424581512855,16.77424581512855
viterbi_base_model,S-A8,10.0,1210.041,24.54281455511906,24.16437623150936,24.16437623150936
viterbi_base_model,S-A8,10.0,1220.041,6.793594363772469,-1.1213667981956412,1.1213667981956412
viterbi_base_model,S-A8,10.0,1230.041,64.67589580352632,-63.21747619000272,63.21747619000272
viterbi_base_model,S-A8,10.0,1240.041,43.158409206026235,43.06246822263388,43.06246822263388
viterbi_base_model,S-A8,10.0,1250.041,35.24641407859596,35.20248286790759,35.20248286790759
viterbi_base_model,S-A8,10.0,1260.041,9.833103893256284,9.68490491997892,9.68490491997892
viterbi_base_model,S-A8,10.0,1270.041,40.10779285248117,-39.85322837333645,39.85322837333645
viterbi_base_model,S-A8,10.0,1280.041,2.8410444375577613,2.6985009906950914,2.6985009906950914
viterbi_base_model,S-A8,10.0,1290.041,78.17587637196381,-78.4620531808986,78.4620531808986
viterbi_base_model,S-A8,10.0,1300.041,22.652929502446582,21.732128491665875,21.732128491665875
viterbi_base_model,S-A8,10.0,1310.041,8.409482572518305,-7.3662911044289245,7.3662911044289245
viterbi_base_model,S-A8,10.0,1320.041,35.74422625776006,34.784425818344,34.784425818344
viterbi_base_model,S-A8,10.0,1330.041,1.6917944807846657,0.9673024522123725,0.9673024522123725
viterbi_base_model,S-A8,10.0,1340.041,8.869799978276454,8.44799657765876,8.44799657765876
viterbi_base_model,S-A8,10.0,1350.041,10.138160840606025,8.531658828786718,8.531658828786718
viterbi_base_model,S-A8,10.0,1360.041,15.137873963789067,-15.13737632100754,15.13737632100754
viterbi_base_model,S-A8,10.0,1370.041,26.079967852949707,-26.32174635905121,26.32174635905121
viterbi_base_model,S-A8,10.0,1380.041,48.64925532307067,48.5261124494353,48.5261124494353
viterbi_base_model,S-A8,10.0,1390.041,6.660594490649428,6.305623133463879,6.305623133463879
viterbi_base_model,S-A8,10.0,1400.041,76.75987452223539,76.72567985575024,76.72567985575024
viterbi_base_model,S-A8,10.0,1410.041,9.513754331108794,9.237127342400775,9.237127342400775
viterbi_base_model,S-A8,10.0,1420.041,15.714465485268056,-15.771200427765805,15.771200427765805
viterbi_base_model,S-A8,10.0,1430.041,111.16558600692947,111.104692019371,111.104692019371
viterbi_base_model,S-A8,10.0,1440.041,18.372217095002235,-18.51663051321982,18.51663051321982
viterbi_base_model,S-A8,10.0,1450.041,13.260115099568639,-13.262990475516347,13.262990475516347
viterbi_base_model,S-A8,10.0,1460.041,15.777319818458295,15.758729550057843,15.758729550057843
viterbi_base_model,S-A8,10.0,1470.041,38.219499743495,-38.26663041422587,38.26663041422587
viterbi_base_model,S-A8,10.0,1480.041,22.792374880199112,22.596006406918942,22.596006406918942
viterbi_base_model,S-A8,10.0,1490.041,4.252567229535711,-3.64789787775225,3.64789787775225
viterbi_base_model,S-A8,10.0,1500.041,15.298426315396096,-14.77741109397504,14.77741109397504
viterbi_base_model,S-A8,10.0,1510.041,34.51802313955812,34.473473738968806,34.473473738968806
viterbi_base_model,S-A8,10.0,1520.041,19.752171867221897,19.68041379400184,19.68041379400184
viterbi_base_model,S-A8,10.0,1530.041,14.523825189917156,-14.45546104969187,14.45546104969187
viterbi_base_model,S-A8,10.0,1540.041,11.604681188929874,11.798249390558535,11.798249390558535
viterbi_base_model,S-A8,10.0,1550.041,35.534862109366586,34.41752812875373,34.41752812875373
viterbi_base_model,S-A8,10.0,1560.041,32.137987105606044,32.15656892492466,32.15656892492466
viterbi_base_model,S-A8,10.0,1570.041,62.57309630497396,62.3820404971181,62.3820404971181
viterbi_base_model,S-A8,10.0,1580.041,60.78030818173611,60.83366739823853,60.83366739823853
viterbi_base_model,S-A8,10.0,1590.041,12.329819854281743,12.220326919477447,12.220326919477447
viterbi_base_model,S-A8,10.0,1600.041,4.3792551149650825,-4.389274925553288,4.389274925553288
viterbi_base_model,S-A8,10.0,1610.041,23.350906751970914,23.334581034743092,23.334581034743092
viterbi_base_model,S-A8,10.0,1620.041,15.843803531352775,15.755674651611105,15.755674651611105
viterbi_base_model,S-A8,10.0,1630.041,91.52144165148643,90.39327761993471,90.39327761993471
viterbi_base_model,S-A8,10.0,1640.041,10.17090992124626,-10.106510622133989,10.106510622133989
viterbi_base_model,S-A8,10.0,1650.041,43.266695910228634,43.263490908057605,43.263490908057605
viterbi_base_model,S-A8,10.0,1660.041,41.57078139079788,41.79101613182331,41.79101613182331
viterbi_base_model,S-A8,10.0,1670.041,26.474433879026684,26.05482513257338,26.05482513257338
viterbi_base_model,S-A8,10.0,1680.041,39.333530176071235,39.42038595822222,39.42038595822222
viterbi_base_model,S-A8,10.0,1690.041,43.86731092314428,43.8562550176662,43.8562550176662
viterbi_base_model,S-A8,10.0,1700.041,72.51912118735964,72.30615417682439,72.30615417682439
viterbi_base_model,S-A8,10.0,1710.041,22.2472003877197,22.14970410845039,22.14970410845039
viterbi_base_model,S-A8,10.0,1720.041,26.761782244813073,26.456900042181882,26.456900042181882
viterbi_base_model,S-A8,10.0,1730.041,34.83547428762494,-34.854827803010124,34.854827803010124
viterbi_base_model,S-A8,10.0,1740.041,14.452858847932486,-13.5561999027212,13.5561999027212
viterbi_base_model,S-A8,10.0,1750.041,27.095689564654688,26.707306602826097,26.707306602826097
viterbi_base_model,S-A8,10.0,1760.041,113.40646304663363,113.41750451530555,113.41750451530555
viterbi_base_model,S-A8,10.0,1770.041,70.72240939202611,70.691084723231,70.691084723231
viterbi_base_model,S-A8,10.0,1780.041,44.10966905017288,44.08543833851441,44.08543833851441
viterbi_base_model,S-A8,10.0,1790.041,47.628611685319655,47.57473998686211,47.57473998686211
viterbi_base_model,S-A8,10.0,1800.041,40.259710640780014,40.196164826286704,40.196164826286704
viterbi_base_model,S-A8,10.0,1810.041,38.69736535654128,38.67744477956208,38.67744477956208
viterbi_base_model,S-A8,10.0,1820.041,65.17754570588794,65.16396986238134,65.16396986238134
viterbi_base_model,S-A8,10.0,1830.041,37.998652108833106,37.94499325930914,37.94499325930914
viterbi_base_model,S-A8,10.0,1840.041,44.164470664113836,44.08275741133622,44.08275741133622
viterbi_base_model,S-A8,10.0,1850.041,27.088937764274522,26.897366630052428,26.897366630052428
viterbi_base_model,S-A8,10.0,1860.041,21.745949656826255,21.714946787118663,21.714946787118663
viterbi_base_model,S-A8,10.0,1870.041,60.62759126748925,60.57823813225576,60.57823813225576
viterbi_base_model,S-A8,10.0,1880.041,28.234082683721002,25.362941490728588,25.362941490728588
viterbi_base_model,S-A8,10.0,1890.041,80.1750983828245,77.9646398447463,77.9646398447463
viterbi_base_model,S-A8,10.0,1900.041,177.32229472179463,176.74957894057505,176.74957894057505
viterbi_base_model,S-A8,10.0,1920.041,33.43575145804848,-31.706599471264916,31.706599471264916
viterbi_base_model,S-A8,10.0,1930.041,22.25666910192373,-21.224572414204737,21.224572414204737
viterbi_base_model,S-A8,10.0,1970.041,55.036788998013165,-53.31628139774299,53.31628139774299
viterbi_base_model,S-A8,10.0,1980.041,76.39580337776385,76.36964953813334,76.36964953813334
viterbi_base_model,S-A8,10.0,1990.041,9.185261849360073,8.979702594729673,8.979702594729673
viterbi_base_model,S-A8,10.0,2000.041,74.14369774005858,73.98523104913974,73.98523104913974
viterbi_base_model,S-A8,10.0,2010.041,44.135377056381515,43.58297734407088,43.58297734407088
viterbi_base_model,S-A8,10.0,2020.041,198.01322015689593,199.56900453167867,199.56900453167867
viterbi_base_model,S-A8,10.0,2040.041,66.108391278555,65.9476602051865,65.9476602051865
viterbi_base_model,S-A8,10.0,2050.041,81.91977950556665,81.67967918388568,81.67967918388568
viterbi_base_model,S-A8,10.0,2060.041,25.07867641268138,25.12923735593767,25.12923735593767
viterbi_base_model,S-A8,10.0,2070.041,55.725855140551054,55.57545680854251,55.57545680854251
viterbi_base_model,S-A8,10.0,2080.041,103.01061445925386,102.71415689378941,102.71415689378941
viterbi_base_model,S-A8,10.0,2090.041,40.61045285106449,41.93649411421769,41.93649411421769
viterbi_base_model,S-A8,10.0,2100.041,122.42523823980336,-122.78781850073945,122.78781850073945
viterbi_base_model,S-A8,10.0,2110.041,70.73161160368238,-70.94566769446023,70.94566769446023
viterbi_base_model,S-A8,10.0,2120.041,39.724412631936076,39.404724477879036,39.404724477879036
viterbi_base_model,S-A8,10.0,2130.041,50.805186023063776,50.72661883210418,50.72661883210418
viterbi_base_model,S-A8,10.0,2140.041,107.91019738217545,107.87799608183522,107.87799608183522
viterbi_base_model,S-A8,10.0,2150.041,155.71495716533514,155.51338644099445,155.51338644099445
viterbi_base_model,S-A8,10.0,2160.041,169.8328946381678,169.37254746824198,169.37254746824198
viterbi_base_model,S-A8,10.0,2180.041,107.26263366605065,107.79610047959878,107.79610047959878
viterbi_base_model,S-A8,10.0,2190.041,19.636105920927072,-19.803227639222257,19.803227639222257
viterbi_base_model,S-A8,10.0,2200.041,35.439876438466555,-35.601131444613515,35.601131444613515
viterbi_base_model,S-A8,10.0,2210.041,42.10940276714535,-41.82400737050564,41.82400737050564
viterbi_base_model,S-A8,10.0,2220.041,27.579806907449544,-27.94839922845022,27.94839922845022
viterbi_base_model,S-A8,10.0,2230.041,75.80498583061579,-75.46723889563788,75.46723889563788
viterbi_base_model,S-A8,10.0,2240.041,62.09799874714317,-62.26469597904183,62.26469597904183
viterbi_base_model,S-A8,10.0,2250.041,30.867466364077487,-31.00711454687498,31.00711454687498
viterbi_base_model,S-A8,10.0,2260.041,20.222618057210553,-20.345060853401396,20.345060853401396
viterbi_base_model,S-A8,10.0,2270.041,84.36594306216912,-85.2999414451962,85.2999414451962
viterbi_base_model,S-A8,10.0,2280.041,24.270103053381657,-24.224817046094753,24.224817046094753
viterbi_base_model,S-A8,10.0,2290.041,73.56508982403273,73.43385997049225,73.43385997049225
viterbi_base_model,S-A8,10.0,2300.041,8.790437390289105,8.737642985653036,8.737642985653036
viterbi_base_model,S-A8,10.0,2310.041,22.048155621264115,22.60242544575112,22.60242544575112
viterbi_base_model,S-A8,10.0,2320.041,87.08595359799537,-87.39312609009653,87.39312609009653
viterbi_base_model,S-A8,10.0,2330.041,127.08097746291041,-127.58691030435587,127.58691030435587
viterbi_base_model,S-A8,10.0,2340.041,43.90783113183694,-43.949080061780805,43.949080061780805
viterbi_base_model,S-A8,10.0,2350.041,85.72171606902184,-85.65249154771271,85.65249154771271
viterbi_base_model,S-A8,10.0,2360.041,21.674273095310934,-21.654027306409795,21.654027306409795
viterbi_base_model,S-A8,10.0,2370.041,149.1756662177313,-149.5584146948994,149.5584146948994
viterbi_base_model,S-A8,10.0,2380.041,23.251127248222538,22.983808977881264,22.983808977881264
viterbi_base_model,S-A8,10.0,2390.041,46.18662257141938,45.90692599755223,45.90692599755223
viterbi_base_model,S-A8,10.0,2400.041,42.23450876988468,42.137889810000694,42.137889810000694
viterbi_base_model,S-A8,10.0,2410.041,40.02449272988656,-40.12235186952288,40.12235186952288
viterbi_base_model,S-A8,10.0,2420.041,20.85738531138272,20.874734827949723,20.874734827949723
viterbi_base_model,S-A8,10.0,2430.041,64.30028672605505,64.12201469932876,64.12201469932876
viterbi_base_model,S-A8,10.0,2440.041,59.026410226421476,-58.755760031335775,58.755760031335775
viterbi_base_model,S-A8,10.0,2450.041,20.72570331988301,20.59116512443203,20.59116512443203
viterbi_base_model,S-A8,10.0,2460.041,46.29342352870022,-46.87217053704263,46.87217053704263
viterbi_base_model,S-A8,10.0,2470.041,80.00146103397843,-81.25813756314409,81.25813756314409
viterbi_base_model,S-A8,10.0,2480.041,97.44629377614422,-98.22028946898953,98.22028946898953
viterbi_base_model,S-A8,10.0,2490.041,95.12184597373717,-96.23999591331285,96.23999591331285
viterbi_base_model,S-A8,10.0,2500.041,39.23677921071222,38.61329880627039,38.61329880627039
viterbi_base_model,S-A8,10.0,2510.041,29.46584088644746,-29.69441713815863,29.69441713815863
viterbi_base_model,S-A8,10.0,2520.041,53.20084480371642,52.41324549005296,52.41324549005296
viterbi_base_model,S-A8,10.0,2530.041,111.50842372692439,111.31676233008702,111.31676233008702
viterbi_base_model,S-A8,10.0,2540.041,101.63317938673801,100.76926468584742,100.76926468584742
viterbi_base_model,S-A8,10.0,2550.041,218.35965736470408,218.3622810961817,218.3622810961817
viterbi_base_model,S-A8,10.0,2560.041,158.24748804172123,158.0734732894884,158.0734732894884
viterbi_base_model,S-A8,10.0,2570.041,12.504287959465131,12.424026242757549,12.424026242757549
viterbi_base_model,S-A8,10.0,2580.041,17.135114688314875,-18.521412830743184,18.521412830743184
viterbi_base_model,S-A8,10.0,2590.041,76.27493199537716,-76.86474267688082,76.86474267688082
viterbi_base_model,S-A8,10.0,2600.041,162.2751301573309,-162.50622094639456,162.50622094639456
viterbi_base_model,S-A8,10.0,2610.041,53.614521125822975,-53.83110753335171,53.83110753335171
viterbi_base_model,S-A8,10.0,2620.041,79.5373288257283,-89.39964711997412,89.39964711997412
viterbi_base_model,S-A8,10.0,2630.041,16.774193455356922,-16.66008857766398,16.66008857766398
viterbi_base_model,S-A8,10.0,2640.041,17.242272696478,17.055174285922785,17.055174285922785
viterbi_base_model,S-A8,10.0,2650.041,33.45614506368138,-35.37838691506765,35.37838691506765
viterbi_base_model,S-A8,10.0,2660.041,12.873508192338157,-13.452481130588602,13.452481130588602
viterbi_base_model,S-A8,10.0,2670.041,25.819892204772287,-26.219888036549023,26.219888036549023
viterbi_base_model,S-A8,10.0,2680.041,58.095145583962044,56.87257361988176,56.87257361988176
viterbi_base_model,S-A8,10.0,2690.041,39.27952891071872,-38.796796772589786,38.796796772589786
viterbi_base_model,S-A8,10.0,2700.041,34.339327351654646,-34.06867933199229,34.06867933199229
viterbi_base_model,S-A8,10.0,2710.041,24.896053195013135,-24.935095725224034,24.935095725224034
viterbi_base_model,S-A8,10.0,2720.041,48.09156103424728,47.07841685811324,47.07841685811324
viterbi_base_model,S-A8,10.0,2730.041,60.100187827317846,-59.44109363468397,59.44109363468397
viterbi_base_model,S-A8,10.0,2740.041,107.28212205371423,-107.51738782692307,107.51738782692307
viterbi_base_model,S-A8,10.0,2750.041,112.79980089300369,-112.93693125319771,112.93693125319771
viterbi_base_model,S-A8,10.0,2760.041,154.1685753296935,-154.11571813623044,154.11571813623044
viterbi_base_model,S-A8,10.0,2770.041,76.76535743316822,-76.20380377276679,76.20380377276679
viterbi_base_model,S-A8,10.0,2780.041,96.02708746928472,-96.12039999468489,96.12039999468489
viterbi_base_model,S-A8,10.0,2790.041,13.40438841061947,13.345114838383726,13.345114838383726
viterbi_base_model,S-A8,10.0,2800.041,28.99536513221901,-29.04479255768426,29.04479255768426
viterbi_base_model,S-A8,10.0,2810.041,62.20779654977578,-62.22814535314667,62.22814535314667
viterbi_base_model,S-A8,10.0,2820.041,32.45507672625085,32.43943370295075,32.43943370295075
viterbi_base_model,S-A8,10.0,2830.041,31.413562030998847,31.94671888099341,31.94671888099341
viterbi_base_model,S-A8,10.0,2840.041,14.365177962556185,-12.365673903727545,12.365673903727545
viterbi_base_model,S-A8,10.0,2850.041,159.24377893917327,-74.48139915597302,74.48139915597302
viterbi_base_model,S-A8,10.0,2860.041,103.32980858819978,-103.50223624946362,103.50223624946362
viterbi_base_model,S-A8,10.0,2870.041,36.294295416387094,36.19986405809303,36.19986405809303
viterbi_base_model,S-A8,10.0,2880.041,71.6487215547777,71.6329707120669,71.6329707120669
viterbi_base_model,S-A8,10.0,2890.041,28.85494659587684,28.82215122662618,28.82215122662618
viterbi_base_model,S-A8,10.0,2900.041,100.97627732864186,116.75130432494834,116.75130432494834
viterbi_base_model,S-A8,10.0,2910.041,100.97047732296294,132.8444611624677,132.8444611624677
viterbi_base_model,S-A8,10.0,2920.041,21.247315254293625,-16.190796639740366,16.190796639740366
viterbi_base_model,S-A8,10.0,2930.041,123.23198230606394,-121.88169681806195,121.88169681806195
viterbi_base_model,S-A8,10.0,2940.041,93.40718187722788,-93.82496248698146,93.82496248698146
viterbi_base_model,S-A8,10.0,2950.041,14.779073099097173,14.474677583827328,14.474677583827328
viterbi_base_model,S-A8,10.0,2960.041,35.78036878208353,35.673668479436074,35.673668479436074
viterbi_base_model,S-A8,10.0,2970.041,69.78278906897718,69.69560464055347,69.69560464055347
viterbi_base_model,S-A8,10.0,2980.041,168.13181841286735,200.36378593196622,200.36378593196622
viterbi_base_model,S-A8,10.0,2990.041,130.19904945924193,136.6165409621388,136.6165409621388
viterbi_base_model,S-A8,10.0,3010.041,61.21583139346624,-60.358244548733694,60.358244548733694
viterbi_base_model,S-A8,10.0,3020.041,64.76639936084477,-64.71962771115952,64.71962771115952
viterbi_base_model,S-A8,10.0,3030.041,34.47093902455243,34.223622611207745,34.223622611207745
viterbi_base_model,S-A8,10.0,3040.041,69.61495605042535,69.42420377748843,69.42420377748843
viterbi_base_model,S-A8,10.0,3050.041,161.92453924315106,237.8790158131789,237.8790158131789
viterbi_base_model,S-A8,10.0,3060.041,305.33402895107264,312.6691316088452,312.6691316088452
viterbi_base_model,S-A8,10.0,3110.041,82.48688634420209,-81.7017150551242,81.7017150551242
viterbi_base_model,S-A8,10.0,3120.041,23.288457091996165,-22.725776386632965,22.725776386632965
viterbi_base_model,S-A8,10.0,3130.041,91.24292441473656,91.21820224210279,91.21820224210279
viterbi_base_model,S-A8,10.0,3140.041,27.89155063539984,27.67026410636552,27.67026410636552
viterbi_base_model,S-A8,10.0,3150.041,92.15960379579369,-92.40178202720712,92.40178202720712
viterbi_base_model,S-A8,10.0,3160.041,61.33175172177116,-61.35577659267645,61.35577659267645
viterbi_base_model,S-A8,10.0,3170.041,25.523336474287948,25.47578141640335,25.47578141640335
viterbi_base_model,S-A8,10.0,3180.041,9.758719634709236,9.653153705276903,9.653153705276903
viterbi_base_model,S-A8,10.0,3190.041,12.384876797072812,-12.31063908539782,12.31063908539782
viterbi_base_model,S-A8,10.0,3200.041,2.535640134435112,-0.3209422178937622,0.3209422178937622
viterbi_base_model,S-A8,10.0,3210.041,37.91110525437815,37.90541027764169,37.90541027764169
viterbi_base_model,S-A8,10.0,3220.041,92.81550978314493,92.27307860748397,92.27307860748397
viterbi_base_model,S-A8,10.0,3230.041,157.76727590318015,158.70006503519798,158.70006503519798
viterbi_base_model,S-A8,10.0,3240.041,9.684296344388136,-4.886315494260396,4.886315494260396
viterbi_base_model,S-A8,10.0,3250.041,109.78704826991957,-51.60136586177782,51.60136586177782
viterbi_base_model,S-A8,10.0,3260.041,43.332155106119295,-43.36761190518085,43.36761190518085
viterbi_base_model,S-A8,10.0,3270.041,50.791124352814904,50.76072532259744,50.76072532259744
viterbi_base_model,S-A8,10.0,3280.041,6.2332201954320485,6.015437352042515,6.015437352042515
viterbi_base_model,S-A8,10.0,3290.041,25.315338040598704,25.28692443495128,25.28692443495128
viterbi_base_model,S-A8,10.0,3300.041,11.381533083031945,-11.43170919745247,11.43170919745247
viterbi_base_model,S-A8,10.0,3310.041,62.638050824804075,-62.38475811708205,62.38475811708205
viterbi_base_model,S-A8,10.0,3320.041,7.465272368286563,-7.0219829552712305,7.0219829552712305
viterbi_base_model,S-A8,10.0,3330.041,48.720684778449346,-49.39324255980297,49.39324255980297
viterbi_base_model,S-A8,10.0,3340.041,57.32135004648111,57.272704489314734,57.272704489314734
viterbi_base_model,S-A8,10.0,3350.041,1.17177152960236,0.26407377710721036,0.26407377710721036
viterbi_base_model,S-A8,10.0,3360.041,5.260125584395288,4.49319972072292,4.49319972072292
viterbi_base_model,S-A8,10.0,3370.041,3.270227730305982,-3.430620465641404,3.430620465641404
viterbi_base_model,S-A8,10.0,3380.041,66.36644772412079,-66.1291475172122,66.1291475172122
viterbi_base_model,S-A8,10.0,3390.041,166.48507962963103,-166.61143592899143,166.61143592899143
viterbi_base_model,S-A8,10.0,3400.041,47.173139477059834,47.05279181484421,47.05279181484421
viterbi_base_model,S-A8,10.0,3410.041,51.763202695362295,51.249230363834485,51.249230363834485
viterbi_base_model,S-A8,10.0,3420.041,16.658579926555323,15.574890125364227,15.574890125364227
viterbi_base_model,S-A8,10.0,3430.041,91.95049533275879,90.77589672074447,90.77589672074447
viterbi_base_model,S-A8,10.0,3440.041,55.56669141107088,-55.58743005034238,55.58743005034238
viterbi_base_model,S-A8,10.0,3450.041,25.370100484522833,-25.411929048572457,25.411929048572457
viterbi_base_model,S-A8,10.0,3460.041,61.083109898202636,-61.16670024759282,61.16670024759282
viterbi_base_model,S-A8,10.0,3470.041,76.13950436725369,-76.46427377616206,76.46427377616206
viterbi_base_model,S-A8,10.0,3480.041,132.09583934668066,-132.85577535721518,132.85577535721518
viterbi_base_model,S-A8,10.0,3490.041,68.91204473710614,-67.81478345418392,67.81478345418392
viterbi_base_model,S-A8,10.0,3500.041,15.316928540823767,-15.286177223348606,15.286177223348606
viterbi_base_model,S-A8,10.0,3510.041,134.91836262222535,-134.92261731652948,134.92261731652948
viterbi_base_model,S-A8,10.0,3520.041,80.17816866858057,-80.16983834104786,80.16983834104786
viterbi_base_model,S-A8,10.0,3530.041,46.99912281615899,29.119679268898977,29.119679268898977
viterbi_base_model,S-A8,10.0,3540.041,106.56366524090645,-107.11124550105728,107.11124550105728
viterbi_base_model,S-A8,10.0,3550.041,23.23652176111777,23.142549210682798,23.142549210682798
viterbi_base_model,S-A8,10.0,3560.041,8.073885672727528,7.48292382805721,7.48292382805721
viterbi_base_model,S-A8,10.0,3570.041,48.14922053630992,-48.465286265414264,48.465286265414264
viterbi_base_model,S-A8,10.0,3580.041,41.233964666249754,-39.530416536191694,39.530416536191694
viterbi_base_model,S-A8,10.0,3590.041,49.33673217075625,-49.32759932931399,49.32759932931399
viterbi_base_model,S-A8,10.0,3600.041,34.749417030579714,-34.57777119098314,34.57777119098314
viterbi_base_model,S-A8,10.0,3610.041,27.32087031916835,-27.24789619164147,27.24789619164147
viterbi_base_model,S-A8,10.0,3620.041,22.426835316912836,22.36846830193556,22.36846830193556
viterbi_base_model,S-A8,10.0,3630.041,13.369606352932841,-13.37198132457738,13.37198132457738
viterbi_base_model,S-A8,10.0,3640.041,24.444078656746235,24.444858338700993,24.444858338700993
viterbi_base_model,S-A8,10.0,3650.041,44.799513818825844,-44.82968870125349,44.82968870125349
viterbi_base_model,S-A8,10.0,3660.041,14.420191666605522,-14.423062086382629,14.423062086382629
viterbi_base_model,S-A8,10.0,3670.041,52.52009787262844,-52.4121991627243,52.4121991627243
viterbi_base_model,S-A8,10.0,3680.041,107.22366786553395,-107.2631454876707,107.2631454876707
viterbi_base_model,S-A8,10.0,3690.041,27.676320473260628,-27.696919682385182,27.696919682385182
viterbi_base_model,S-A8,10.0,3700.041,37.15666073932344,-36.912128764145216,36.912128764145216
viterbi_base_model,S-A8,10.0,3710.041,10.766005205549337,-10.33086318677207,10.33086318677207
viterbi_base_model,S-A8,10.0,3720.041,22.272366283555414,21.769854746045322,21.769854746045322
viterbi_base_model,S-A8,10.0,3730.041,3.5173850777339157,2.9780761111846594,2.9780761111846594
viterbi_base_model,S-A8,10.0,3740.041,45.72629572543385,62.331082913463206,62.331082913463206
viterbi_base_model,S-A8,10.0,3750.041,9.944724181919355,12.837383851405106,12.837383851405106
viterbi_base_model,S-A8,10.0,3760.041,74.41702620566546,-74.74091266431527,74.74091266431527
viterbi_base_model,S-A8,10.0,3770.041,86.60489659087324,-86.66774323074858,86.66774323074858
viterbi_base_model,S-A8,10.0,3780.041,70.69396678458574,70.6316945099584,70.6316945099584
viterbi_base_model,S-A8,10.0,3790.041,24.70403567778818,24.61114195963235,24.61114195963235
viterbi_base_model,S-A8,10.0,3800.041,21.834905361908785,21.671947657007873,21.671947657007873
viterbi_base_model,S-A8,10.0,3810.041,6.1724176201344,-6.167342583580005,6.167342583580005
viterbi_base_model,S-A8,10.0,3820.041,4.372545330417794,-3.8836167666927395,3.8836167666927395
viterbi_base_model,S-A8,10.0,3830.041,30.419702608108075,30.232858080023224,30.232858080023224
viterbi_base_model,S-A8,10.0,3840.041,72.63818602071815,72.45230083562168,72.45230083562168
viterbi_base_model,S-A8,10.0,3850.041,21.315086351231887,21.26690055953985,21.26690055953985
viterbi_base_model,S-A8,10.0,3860.041,62.27707992149452,62.12547186362049,62.12547186362049
viterbi_base_model,S-A8,10.0,3870.041,31.858096312070764,31.563820369141894,31.563820369141894
viterbi_base_model,S-A8,10.0,3880.041,81.69867523373294,81.08642813424093,81.08642813424093
viterbi_base_model,S-A8,10.0,3890.041,11.042873237561503,10.286276447757938,10.286276447757938
viterbi_base_model,S-A8,10.0,3900.041,73.4442628274338,73.42477335002259,73.42477335002259
viterbi_base_model,S-A8,10.0,3910.041,57.97243098352427,57.798977108727826,57.798977108727826
viterbi_base_model,S-A8,10.0,3920.041,58.0041468722855,57.8240274179238,57.8240274179238
viterbi_base_model,S-A8,10.0,3930.041,57.17158577242849,57.06424423869856,57.06424423869856
viterbi_base_model,S-A8,10.0,3940.041,60.33418995981387,60.057367782604864,60.057367782604864
viterbi_base_model,S-A8,10.0,3950.041,59.10717163621172,59.100100934131824,59.100100934131824
viterbi_base_model,S-A8,10.0,3960.041,63.010761311920405,62.825685977770846,62.825685977770846
viterbi_base_model,S-A8,10.0,3970.041,37.30973378527714,36.17718224152219,36.17718224152219
viterbi_base_model,S-A8,10.0,3980.041,29.253668380223175,-29.560135402744233,29.560135402744233
viterbi_base_model,S-A8,10.0,3990.041,42.968415798714545,42.76632105807454,42.76632105807454
viterbi_base_model,S-A8,10.0,4000.041,3.62444409096399,2.2651141743088026,2.2651141743088026
viterbi_base_model,S-A8,10.0,4010.041,45.05170810952876,-45.196538733925635,45.196538733925635
viterbi_base_model,S-A8,10.0,4020.041,23.176404017196162,23.070135277560702,23.070135277560702
viterbi_base_model,S-A8,10.0,4030.041,1.95226750184136,0.32797533558663616,0.32797533558663616
viterbi_base_model,S-A8,10.0,4040.041,30.081140838247308,-29.78923004392476,29.78923004392476
viterbi_base_model,S-A8,10.0,4050.041,20.536601422227758,-20.467791449985896,20.467791449985896
viterbi_base_model,S-A8,10.0,4060.041,46.02507599788764,45.75896481751532,45.75896481751532
viterbi_base_model,S-A8,10.0,4070.041,32.030773540669635,31.912675762142012,31.912675762142012
viterbi_base_model,S-A8,10.0,4080.041,39.008402002909456,-39.11429927587729,39.11429927587729
viterbi_base_model,S-A8,10.0,4090.041,134.5595668878295,-134.27786062876442,134.27786062876442
viterbi_base_model,S-A8,10.0,4100.041,48.51763468225303,-48.76391547531546,48.76391547531546
viterbi_base_model,S-A8,10.0,4110.041,77.62812321333539,-77.67109586773168,77.67109586773168
viterbi_base_model,S-A8,10.0,4120.041,2.05393347398402,1.9256069924730497,1.9256069924730497
viterbi_base_model,S-A8,10.0,4130.041,73.38080358895276,76.88892999096771,76.88892999096771
viterbi_base_model,S-A8,10.0,4140.041,27.42492431708868,24.220655501360817,24.220655501360817
viterbi_base_model,S-A8,10.0,4150.041,27.823974422487193,27.702203595096826,27.702203595096826
viterbi_base_model,S-A8,10.0,4160.041,79.73881975468552,79.67559116098391,79.67559116098391
viterbi_base_model,S-A8,10.0,4170.041,92.75443596632493,94.57295082829872,94.57295082829872
viterbi_base_model,S-A8,10.0,4180.041,19.044948049400432,-14.31872446857664,14.31872446857664
viterbi_base_model,S-A8,10.0,4190.041,49.709229803005016,-49.70116395560598,49.70116395560598
viterbi_base_model,S-A8,10.0,4200.041,112.92851945975255,112.89150042776689,112.89150042776689
viterbi_base_model,S-A8,10.0,4210.041,71.5889837046487,71.46844747037927,71.46844747037927
viterbi_base_model,S-A8,10.0,4220.041,114.69359627849592,114.40444364589055,114.40444364589055
viterbi_base_model,S-A8,10.0,4230.041,56.017854998721916,54.479138536904486,54.479138536904486
viterbi_base_model,S-A8,10.0,4240.041,54.63551825336972,54.299710481228544,54.299710481228544
viterbi_base_model,S-A8,10.0,4250.041,18.90349310079362,18.280133741053824,18.280133741053824
viterbi_base_model,S-A8,10.0,4260.041,3.468049110394152,1.0806512201507559,1.0806512201507559
viterbi_base_model,S-A8,10.0,4270.041,103.47399797925443,103.7469175888258,103.7469175888258
viterbi_base_model,S-A8,10.0,4280.041,138.7256172372865,143.2270937611291,143.2270937611291
viterbi_base_model,S-A8,10.0,4290.041,160.53615713827747,156.83137820973496,156.83137820973496
viterbi_base_model,S-A8,10.0,4310.041,9.245477806877794,-8.999666713980293,8.999666713980293
viterbi_base_model,S-A8,10.0,4320.041,82.51784092965741,-81.52814347339655,81.52814347339655
viterbi_base_model,S-A8,10.0,4330.041,98.8028419806785,98.78406236352518,98.78406236352518
viterbi_base_model,S-A8,10.0,4340.041,57.71923710404691,57.61300132113125,57.61300132113125
viterbi_base_model,S-A8,10.0,4350.041,47.87035744120719,-48.04991705019343,48.04991705019343
viterbi_base_model,S-A8,10.0,4360.041,105.67833408114602,-105.69341381516567,105.69341381516567
viterbi_base_model,S-A8,10.0,4370.041,42.33931900925633,-42.35138749500999,42.35138749500999
viterbi_base_model,S-A8,10.0,4380.041,9.81794986705211,9.771961283815351,9.771961283815351
viterbi_base_model,S-A8,10.0,4390.041,8.091879912509029,7.6661701388567955,7.6661701388567955
viterbi_base_model,S-A8,10.0,4400.041,5.978396673483703,-3.9076859697756454,3.9076859697756454
viterbi_base_model,S-A8,10.0,4410.041,6.5122338872443555,-6.3376846257510095,6.3376846257510095
viterbi_base_model,S-A8,10.0,4420.041,70.75427566800927,70.5698134862647,70.5698134862647
viterbi_base_model,S-A8,10.0,4430.041,40.26608265510301,39.80687678140805,39.80687678140805
viterbi_base_model,S-A8,10.0,4440.041,17.242244985947,16.523696768872167,16.523696768872167
viterbi_base_model,S-A8,10.0,4450.041,11.054934413339922,-10.634298466463477,10.634298466463477
viterbi_base_model,S-A8,10.0,4460.041,57.590151157576294,-57.78956792989403,57.78956792989403
viterbi_base_model,S-A8,10.0,4470.041,179.83911366892164,-179.83608433944687,179.83608433944687
viterbi_base_model,S-A8,10.0,4480.041,87.34309711198351,-87.70466337013812,87.70466337013812
viterbi_base_model,S-A8,10.0,4490.041,221.2561205736262,-221.47730215243047,221.47730215243047
viterbi_base_model,S-A8,10.0,4500.041,158.5585252913871,-158.55626882658413,158.55626882658413
viterbi_base_model,S-A8,10.0,4510.041,47.48311054227698,-47.47084814092361,47.47084814092361
viterbi_base_model,S-A8,10.0,4520.041,37.31024571458845,37.30984371807913,37.30984371807913
viterbi_base_model,S-A8,10.0,4530.041,7.570238054134883,-7.595791878874749,7.595791878874749
viterbi_base_model,S-A8,10.0,4540.041,30.008712559160642,-30.044331928979446,30.044331928979446
viterbi_base_model,S-A8,10.0,4550.041,79.49794010527137,-79.18542947632436,79.18542947632436
viterbi_base_model,S-A8,10.0,4560.041,124.38622011367318,-124.43595237937728,124.43595237937728
viterbi_base_model,S-A8,10.0,4570.041,36.672012241082754,-36.76521833450604,36.76521833450604
viterbi_base_model,S-A8,10.0,4580.041,4.13775853801534,4.185526309788756,4.185526309788756
viterbi_base_model,S-A8,10.0,4590.041,96.82389512624913,97.81634763150765,97.81634763150765
viterbi_base_model,S-A8,10.0,4600.041,80.73405835262312,-80.5769477445805,80.5769477445805
viterbi_base_model,S-A8,10.0,4610.041,188.67536943074046,-188.28975904444005,188.28975904444005
viterbi_base_model,S-A8,10.0,4620.041,108.700454105274,-108.67574803985589,108.67574803985589
viterbi_base_model,S-A8,10.0,4630.041,179.87782805655323,-179.83269578967386,179.83269578967386
viterbi_base_model,S-A8,10.0,4640.041,22.469670031386006,-22.57347158520563,22.57347158520563
viterbi_base_model,S-A8,10.0,4650.041,23.784666892872313,23.80674836973386,23.80674836973386
viterbi_base_model,S-A8,10.0,4660.041,14.267731687536283,-14.098299572089509,14.098299572089509
viterbi_base_model,S-A8,10.0,4670.041,4.745998186895984,4.66580157313992,4.66580157313992
viterbi_base_model,S-A8,10.0,4680.041,78.37454329460154,-77.79935504194421,77.79935504194421
viterbi_base_model,S-A8,10.0,4690.041,32.36909708938186,-32.387923171809234,32.387923171809234
viterbi_base_model,S-A8,10.0,4700.041,89.48717168754983,-89.38947423460533,89.38947423460533
viterbi_base_model,S-A8,10.0,4710.041,80.94575730339666,-81.31806380687976,81.31806380687976
viterbi_base_model,S-A8,10.0,4720.041,53.96830612214402,-55.287083561641865,55.287083561641865
viterbi_base_model,S-A8,10.0,4730.041,43.099685622241,-42.739180693589404,42.739180693589404
viterbi_base_model,S-A8,10.0,4740.041,30.360000971939442,-30.46285942616839,30.46285942616839
viterbi_base_model,S-A8,10.0,4750.041,136.84093422850435,136.73843645183803,136.73843645183803
viterbi_base_model,S-A8,10.0,4760.041,29.010759512624162,28.969311793236898,28.969311793236898
viterbi_base_model,S-A8,10.0,4770.041,104.57881706278246,-104.92545006504619,104.92545006504619
viterbi_base_model,S-A8,10.0,4780.041,124.0044277387902,-125.91820879388854,125.91820879388854
viterbi_base_model,S-A8,10.0,4790.041,53.1759260345407,-53.254026400340805,53.254026400340805
viterbi_base_model,S-A8,10.0,4800.041,17.746329140207084,-16.23049336551894,16.23049336551894
viterbi_base_model,S-A8,10.0,4810.041,41.6698610148759,-41.7020228383751,41.7020228383751
viterbi_base_model,S-A8,10.0,4820.041,65.15738193998439,65.14178436654163,65.14178436654163
viterbi_base_model,S-A8,10.0,4830.041,37.92739684801672,36.87793027151034,36.87793027151034
viterbi_base_model,S-A8,10.0,4840.041,34.48402840279753,34.5583636046013,34.5583636046013
viterbi_base_model,S-A8,10.0,4850.041,36.5605450895824,-36.00639847475405,36.00639847475405
viterbi_base_model,S-A8,10.0,4860.041,54.87253158535326,-55.02332690684264,55.02332690684264
viterbi_base_model,S-A8,10.0,4870.041,94.85733961363078,-94.8942080773742,94.8942080773742
viterbi_base_model,S-A8,10.0,4880.041,54.52874852890256,-54.66233828865046,54.66233828865046
viterbi_base_model,S-A8,10.0,4890.041,35.468987742288284,-35.030388810908974,35.030388810908974
viterbi_base_model,S-A8,10.0,4900.041,85.48614335878983,-86.12708991174975,86.12708991174975
viterbi_base_model,S-A8,10.0,4910.041,117.87247806163928,-117.74382262085064,117.74382262085064
viterbi_base_model,S-A8,10.0,4920.041,81.68540664835193,-81.73480425361696,81.73480425361696
viterbi_base_model,S-A8,10.0,4930.041,9.94210814309508,9.735598160302782,9.735598160302782
viterbi_base_model,S-A8,10.0,4940.041,20.102983068492932,19.99887315392447,19.99887315392447
viterbi_base_model,S-A8,10.0,4950.041,11.062491869187307,-10.916845017731408,10.916845017731408
viterbi_base_model,S-A8,10.0,4960.041,11.557597910243938,-11.477733870681085,11.477733870681085
viterbi_base_model,S-A8,10.0,4970.041,21.367529411304734,-21.13211597889233,21.13211597889233
viterbi_base_model,S-A8,10.0,4980.041,39.44370523146098,38.57810546826248,38.57810546826248
viterbi_base_model,S-A8,10.0,4990.041,100.29345821591853,-100.27780222422464,100.27780222422464
viterbi_base_model,S-A8,10.0,5000.041,43.48771447995527,-43.57857674430634,43.57857674430634
viterbi_base_model,S-A8,10.0,5010.041,105.22903885345178,-104.87676243091305,104.87676243091305
viterbi_base_model,S-A8,10.0,5020.041,135.12974933267992,-134.91129483509903,134.91129483509903
viterbi_base_model,S-A8,10.0,5030.041,118.67531841694478,-118.6250149814053,118.6250149814053
viterbi_base_model,S-A8,10.0,5040.041,22.18275910928198,-22.186285082872192,22.186285082872192
viterbi_base_model,S-A8,10.0,5050.041,9.825022234607882,9.183764054148401,9.183764054148401
viterbi_base_model,S-A8,10.0,5060.041,44.26647579661453,-43.88328084340952,43.88328084340952
viterbi_base_model,S-A8,10.0,5070.041,59.06564556493489,-59.0865629568282,59.0865629568282
viterbi_base_model,S-A8,10.0,5080.041,53.20250884276381,-53.966522957231135,53.966522957231135
viterbi_base_model,S-A8,10.0,5090.041,5.487047638287653,5.326612975986542,5.326612975986542
viterbi_base_model,S-A8,10.0,5100.041,47.127766414302,-47.26626854207383,47.26626854207383
viterbi_base_model,S-A8,10.0,5110.041,28.876576087571415,-28.865367603932224,28.865367603932224
viterbi_base_model,S-A8,10.0,5120.041,57.650834745119994,57.640881954564506,57.640881954564506
viterbi_base_model,S-A8,10.0,5130.041,39.9766144350465,40.0509502972706,40.0509502972706
viterbi_base_model,S-A8,10.0,5140.041,42.416523120396974,42.21875593155092,42.21875593155092
viterbi_base_model,S-A8,10.0,5150.041,55.97898650689724,55.77250368477067,55.77250368477067
viterbi_base_model,S-A8,10.0,5160.041,64.4234505162961,64.3479981119743,64.3479981119743
viterbi_base_model,S-A8,10.0,5170.041,59.55003228164705,59.52417494916213,59.52417494916213
viterbi_base_model,S-A8,10.0,5180.041,37.185057261671,-37.135118782002976,37.135118782002976
viterbi_base_model,S-A8,10.0,5190.041,20.191338693285058,17.78430137239121,17.78430137239121
viterbi_base_model,S-A8,10.0,5200.041,75.32616031878737,75.23216293540945,75.23216293540945
viterbi_base_model,S-A8,10.0,5210.041,40.235409224972535,40.08405570981402,40.08405570981402
viterbi_base_model,S-A8,10.0,5220.041,63.244736004239094,63.23180840877582,63.23180840877582
viterbi_base_model,S-A8,10.0,5230.041,30.353209376157764,30.339168123991065,30.339168123991065
viterbi_base_model,S-A8,10.0,5240.041,82.7013115683457,-82.59130015211332,82.59130015211332
viterbi_base_model,S-A8,10.0,5250.041,92.94717149816448,-92.9352536103373,92.9352536103373
viterbi_base_model,S-A8,10.0,5260.041,2.1521437620713346,1.847726667998753,1.847726667998753
viterbi_base_model,S-A8,10.0,5270.041,126.82385482275731,126.22757020094919,126.22757020094919
viterbi_base_model,S-A8,10.0,5280.041,40.90573107939968,31.803299941205882,31.803299941205882
viterbi_base_model,S-A8,10.0,5290.041,52.25782944246892,52.176145716813025,52.176145716813025
viterbi_base_model,S-A8,10.0,5300.041,34.45461419485846,34.359292837419545,34.359292837419545
viterbi_base_model,S-A8,10.0,5310.041,40.80027455252068,40.45114742225421,40.45114742225421
viterbi_base_model,S-A8,10.0,5320.041,53.23639183346256,53.216889508034775,53.216889508034775
viterbi_base_model,S-A8,10.0,5330.041,71.62514344649696,71.61738872920749,71.61738872920749
viterbi_base_model,S-A8,10.0,5340.041,36.83441880391745,36.72694427163089,36.72694427163089
viterbi_base_model,S-A8,10.0,5350.041,39.06199161201667,39.13479299298369,39.13479299298369
viterbi_base_model,S-A8,10.0,5360.041,14.688140132100004,14.591876139267608,14.591876139267608
viterbi_base_model,S-A8,10.0,5370.041,78.30690983883447,78.18599351251818,78.18599351251818
viterbi_base_model,S-A8,10.0,5380.041,69.09204733845908,68.8421541315212,68.8421541315212
viterbi_base_model,S-A8,10.0,5390.041,48.48438926664545,48.19323581213598,48.19323581213598
viterbi_base_model,S-A8,10.0,5400.041,77.00013368592442,80.7772864491894,80.7772864491894
viterbi_base_model,S-A8,10.0,5410.041,86.94723401902117,89.49481424849277,89.49481424849277
viterbi_base_model,S-A8,10.0,5420.041,61.28751107766611,-60.34201296957934,60.34201296957934
viterbi_base_model,S-A8,10.0,5430.041,63.39373100021701,-64.13285824339484,64.13285824339484
viterbi_base_model,S-A8,10.0,5440.041,33.70863202118514,33.61318877417354,33.61318877417354
viterbi_base_model,S-A8,10.0,5450.041,74.17091965616862,-74.53732821353255,74.53732821353255
viterbi_base_model,S-A8,10.0,5460.041,105.13849720508219,-105.7717144703719,105.7717144703719
viterbi_base_model,S-A8,10.0,5470.041,11.195568364736108,-7.127231042045015,7.127231042045015
viterbi_base_model,S-A8,10.0,5480.041,12.476694091198224,9.00761406598619,9.00761406598619
viterbi_base_model,S-A8,10.0,5490.041,56.10313842584509,56.035663675946886,56.035663675946886
viterbi_base_model,S-A8,10.0,5500.041,19.60511556955508,-18.983769237761944,18.983769237761944
viterbi_base_model,S-A8,10.0,5510.041,110.95347146678351,-110.77306989906432,110.77306989906432
viterbi_base_model,S-A8,10.0,5520.041,25.07546753617683,25.0146658708911,25.0146658708911
viterbi_base_model,S-A8,10.0,5530.041,50.323625875443746,50.322614361887474,50.322614361887474
viterbi_base_model,S-A8,10.0,5540.041,81.71364232752016,-81.86889260584202,81.86889260584202
viterbi_base_model,S-A8,10.0,5550.041,95.57043808247212,-95.40066610673605,95.40066610673605
viterbi_base_model,S-A8,10.0,5560.041,55.06496924856211,-53.083669351494386,53.083669351494386
viterbi_base_model,S-A8,10.0,5570.041,175.66391086384186,-177.24956517606498,177.24956517606498
viterbi_base_model,S-A8,10.0,5580.041,108.69991821048536,-108.854952285271,108.854952285271
viterbi_base_model,S-A8,10.0,5590.041,62.645341940848695,-62.722016604310056,62.722016604310056
viterbi_base_model,S-A8,10.0,5600.041,42.271936603667754,-42.343798224052186,42.343798224052186
viterbi_base_model,S-A8,10.0,5610.041,13.612576772693172,13.412210586109342,13.412210586109342
viterbi_base_model,S-A8,10.0,5620.041,103.47074225689137,-103.82399716707123,103.82399716707123
viterbi_base_model,S-A8,10.0,5630.041,90.00991578314175,-89.99154080450536,89.99154080450536
viterbi_base_model,S-A8,10.0,5640.041,10.41241617832239,-10.476779277242048,10.476779277242048
viterbi_base_model,S-A8,10.0,5650.041,89.05711466054869,88.8807370388871,88.8807370388871
viterbi_base_model,S-A8,10.0,5660.041,61.01955755197726,61.023236630453866,61.023236630453866
viterbi_base_model,S-A8,10.0,5670.041,21.480196515304836,-21.49187590123787,21.49187590123787
viterbi_base_model,S-A8,10.0,5680.041,44.15039104653506,-44.315222139356905,44.315222139356905
viterbi_base_model,S-A8,10.0,5690.041,95.880028292259,95.6596630831915,95.6596630831915
viterbi_base_model,S-A8,10.0,5700.041,29.43713969895493,38.60972007426773,38.60972007426773
viterbi_base_model,S-A8,10.0,5710.041,12.135566901374142,-17.527753796251716,17.527753796251716
viterbi_base_model,S-A8,10.0,5720.041,133.13648830825096,-133.45161663136003,133.45161663136003
viterbi_base_model,S-A8,10.0,5730.041,116.58602441960316,-116.76488535096662,116.76488535096662
viterbi_base_model,S-A8,10.0,5740.041,172.68128461094082,-172.49401468946053,172.49401468946053
viterbi_base_model,S-A8,10.0,5750.041,75.44456336797622,-75.65382396780889,75.65382396780889
viterbi_base_model,S-A8,10.0,5760.041,31.45536229540174,-31.46438648586193,31.46438648586193
viterbi_base_model,S-A8,10.0,5770.041,10.19572899387864,9.567132656785276,9.567132656785276
viterbi_base_model,S-A8,10.0,5780.041,17.029816394035695,15.773694847934069,15.773694847934069
viterbi_base_model,S-A8,10.0,5790.041,28.903888924872263,29.198789594913578,29.198789594913578
viterbi_base_model,S-A8,10.0,5800.041,52.823326155541494,-55.55294130093802,55.55294130093802
viterbi_base_model,S-A8,10.0,5810.041,158.29235642208536,-158.9471743186238,158.9471743186238
viterbi_base_model,S-A8,10.0,5820.041,178.40446130086502,-178.55570360904898,178.55570360904898
viterbi_base_model,S-A8,10.0,5830.041,56.1553267064682,-56.70621827085048,56.70621827085048
viterbi_base_model,S-A8,10.0,5840.041,31.95478811148634,-31.876678393447616,31.876678393447616
viterbi_base_model,S-A8,10.0,5850.041,17.607732359529702,-17.698560059106125,17.698560059106125
viterbi_base_model,S-A8,10.0,5860.041,16.167756916802446,16.051570483691666,16.051570483691666
viterbi_base_model,S-A8,10.0,5870.041,10.539416902124662,10.368890586334231,10.368890586334231
viterbi_base_model,S-A8,10.0,5880.041,41.495431856221686,41.44819094568189,41.44819094568189
viterbi_base_model,S-A8,10.0,5890.041,21.962528431157605,-21.930684300387284,21.930684300387284
viterbi_base_model,S-A8,10.0,5900.041,21.82313813855434,-21.64943762749338,21.64943762749338
viterbi_base_model,S-A8,10.0,5910.041,37.61281377412155,-36.22243395448258,36.22243395448258
viterbi_base_model,S-A8,10.0,5920.041,24.771485309254324,-24.643561445759843,24.643561445759843
viterbi_base_model,S-A8,10.0,5930.041,47.46644671882473,-48.34674478960701,48.34674478960701
viterbi_base_model,S-A8,10.0,5940.041,87.68260511622934,-87.61888384535769,87.61888384535769
viterbi_base_model,S-A8,10.0,5950.041,23.072829468081537,-23.544236664216214,23.544236664216214
viterbi_base_model,S-A8,10.0,5960.041,18.66062856193818,-17.552999444828004,17.552999444828004
viterbi_base_model,S-A8,10.0,5970.041,31.6747842741912,1.5826347073509814,1.5826347073509814
viterbi_base_model,S-A8,10.0,6010.041,14.84393299429528,21.186969331453636,21.186969331453636
viterbi_base_model,S-A8,10.0,6020.041,103.23329349811664,104.54375694831658,104.54375694831658
viterbi_base_model,S-A8,10.0,6040.041,65.57601746500058,-65.64927387812095,65.64927387812095
viterbi_base_model,S-A8,10.0,6050.041,79.55076751842748,-79.65733479270538,79.65733479270538
viterbi_base_model,S-A8,10.0,6060.041,96.07054334472309,95.6471668309178,95.6471668309178
viterbi_base_model,S-A8,10.0,6070.041,4.310157600830269,4.0665158730318325,4.0665158730318325
viterbi_base_model,S-A8,10.0,6080.041,41.33893793924813,40.7183518883102,40.7183518883102
viterbi_base_model,S-A8,10.0,6090.041,53.64362276345766,53.002606919517376,53.002606919517376
viterbi_base_model,S-A8,10.0,6100.041,61.00285953501446,59.655762368943115,59.655762368943115
viterbi_base_model,S-A8,10.0,6110.041,68.72888154182402,69.1536200391865,69.1536200391865
viterbi_base_model,S-A8,10.0,6120.041,26.092497510105158,-26.161401268893204,26.161401268893204
viterbi_base_model,S-A8,10.0,6130.041,9.088212738410203,-8.697714156742364,8.697714156742364
viterbi_base_model,S-A8,10.0,6140.041,6.704531616149681,6.2586693580482535,6.2586693580482535
viterbi_base_model,S-A8,10.0,6150.041,83.35633419271906,-84.19691153679841,84.19691153679841
viterbi_base_model,S-A8,10.0,6160.041,81.38870806682333,-81.410366554884,81.410366554884
viterbi_base_model,S-A8,10.0,6170.041,50.76141196808226,-50.76473827129643,50.76473827129643
viterbi_base_model,S-A8,10.0,6180.041,88.021734385913,87.51774422762992,87.51774422762992
viterbi_base_model,S-A8,10.0,6190.041,121.39877682508677,121.39213939698544,121.39213939698544
viterbi_base_model,S-A8,10.0,6200.041,232.7432730547945,235.99006437403088,235.99006437403088
viterbi_base_model,S-A8,10.0,6210.041,123.27722814838725,123.25280527724658,123.25280527724658
viterbi_base_model,S-A8,10.0,6220.041,22.197039436659207,21.422441256842767,21.422441256842767
viterbi_base_model,S-A8,10.0,6230.041,40.196829214761394,40.983128179431,40.983128179431
viterbi_base_model,S-A8,10.0,6250.041,38.14257338902448,37.76670241176875,37.76670241176875
viterbi_base_model,S-A8,10.0,6260.041,20.07877486233233,-20.230394435897942,20.230394435897942
viterbi_base_model,S-A8,10.0,6270.041,4.986950524984068,3.8768038233703805,3.8768038233703805
viterbi_base_model,S-A8,10.0,6280.041,30.593966261366297,-30.888230748198367,30.888230748198367
viterbi_base_model,S-A8,10.0,6290.041,37.255280925995805,37.07488916366267,37.07488916366267
viterbi_base_model,S-A8,10.0,6300.041,51.548780817577516,-51.469022052583924,51.469022052583924
viterbi_base_model,S-A8,10.0,6310.041,15.876400562689259,-15.927770944363061,15.927770944363061
viterbi_base_model,S-A8,10.0,6320.041,40.333316339201794,-40.63323294852773,40.63323294852773
viterbi_base_model,S-A8,10.0,6330.041,113.412122902296,-112.80921928818206,112.80921928818206
viterbi_base_model,S-A8,10.0,6340.041,4.1535698397651455,-0.4025942678910379,0.4025942678910379
viterbi_base_model,S-A8,10.0,6350.041,33.65069132982529,33.07040065712381,33.07040065712381
viterbi_base_model,S-A8,10.0,6360.041,171.68336157788144,173.20300613984875,173.20300613984875
viterbi_base_model,S-A8,10.0,6370.041,79.553997151142,79.77126839074654,79.77126839074654
viterbi_base_model,S-A8,10.0,6380.041,6.468474919138859,6.801614675814918,6.801614675814918
viterbi_base_model,S-A8,10.0,6400.041,108.8911490896536,108.27414174959594,108.27414174959594
viterbi_base_model,S-A8,10.0,6410.041,63.324400469002526,63.08142886353003,63.08142886353003
viterbi_base_model,S-A8,10.0,6420.041,52.51181635517617,52.442232540254615,52.442232540254615
viterbi_base_model,S-A8,10.0,6430.041,63.54760122095929,64.02892699909243,64.02892699909243
viterbi_base_model,S-A8,10.0,6440.041,3.2155037503917403,1.9225372067503805,1.9225372067503805
viterbi_base_model,S-A8,10.0,6450.041,151.14567260789147,151.07659038386387,151.07659038386387
viterbi_base_model,S-A8,10.0,6460.041,142.35993226938916,142.07729271533594,142.07729271533594
viterbi_base_model,S-A8,10.0,6470.041,105.17855521134253,104.72760619329672,104.72760619329672
viterbi_base_model,S-A8,10.0,6480.041,82.59194504863021,82.55069552562057,82.55069552562057
viterbi_base_model,S-A8,10.0,6490.041,134.4707616611611,134.56352139144903,134.56352139144903
viterbi_base_model,S-A8,10.0,6500.041,179.66580091500416,179.02862770055324,179.02862770055324
viterbi_base_model,S-A8,10.0,6510.041,138.4054936249796,138.3815242187388,138.3815242187388
viterbi_base_model,S-A8,10.0,6520.041,145.37645733747087,145.20727510642254,145.20727510642254
viterbi_base_model,S-A8,10.0,6530.041,89.1581485269956,89.09345534622122,89.09345534622122
viterbi_base_model,S-A8,10.0,6540.041,50.19231299805883,48.01027411470321,48.01027411470321
viterbi_base_model,S-A8,10.0,6550.041,34.440389955646864,33.53749341915192,33.53749341915192
viterbi_base_model,S-A8,10.0,6560.041,19.640141010022084,-19.780323924581847,19.780323924581847
viterbi_base_model,S-A8,10.0,6570.041,110.57723637384643,110.47047906110245,110.47047906110245
viterbi_base_model,S-A8,10.0,6580.041,91.85578830915975,118.1454608588065,118.1454608588065
viterbi_base_model,S-A8,30.0,90.041,32.151461206817096,48.28964058773809,48.28964058773809
viterbi_base_model,S-A8,30.0,120.041,41.219515536464264,39.190242744855,39.190242744855
viterbi_base_model,S-A8,30.0,150.041,223.74355708798097,224.1786219542351,224.1786219542351
viterbi_base_model,S-A8,30.0,180.041,68.83772267862156,-70.00255842481218,70.00255842481218
viterbi_base_model,S-A8,30.0,210.041,9.683212592797451,-7.8054197569599,7.8054197569599
viterbi_base_model,S-A8,30.0,240.041,169.92215782937308,169.8598223736333,169.8598223736333
viterbi_base_model,S-A8,30.0,270.041,184.2962222665423,183.96695160586626,183.96695160586626
viterbi_base_model,S-A8,30.0,300.041,129.93407654826882,129.77367520744193,129.77367520744193
viterbi_base_model,S-A8,30.0,330.041,129.3178355881272,128.99019563627294,128.99019563627294
viterbi_base_model,S-A8,30.0,360.041,5.989456426503283,6.403147901790216,6.403147901790216
viterbi_base_model,S-A8,30.0,390.041,43.16440587220076,-44.74705073243748,44.74705073243748
viterbi_base_model,S-A8,30.0,420.041,17.63009546405426,-12.604158238535923,12.604158238535923
viterbi_base_model,S-A8,30.0,450.041,23.391357529205347,-23.91956656406179,23.91956656406179
viterbi_base_model,S-A8,30.0,480.041,87.19367565538715,-86.89141394860525,86.89141394860525
viterbi_base_model,S-A8,30.0,510.041,12.560083348012258,-12.191827925769104,12.191827925769104
viterbi_base_model,S-A8,30.0,540.0409999999999,148.94664603832118,148.55806557873646,148.55806557873646
viterbi_base_model,S-A8,30.0,570.0409999999999,212.7322900013826,211.72392778403014,211.72392778403014
viterbi_base_model,S-A8,30.0,600.0409999999999,17.23720606884112,16.416669868076593,16.416669868076593
viterbi_base_model,S-A8,30.0,630.0409999999999,151.47565252783227,-152.2179979213469,152.2179979213469
viterbi_base_model,S-A8,30.0,660.0409999999999,45.66779987010982,-45.68903954567763,45.68903954567763
viterbi_base_model,S-A8,30.0,690.0409999999999,32.62040296825868,32.294266250279776,32.294266250279776
viterbi_base_model,S-A8,30.0,720.0409999999999,21.85442744549045,20.937218097769247,20.937218097769247
viterbi_base_model,S-A8,30.0,750.0409999999999,72.52725067809469,-73.29310342616903,73.29310342616903
viterbi_base_model,S-A8,30.0,780.0409999999999,92.31172079903433,91.71845486175665,91.71845486175665
viterbi_base_model,S-A8,30.0,810.0409999999999,135.7018426941634,135.5049388862277,135.5049388862277
viterbi_base_model,S-A8,30.0,840.0409999999999,58.93704936849039,-60.701663722013336,60.701663722013336
viterbi_base_model,S-A8,30.0,870.0409999999999,36.80869698891364,37.13753920132794,37.13753920132794
viterbi_base_model,S-A8,30.0,900.0409999999999,38.102224813200266,-38.13351677247049,38.13351677247049
viterbi_base_model,S-A8,30.0,930.0409999999999,16.403705409099093,16.304952307076398,16.304952307076398
viterbi_base_model,S-A8,30.0,960.0409999999999,55.83917420430173,-55.50058310499642,55.50058310499642
viterbi_base_model,S-A8,30.0,990.0409999999999,172.857471437375,172.8004116518009,172.8004116518009
viterbi_base_model,S-A8,30.0,1020.0409999999999,165.7345579134401,165.6148703896086,165.6148703896086
viterbi_base_model,S-A8,30.0,1050.041,108.91362199474693,108.71516498448655,108.71516498448655
viterbi_base_model,S-A8,30.0,1080.041,33.54917194673956,33.215864658911286,33.215864658911286
viterbi_base_model,S-A8,30.0,1110.041,37.83693758032659,-38.187096396628725,38.187096396628725
viterbi_base_model,S-A8,30.0,1140.041,16.218363745459623,15.113931684146909,15.113931684146909
viterbi_base_model,S-A8,30.0,1170.041,44.89622570972972,44.85756544474303,44.85756544474303
viterbi_base_model,S-A8,30.0,1200.041,42.05918322521817,39.80356806948297,39.80356806948297
viterbi_base_model,S-A8,30.0,1230.041,18.538479904905948,15.038459681857564,15.038459681857564
viterbi_base_model,S-A8,30.0,1260.041,27.489416835730346,-27.46947472304252,27.46947472304252
viterbi_base_model,S-A8,30.0,1290.041,63.28934241180306,-64.09939341796641,64.09939341796641
viterbi_base_model,S-A8,30.0,1320.041,45.79614952382836,44.191531897232906,44.191531897232906
viterbi_base_model,S-A8,30.0,1350.041,32.910719158879274,-32.93265372130941,32.93265372130941
viterbi_base_model,S-A8,30.0,1380.041,131.86124484725426,131.55743627683157,131.55743627683157
viterbi_base_model,S-A8,30.0,1410.041,104.97127776955148,104.57067999820838,104.57067999820838
viterbi_base_model,S-A8,30.0,1440.041,15.834109475341078,-16.020939864183717,16.020939864183717
viterbi_base_model,S-A8,30.0,1470.041,19.182679030098594,-19.283006687961873,19.283006687961873
viterbi_base_model,S-A8,30.0,1500.041,39.16572827188801,39.37097917740152,39.37097917740152
viterbi_base_model,S-A8,30.0,1530.041,32.390198838248615,31.78880496010009,31.78880496010009
viterbi_base_model,S-A8,30.0,1560.041,155.57982091170862,155.36938562945454,155.36938562945454
viterbi_base_model,S-A8,30.0,1590.041,31.31942953059383,31.165066408505083,31.165066408505083
viterbi_base_model,S-A8,30.0,1620.041,97.82787234584792,96.02685389701892,96.02685389701892
viterbi_base_model,S-A8,30.0,1650.041,111.12724537429435,111.11732015903448,111.11732015903448
viterbi_base_model,S-A8,30.0,1680.041,155.5472161120355,155.59034002363063,155.59034002363063
viterbi_base_model,S-A8,30.0,1710.041,15.167686628762842,13.749581285378007,13.749581285378007
viterbi_base_model,S-A8,30.0,1740.041,126.49034384747343,126.56724321230809,126.56724321230809
viterbi_base_model,S-A8,30.0,1770.041,162.42434284949175,162.3511898315969,162.3511898315969
viterbi_base_model,S-A8,30.0,1800.041,144.1225858538782,144.0375530583494,144.0375530583494
viterbi_base_model,S-A8,30.0,1830.041,109.0818372581361,108.92456420005965,108.92456420005965
viterbi_base_model,S-A8,30.0,1860.041,108.68822782131801,107.65587759637037,107.65587759637037
viterbi_base_model,S-A8,30.0,1890.041,419.3051785967943,411.7506451462866,411.7506451462866
viterbi_base_model,S-A8,30.0,1920.041,171.975192316849,86.68260247656374,86.68260247656374
viterbi_base_model,S-A8,30.0,1980.041,158.73532894772993,159.29541899017903,159.29541899017903
viterbi_base_model,S-A8,30.0,2010.041,335.03389719018503,336.6398783467555,336.6398783467555
viterbi_base_model,S-A8,30.0,2040.041,172.34468466431275,172.7549214395941,172.7549214395941
viterbi_base_model,S-A8,30.0,2070.041,199.3833047807068,200.18524118658945,200.18524118658945
viterbi_base_model,S-A8,30.0,2100.041,153.65562655800306,-154.37307621740217,154.37307621740217
viterbi_base_model,S-A8,30.0,2130.041,313.0032788665402,314.06481197828066,314.06481197828066
viterbi_base_model,S-A8,30.0,2160.041,473.6867675567059,482.58540216044975,482.58540216044975
viterbi_base_model,S-A8,30.0,2190.041,95.98130287232223,-97.18780574602751,97.18780574602751
viterbi_base_model,S-A8,30.0,2220.041,165.63143993438194,-165.65398745865932,165.65398745865932
viterbi_base_model,S-A8,30.0,2250.041,134.39156464396353,-136.65055009938072,136.65055009938072
viterbi_base_model,S-A8,30.0,2280.041,57.041704016244196,57.277860496965005,57.277860496965005
viterbi_base_model,S-A8,30.0,2310.041,191.17532114194168,-192.28790783258174,192.28790783258174
viterbi_base_model,S-A8,30.0,2340.041,150.49201643984952,-151.20784887305115,151.20784887305115
viterbi_base_model,S-A8,30.0,2370.041,79.94843625348265,-80.67991310426547,80.67991310426547
viterbi_base_model,S-A8,30.0,2400.041,22.964297226690903,22.89436112518823,22.89436112518823
viterbi_base_model,S-A8,30.0,2430.041,26.21113813276178,25.96993405879363,25.96993405879363
viterbi_base_model,S-A8,30.0,2460.041,224.5023875222802,-226.3491639653236,226.3491639653236
viterbi_base_model,S-A8,30.0,2490.041,85.34826219306136,-87.34548599310106,87.34548599310106
viterbi_base_model,S-A8,30.0,2520.041,265.1612378492597,264.48104712677406,264.48104712677406
viterbi_base_model,S-A8,30.0,2550.041,388.4842858133674,388.8838260747445,388.8838260747445
viterbi_base_model,S-A8,30.0,2580.041,255.63270380762683,-257.89248771284423,257.89248771284423
viterbi_base_model,S-A8,30.0,2610.041,149.40957238616312,-159.87338855306578,159.87338855306578
viterbi_base_model,S-A8,30.0,2640.041,28.90488021515226,-31.77476821329371,31.77476821329371
viterbi_base_model,S-A8,30.0,2670.041,9.704577476969549,-8.147476497913708,8.147476497913708
viterbi_base_model,S-A8,30.0,2700.041,16.946660708107128,-11.923693622632264,11.923693622632264
viterbi_base_model,S-A8,30.0,2730.041,275.2520681076371,-279.8749269758168,279.8749269758168
viterbi_base_model,S-A8,30.0,2760.041,326.2699123290057,-326.4418356251111,326.4418356251111
viterbi_base_model,S-A8,30.0,2790.041,77.89583908942984,-77.92249334074198,77.92249334074198
viterbi_base_model,S-A8,30.0,2820.041,102.65373784334716,51.12099843240008,51.12099843240008
viterbi_base_model,S-A8,30.0,2850.041,769.4625665085815,-142.02818093739276,142.02818093739276
viterbi_base_model,S-A8,30.0,2880.041,161.66109409359254,216.2204602914432,216.2204602914432
viterbi_base_model,S-A8,30.0,2910.041,397.8943624374311,-5.792761852164585,5.792761852164585
viterbi_base_model,S-A8,30.0,2940.041,43.236320410682005,-43.69291047694637,43.69291047694637
viterbi_base_model,S-A8,30.0,2970.041,397.86576696570194,409.1299814409231,409.1299814409231
viterbi_base_model,S-A8,30.0,3030.041,332.86816152407016,341.2194601358281,341.2194601358281
viterbi_base_model,S-A8,30.0,3060.041,826.729284773192,833.9226367725581,833.9226367725581
viterbi_base_model,S-A8,30.0,3120.041,97.07268279072245,96.15512354568862,96.15512354568862
viterbi_base_model,S-A8,30.0,3150.041,127.2372026686775,-128.28954055675575,128.28954055675575
viterbi_base_model,S-A8,30.0,3180.041,2.920805371728329,-2.977372670832114,2.977372670832114
viterbi_base_model,S-A8,30.0,3210.041,271.977438824514,288.7449413887317,288.7449413887317
viterbi_base_model,S-A8,30.0,3240.041,115.18075889362851,-99.9700766382968,99.9700766382968
viterbi_base_model,S-A8,30.0,3270.041,82.44881805488187,82.05586901228045,82.05586901228045
viterbi_base_model,S-A8,30.0,3300.041,80.88252925786853,-80.86726492976541,80.86726492976541
viterbi_base_model,S-A8,30.0,3330.041,9.562031782191708,8.15279661862819,8.15279661862819
viterbi_base_model,S-A8,30.0,3360.041,64.42507080303187,-65.05926108844629,65.05926108844629
viterbi_base_model,S-A8,30.0,3390.041,68.07403113809698,-68.3090752079585,68.3090752079585
viterbi_base_model,S-A8,30.0,3420.041,51.431479581164645,50.72773568832049,50.72773568832049
viterbi_base_model,S-A8,30.0,3450.041,162.612165939748,-163.0411287269394,163.0411287269394
viterbi_base_model,S-A8,30.0,3480.041,214.80014345505666,-215.94219021789704,215.94219021789704
viterbi_base_model,S-A8,30.0,3510.041,175.49450532906366,-185.00192437267853,185.00192437267853
viterbi_base_model,S-A8,30.0,3540.041,75.03644831906557,-76.4878257643792,76.4878257643792
viterbi_base_model,S-A8,30.0,3570.041,136.17815227294997,-137.32805205733806,137.32805205733806
viterbi_base_model,S-A8,30.0,3600.041,39.62848106977587,-39.45646808448274,39.45646808448274
viterbi_base_model,S-A8,30.0,3630.041,33.67275284245794,-33.75937890282786,33.75937890282786
viterbi_base_model,S-A8,30.0,3660.041,174.30885438994449,-174.09745796521463,174.09745796521463
viterbi_base_model,S-A8,30.0,3690.041,75.19720177542229,-74.92853071047706,74.92853071047706
viterbi_base_model,S-A8,30.0,3720.041,87.86235792801739,88.13953125444213,88.13953125444213
viterbi_base_model,S-A8,30.0,3750.041,381.0822305139943,-148.80569793463062,148.80569793463062
viterbi_base_model,S-A8,30.0,3780.041,117.09413522062752,116.91444235938954,116.91444235938954
viterbi_base_model,S-A8,30.0,3810.041,20.871355412697316,20.179411034787442,20.179411034787442
viterbi_base_model,S-A8,30.0,3840.041,156.02965788267323,155.8421047173931,155.8421047173931
viterbi_base_model,S-A8,30.0,3870.041,124.01651260941537,122.9366004190651,122.9366004190651
viterbi_base_model,S-A8,30.0,3900.041,189.33627095293207,189.0478495220898,189.0478495220898
viterbi_base_model,S-A8,30.0,3930.041,176.68489570799957,176.23271255857424,176.23271255857424
viterbi_base_model,S-A8,30.0,3960.041,70.18016786105473,69.43941183802518,69.43941183802518
viterbi_base_model,S-A8,30.0,3990.041,4.893584809373542,-0.20850958502143513,0.20850958502143513
viterbi_base_model,S-A8,30.0,4020.041,11.255954775493931,-6.402480528597907,6.402480528597907
viterbi_base_model,S-A8,30.0,4050.041,57.58488738573927,57.203961292898065,57.203961292898065
viterbi_base_model,S-A8,30.0,4080.041,220.72091897180962,-222.1230729930636,222.1230729930636
viterbi_base_model,S-A8,30.0,4110.041,16.911621392107637,2.1174011239259123,2.1174011239259123
viterbi_base_model,S-A8,30.0,4140.041,131.46525551490697,131.58839477872309,131.58839477872309
viterbi_base_model,S-A8,30.0,4170.041,30.876573050003987,31.10052905254435,31.10052905254435
viterbi_base_model,S-A8,30.0,4200.041,298.97182919523925,298.75920505609326,298.75920505609326
viterbi_base_model,S-A8,30.0,4230.041,128.60087340922888,127.05781006309786,127.05781006309786
viterbi_base_model,S-A8,30.0,4260.041,225.23419145146318,248.02194883794917,248.02194883794917
viterbi_base_model,S-A8,30.0,4290.041,426.6277620044199,313.32509200958265,313.32509200958265
viterbi_base_model,S-A8,30.0,4320.041,73.63680210593242,74.86920608506111,74.86920608506111
viterbi_base_model,S-A8,30.0,4350.041,195.45811661590517,-196.10682311505127,196.10682311505127
viterbi_base_model,S-A8,30.0,4380.041,16.716688962435242,13.526935369585882,13.526935369585882
viterbi_base_model,S-A8,30.0,4410.041,104.57476288693059,104.0385179351487,104.0385179351487
viterbi_base_model,S-A8,30.0,4440.041,50.598138276386855,-51.86390087735098,51.86390087735098
viterbi_base_model,S-A8,30.0,4470.041,478.6582116348545,-489.01633529918945,489.01633529918945
viterbi_base_model,S-A8,30.0,4500.041,168.52513966955897,-168.70946537179933,168.70946537179933
viterbi_base_model,S-A8,30.0,4530.041,115.83359683440304,-116.80835563042291,116.80835563042291
viterbi_base_model,S-A8,30.0,4560.041,156.99420000328251,-157.01513417049682,157.01513417049682
viterbi_base_model,S-A8,30.0,4590.041,170.6334817556707,-170.76688964289787,170.76688964289787
viterbi_base_model,S-A8,30.0,4620.041,311.04846428940704,-311.09240960821626,311.09240960821626
viterbi_base_model,S-A8,30.0,4650.041,14.959325760188818,14.376317130979675,14.376317130979675
viterbi_base_model,S-A8,30.0,4680.041,199.3258205953434,-199.57391743620084,199.57391743620084
viterbi_base_model,S-A8,30.0,4710.041,167.02471368064747,-179.23653530341426,179.23653530341426
viterbi_base_model,S-A8,30.0,4740.041,135.35316790921647,135.22760657711592,135.22760657711592
viterbi_base_model,S-A8,30.0,4770.041,281.66012267824806,-284.10785110658867,284.10785110658867
viterbi_base_model,S-A8,30.0,4800.041,9.69987123065182,7.207579749934112,7.207579749934112
viterbi_base_model,S-A8,30.0,4830.041,36.519370094430336,35.4219409620235,35.4219409620235
viterbi_base_model,S-A8,30.0,4860.041,203.75591684876693,-204.57993780887358,204.57993780887358
viterbi_base_model,S-A8,30.0,4890.041,238.46847476301878,-238.89146533992562,238.89146533992562
viterbi_base_model,S-A8,30.0,4920.041,51.82030030145132,-52.000186060409376,52.000186060409376
viterbi_base_model,S-A8,30.0,4950.041,43.49917339041851,-43.526801125021194,43.526801125021194
viterbi_base_model,S-A8,30.0,4980.041,103.9979467215726,-105.27815472379007,105.27815472379007
viterbi_base_model,S-A8,30.0,5010.041,357.86249196604746,-358.43962079422795,358.43962079422795
viterbi_base_model,S-A8,30.0,5040.041,56.17505447061685,-56.8820933198221,56.8820933198221
viterbi_base_model,S-A8,30.0,5070.041,106.81290007392018,-107.70987103414494,107.70987103414494
viterbi_base_model,S-A8,30.0,5100.041,18.23275663889249,-18.48279398433207,18.48279398433207
viterbi_base_model,S-A8,30.0,5130.041,138.17095212880213,138.04240813481272,138.04240813481272
viterbi_base_model,S-A8,30.0,5160.041,87.50415028636314,86.73902868316739,86.73902868316739
viterbi_base_model,S-A8,30.0,5190.041,133.39752625955614,133.10141726737726,133.10141726737726
viterbi_base_model,S-A8,30.0,5220.041,11.070241877594862,10.965245770929473,10.965245770929473
viterbi_base_model,S-A8,30.0,5250.041,35.6520203867225,35.126058383486246,35.126058383486246
viterbi_base_model,S-A8,30.0,5280.041,118.22731301848641,118.33749266170139,118.33749266170139
viterbi_base_model,S-A8,30.0,5310.041,165.41266520443483,165.2882597035808,165.2882597035808
viterbi_base_model,S-A8,30.0,5340.041,90.60794274969507,90.45930570399044,90.45930570399044
viterbi_base_model,S-A8,30.0,5370.041,197.40041933649323,195.3382995278691,195.3382995278691
viterbi_base_model,S-A8,30.0,5400.041,234.4653859474175,110.20883954820789,110.20883954820789
viterbi_base_model,S-A8,30.0,5430.041,102.12641810093446,-104.75294203876244,104.75294203876244
viterbi_base_model,S-A8,30.0,5460.041,103.22152270845162,-103.93399359781174,103.93399359781174
viterbi_base_model,S-A8,30.0,5490.041,75.49321551902507,-73.71892626739125,73.71892626739125
viterbi_base_model,S-A8,30.0,5520.041,6.277183806665501,-6.556396878466732,6.556396878466732
viterbi_base_model,S-A8,30.0,5550.041,316.09243218387655,-325.6875383806158,325.6875383806158
viterbi_base_model,S-A8,30.0,5580.041,213.50738072361946,-213.90347494815396,213.90347494815396
viterbi_base_model,S-A8,30.0,5610.041,179.8846443272786,-180.41562748406977,180.41562748406977
viterbi_base_model,S-A8,30.0,5640.041,139.6776539391843,139.42624018417902,139.42624018417902
viterbi_base_model,S-A8,30.0,5670.041,29.9806899596715,29.860328043216505,29.860328043216505
viterbi_base_model,S-A8,30.0,5700.041,105.4312461456134,-111.25923092312689,111.25923092312689
viterbi_base_model,S-A8,30.0,5730.041,363.81490719705243,-364.9093405900094,364.9093405900094
viterbi_base_model,S-A8,30.0,5760.041,4.6821513391548395,-6.114113198752538,6.114113198752538
viterbi_base_model,S-A8,30.0,5790.041,193.11455679443063,-185.197235835321,185.197235835321
viterbi_base_model,S-A8,30.0,5820.041,266.8643740411638,-267.1469388633219,267.1469388633219
viterbi_base_model,S-A8,30.0,5850.041,8.869928854887464,8.722053457585488,8.722053457585488
viterbi_base_model,S-A8,30.0,5880.041,3.1005153431571815,-2.1319552577335976,2.1319552577335976
viterbi_base_model,S-A8,30.0,5910.041,102.31105920115758,-109.25525909155536,109.25525909155536
viterbi_base_model,S-A8,30.0,5940.041,132.2218184624605,-128.58189886166494,128.58189886166494
viterbi_base_model,S-A8,30.0,5970.041,443.8677532683858,422.18675174400795,422.18675174400795
viterbi_base_model,S-A8,30.0,6060.041,140.87378068271417,140.44963319649875,140.44963319649875
viterbi_base_model,S-A8,30.0,6090.041,183.1114931650252,181.67857296649154,181.67857296649154
viterbi_base_model,S-A8,30.0,6120.041,26.903397362285663,-28.650024137843985,28.650024137843985
viterbi_base_model,S-A8,30.0,6150.041,211.4464006055634,-216.3760413631376,216.3760413631376
viterbi_base_model,S-A8,30.0,6180.041,421.6187762769809,444.69005154069055,444.69005154069055
viterbi_base_model,S-A8,30.0,6210.041,180.98114300744905,185.65793985482762,185.65793985482762
viterbi_base_model,S-A8,30.0,6270.041,10.6892464104364,10.063491092622286,10.063491092622286
viterbi_base_model,S-A8,30.0,6300.041,106.4653039043871,-108.01757250529452,108.01757250529452
viterbi_base_model,S-A8,30.0,6330.041,80.02955385853029,-80.14434995370078,80.14434995370078
viterbi_base_model,S-A8,30.0,6360.041,260.4222145563396,258.9091115361776,258.9091115361776
viterbi_base_model,S-A8,30.0,6420.041,117.81997094190375,118.42679689905849,118.42679689905849
viterbi_base_model,S-A8,30.0,6450.041,398.38552467956873,397.89756697806973,397.89756697806973
viterbi_base_model,S-A8,30.0,6480.041,396.49752742064993,396.1328056795111,396.1328056795111
viterbi_base_model,S-A8,30.0,6510.041,367.88630364880584,372.5601257749305,372.5601257749305
viterbi_base_model,S-A8,30.0,6540.041,65.49487623831575,61.85730159308029,61.85730159308029
viterbi_base_model,S-A8,30.0,6570.041,427.42243852484836,375.07403182944523,375.07403182944523
viterbi_base_model,S-A8,60.0,120.041,265.4700255931536,263.3496585044951,263.3496585044951
viterbi_base_model,S-A8,60.0,180.041,74.56808084826731,-77.79841185658431,77.79841185658431
viterbi_base_model,S-A8,60.0,240.041,354.50523821849555,353.8239096120669,353.8239096120669
viterbi_base_model,S-A8,60.0,300.041,257.7164184912137,258.759750026202,258.759750026202
viterbi_base_model,S-A8,60.0,360.041,38.15351615085304,-38.3424870132729,38.3424870132729
viterbi_base_model,S-A8,60.0,420.041,29.890342900853305,-36.497631463813924,36.497631463813924
viterbi_base_model,S-A8,60.0,480.041,100.23777599274914,-99.0733691882068,99.0733691882068
viterbi_base_model,S-A8,60.0,540.0409999999999,361.63094770546155,360.2806963902511,360.2806963902511
viterbi_base_model,S-A8,60.0,600.0409999999999,134.29430788871252,-135.80138465342975,135.80138465342975
viterbi_base_model,S-A8,60.0,660.0409999999999,16.03427782158465,-13.405729275869156,13.405729275869156
viterbi_base_model,S-A8,60.0,720.0409999999999,52.92125268852829,-52.37935666536377,52.37935666536377
viterbi_base_model,S-A8,60.0,780.0409999999999,227.99772226604045,227.22345102898822,227.22345102898822
viterbi_base_model,S-A8,60.0,840.0409999999999,21.662038518978953,-23.59355044600079,23.59355044600079
viterbi_base_model,S-A8,60.0,900.0409999999999,21.040039052134027,-21.840031417044774,21.840031417044774
viterbi_base_model,S-A8,60.0,960.0409999999999,117.0104972577484,117.29741331573742,117.29741331573742
viterbi_base_model,S-A8,60.0,1020.0409999999999,274.5429532572283,274.32764113350754,274.32764113350754
viterbi_base_model,S-A8,60.0,1080.041,4.6099986508382615,-4.99175381181999,4.99175381181999
viterbi_base_model,S-A8,60.0,1140.041,58.36862665926545,59.96978689261049,59.96978689261049
viterbi_base_model,S-A8,60.0,1200.041,57.11391420499857,54.850681155637076,54.850681155637076
viterbi_base_model,S-A8,60.0,1260.041,91.10221922799177,-91.57642397510476,91.57642397510476
viterbi_base_model,S-A8,60.0,1320.041,13.662989112941391,11.272192466021323,11.272192466021323
viterbi_base_model,S-A8,60.0,1380.041,236.78912969434253,236.12802194035137,236.12802194035137
viterbi_base_model,S-A8,60.0,1440.041,35.0166360918099,-35.345715149168136,35.345715149168136
viterbi_base_model,S-A8,60.0,1500.041,70.33365764004877,71.12963040550113,71.12963040550113
viterbi_base_model,S-A8,60.0,1560.041,186.88986231955695,186.5340932869762,186.5340932869762
viterbi_base_model,S-A8,60.0,1620.041,211.23122863011162,207.1111402839098,207.1111402839098
viterbi_base_model,S-A8,60.0,1680.041,170.03550387997635,169.3395547336555,169.3395547336555
viterbi_base_model,S-A8,60.0,1740.041,288.76103079096566,288.91853304710287,288.91853304710287
viterbi_base_model,S-A8,60.0,1800.041,253.19569885624736,252.9627057619853,252.9627057619853
viterbi_base_model,S-A8,60.0,1860.041,527.9133128706837,519.4062345723196,519.4062345723196
viterbi_base_model,S-A8,60.0,1920.041,817.1328338699951,512.0898308270399,512.0898308270399
viterbi_base_model,S-A8,60.0,1980.041,492.69926373916473,496.3767429581504,496.3767429581504
viterbi_base_model,S-A8,60.0,2040.041,369.1673141935964,372.90267685925716,372.90267685925716
viterbi_base_model,S-A8,60.0,2100.041,161.11318668627646,159.74205904114703,159.74205904114703
viterbi_base_model,S-A8,60.0,2160.041,384.1893479561201,385.34701674394233,385.34701674394233
viterbi_base_model,S-A8,60.0,2220.041,297.03565765953977,-302.3075192605283,302.3075192605283
viterbi_base_model,S-A8,60.0,2280.041,131.56578258786448,-134.84111615892837,134.84111615892837
viterbi_base_model,S-A8,60.0,2340.041,230.3619217206231,-231.97558121491073,231.97558121491073
viterbi_base_model,S-A8,60.0,2400.041,49.80051460387913,48.86728874601371,48.86728874601371
viterbi_base_model,S-A8,60.0,2460.041,309.42125307032137,-313.68715490293226,313.68715490293226
viterbi_base_model,S-A8,60.0,2520.041,644.8407350703455,653.3432554695169,653.3432554695169
viterbi_base_model,S-A8,60.0,2580.041,406.328447574914,-417.79407778108066,417.79407778108066
viterbi_base_model,S-A8,60.0,2640.041,36.22019604571943,-39.919007697645156,39.919007697645156
viterbi_base_model,S-A8,60.0,2700.041,278.6585529562659,-291.7996253904582,291.7996253904582
viterbi_base_model,S-A8,60.0,2760.041,402.6676406322001,-404.3910220387506,404.3910220387506
viterbi_base_model,S-A8,60.0,2820.041,550.1393874307258,-90.9808341698754,90.9808341698754
viterbi_base_model,S-A8,60.0,2880.041,215.13898768712,214.72258630811598,214.72258630811598
viterbi_base_model,S-A8,60.0,2940.041,354.27758712625405,365.5198745215289,365.5198745215289
viterbi_base_model,S-A8,60.0,3060.041,917.8672459965735,927.8586097249092,927.8586097249092
viterbi_base_model,S-A8,60.0,3120.041,30.629198375157216,-32.131300980465376,32.131300980465376
viterbi_base_model,S-A8,60.0,3180.041,270.29463718225645,285.4696166610318,285.4696166610318
viterbi_base_model,S-A8,60.0,3240.041,36.490596548463515,-17.899115310811318,17.899115310811318
viterbi_base_model,S-A8,60.0,3300.041,70.6999665603752,-72.7027989158716,72.7027989158716
viterbi_base_model,S-A8,60.0,3360.041,132.68987737628066,-133.3668890889839,133.3668890889839
viterbi_base_model,S-A8,60.0,3420.041,111.34553603407556,-112.31295006267582,112.31295006267582
viterbi_base_model,S-A8,60.0,3480.041,379.9696106623948,-400.9317824777157,400.9317824777157
viterbi_base_model,S-A8,60.0,3540.041,209.1405565591704,-213.78178512068718,213.78178512068718
viterbi_base_model,S-A8,60.0,3600.041,73.29132846353059,-73.21619852539347,73.21619852539347
viterbi_base_model,S-A8,60.0,3660.041,249.45251824959507,-249.01066389049308,249.01066389049308
viterbi_base_model,S-A8,60.0,3720.041,413.26176935678365,-60.89859274669661,60.89859274669661
viterbi_base_model,S-A8,60.0,3780.041,137.66061657886794,137.09029500104216,137.09029500104216
viterbi_base_model,S-A8,60.0,3840.041,279.08971260065414,278.7940347508205,278.7940347508205
viterbi_base_model,S-A8,60.0,3900.041,366.1114993919937,365.24630350248555,365.24630350248555
viterbi_base_model,S-A8,60.0,3960.041,70.45533342157283,69.24183677069868,69.24183677069868
viterbi_base_model,S-A8,60.0,4020.041,52.11661399574992,50.812706128292405,50.812706128292405
viterbi_base_model,S-A8,60.0,4080.041,218.54468412488197,-219.0205295085662,219.0205295085662
viterbi_base_model,S-A8,60.0,4140.041,176.0285120316971,162.74087956130126,162.74087956130126
viterbi_base_model,S-A8,60.0,4200.041,425.80852239511086,425.784782293951,425.784782293951
viterbi_base_model,S-A8,60.0,4260.041,653.219315437983,561.8327830010608,561.8327830010608
viterbi_base_model,S-A8,60.0,4320.041,123.22841460290324,-121.23344857221461,121.23344857221461
viterbi_base_model,S-A8,60.0,4380.041,120.00159907689347,117.57913307840816,117.57913307840816
viterbi_base_model,S-A8,60.0,4440.041,527.6038198790906,-540.8850159006943,540.8850159006943
viterbi_base_model,S-A8,60.0,4500.041,281.0806106540278,-285.4916266331815,285.4916266331815
viterbi_base_model,S-A8,60.0,4560.041,319.9796575364819,-326.8550167842027,326.8550167842027
viterbi_base_model,S-A8,60.0,4620.041,296.25878100843363,-296.7200190765559,296.7200190765559
viterbi_base_model,S-A8,60.0,4680.041,364.8599013207895,-378.80119274055653,378.80119274055653
viterbi_base_model,S-A8,60.0,4740.041,146.59741266549852,-148.87111275786907,148.87111275786907
viterbi_base_model,S-A8,60.0,4800.041,42.6461669326231,42.64912847026828,42.64912847026828
viterbi_base_model,S-A8,60.0,4860.041,440.37828597640777,-443.45830990214847,443.45830990214847
viterbi_base_model,S-A8,60.0,4920.041,95.22620233295024,-95.5255274046056,95.5255274046056
viterbi_base_model,S-A8,60.0,4980.041,459.88345303567564,-463.69466735304064,463.69466735304064
viterbi_base_model,S-A8,60.0,5040.041,162.9350387000165,-164.58819440461377,164.58819440461377
viterbi_base_model,S-A8,60.0,5100.041,121.33480493131009,119.56501453431994,119.56501453431994
viterbi_base_model,S-A8,60.0,5160.041,221.15210961226623,219.83752944602656,219.83752944602656
viterbi_base_model,S-A8,60.0,5220.041,46.620693882794015,46.103043166127875,46.103043166127875
viterbi_base_model,S-A8,60.0,5280.041,283.38771827872415,283.6264857412426,283.6264857412426
viterbi_base_model,S-A8,60.0,5340.041,287.4790337427418,285.7944507830027,285.7944507830027
viterbi_base_model,S-A8,60.0,5400.041,773.1589147202882,5.535701126425918,5.535701126425918
viterbi_base_model,S-A8,60.0,5460.041,171.55101286023208,-177.6390253959891,177.6390253959891
viterbi_base_model,S-A8,60.0,5520.041,321.4435337844339,-332.2461391610732,332.2461391610732
viterbi_base_model,S-A8,60.0,5580.041,391.746454303645,-394.3312117942453,394.3312117942453
viterbi_base_model,S-A8,60.0,5640.041,169.37172934321003,169.26648642069293,169.26648642069293
viterbi_base_model,S-A8,60.0,5700.041,468.6213208309496,-476.1769145450932,476.1769145450932
viterbi_base_model,S-A8,60.0,5760.041,271.2540659607493,-191.54201431336637,191.54201431336637
viterbi_base_model,S-A8,60.0,5820.041,258.23687626684153,-258.42476727153644,258.42476727153644
viterbi_base_model,S-A8,60.0,5880.041,106.21129108699796,-111.42887570347509,111.42887570347509
viterbi_base_model,S-A8,60.0,5940.041,288.2641661239095,292.9820470906385,292.9820470906385
viterbi_base_model,S-A8,60.0,6060.041,661.6338622085448,322.23015418286695,322.23015418286695
viterbi_base_model,S-A8,60.0,6120.041,234.5489182135983,-244.96493165104982,244.96493165104982
viterbi_base_model,S-A8,60.0,6180.041,594.611714721989,630.6805195510499,630.6805195510499
viterbi_base_model,S-A8,60.0,6300.041,185.32575590625805,-188.1911012800529,188.1911012800529
viterbi_base_model,S-A8,60.0,6360.041,465.1864568719629,472.486853696445,472.486853696445
viterbi_base_model,S-A8,60.0,6420.041,515.826666613978,516.31112074066,516.31112074066
viterbi_base_model,S-A8,60.0,6480.041,759.9722693749421,768.6013615995018,768.6013615995018
viterbi_base_model,S-A8,60.0,6540.041,489.35734542712,436.87906746345595,436.87906746345595
viterbi_fitted_model,S-A8,10.0,90.041,71.06566931684142,72.82554058135517,72.82554058135517
viterbi_fitted_model,S-A8,10.0,100.041,13.065676549631283,12.039984313650677,12.039984313650677
viterbi_fitted_model,S-A8,10.0,110.041,32.23385840166107,-33.33152220666872,33.33152220666872
viterbi_fitted_model,S-A8,10.0,120.041,26.91154220085501,-27.69378966237761,27.69378966237761
viterbi_fitted_model,S-A8,10.0,130.041,45.65635500997065,44.77879612480557,44.77879612480557
viterbi_fitted_model,S-A8,10.0,140.041,25.960950567918506,22.179267877244264,22.179267877244264
viterbi_fitted_model,S-A8,10.0,150.041,89.63117399093275,89.15902043871948,89.15902043871948
viterbi_fitted_model,S-A8,10.0,160.041,81.80104592926799,81.75161515628486,81.75161515628486
viterbi_fitted_model,S-A8,10.0,170.041,53.74967317951409,53.272346773785664,53.272346773785664
viterbi_fitted_model,S-A8,10.0,180.041,44.75180703117381,-44.83074059732783,44.83074059732783
viterbi_fitted_model,S-A8,10.0,190.041,26.179821317664118,-25.495961645580902,25.495961645580902
viterbi_fitted_model,S-A8,10.0,200.041,7.481087693408346,0.33745994920692013,0.33745994920692013
viterbi_fitted_model,S-A8,10.0,210.041,64.76661839011693,-63.054410943468795,63.054410943468795
viterbi_fitted_model,S-A8,10.0,220.041,62.52862305001852,60.84228856536295,60.84228856536295
viterbi_fitted_model,S-A8,10.0,230.041,5.849822578068607,-5.587593186652445,5.587593186652445
viterbi_fitted_model,S-A8,10.0,240.041,59.27490465398027,59.30083186066216,59.30083186066216
viterbi_fitted_model,S-A8,10.0,250.041,77.71793058648517,77.68712958435417,77.68712958435417
viterbi_fitted_model,S-A8,10.0,260.041,33.078166697078565,32.872440086361976,32.872440086361976
viterbi_fitted_model,S-A8,10.0,270.041,52.49521622351278,52.462359685670435,52.462359685670435
viterbi_fitted_model,S-A8,10.0,280.041,70.9547112733045,70.89587918791828,70.89587918791828
viterbi_fitted_model,S-A8,10.0,290.041,60.91161063796171,60.61120581134837,60.61120581134837
viterbi_fitted_model,S-A8,10.0,300.041,22.23630232566315,20.86389298132441,20.86389298132441
viterbi_fitted_model,S-A8,10.0,310.041,44.40765081773798,44.43629761033357,44.43629761033357
viterbi_fitted_model,S-A8,10.0,320.041,64.4838122841281,64.47197249788687,64.47197249788687
viterbi_fitted_model,S-A8,10.0,330.041,33.61830077193095,33.56569383437365,33.56569383437365
viterbi_fitted_model,S-A8,10.0,340.041,37.02881530883062,36.98607605823449,36.98607605823449
viterbi_fitted_model,S-A8,10.0,350.041,58.516339787021884,58.44272170933607,58.44272170933607
viterbi_fitted_model,S-A8,10.0,360.041,41.852028550844956,-41.86266770394917,41.86266770394917
viterbi_fitted_model,S-A8,10.0,370.041,32.68552876233979,32.47611730037869,32.47611730037869
viterbi_fitted_model,S-A8,10.0,380.041,16.835900617870493,15.779345535500102,15.779345535500102
viterbi_fitted_model,S-A8,10.0,390.041,47.142030017059746,46.74957112460183,46.74957112460183
viterbi_fitted_model,S-A8,10.0,400.041,65.18451265834155,-65.80043044151252,65.80043044151252
viterbi_fitted_model,S-A8,10.0,410.041,24.888629532674347,-25.677816319275916,25.677816319275916
viterbi_fitted_model,S-A8,10.0,420.041,15.884092610835935,8.253473928496934,8.253473928496934
viterbi_fitted_model,S-A8,10.0,430.041,15.511738994634227,-15.13599177826443,15.13599177826443
viterbi_fitted_model,S-A8,10.0,440.041,5.762092794894839,-5.715626325387952,5.715626325387952
viterbi_fitted_model,S-A8,10.0,450.041,56.101646136435214,-56.77335522370646,56.77335522370646
viterbi_fitted_model,S-A8,10.0,460.041,13.551763321540447,-13.724240860719231,13.724240860719231
viterbi_fitted_model,S-A8,10.0,470.041,47.581602361205945,46.58080654486226,46.58080654486226
viterbi_fitted_model,S-A8,10.0,480.041,11.61120615819598,11.59247645865607,11.59247645865607
viterbi_fitted_model,S-A8,10.0,490.041,34.37970535665404,-34.366017282077095,34.366017282077095
viterbi_fitted_model,S-A8,10.0,500.041,63.630875804652725,-64.10268087268526,64.10268087268526
viterbi_fitted_model,S-A8,10.0,510.041,39.709018642520434,-38.61282009907994,38.61282009907994
viterbi_fitted_model,S-A8,10.0,520.0409999999999,21.53033455491425,21.298904473277638,21.298904473277638
viterbi_fitted_model,S-A8,10.0,530.0409999999999,7.0729287017274265,5.122377909051643,5.122377909051643
viterbi_fitted_model,S-A8,10.0,540.0409999999999,20.46540555987665,20.248968772809345,20.248968772809345
viterbi_fitted_model,S-A8,10.0,550.0409999999999,32.39419054199662,32.20931275452343,32.20931275452343
viterbi_fitted_model,S-A8,10.0,560.0409999999999,96.13273196734508,96.09937679666763,96.09937679666763
viterbi_fitted_model,S-A8,10.0,570.0409999999999,92.7637730231718,92.41592031544498,92.41592031544498
viterbi_fitted_model,S-A8,10.0,580.0409999999999,65.55845175037848,65.34286935372296,65.34286935372296
viterbi_fitted_model,S-A8,10.0,590.0409999999999,54.43031642597459,53.96604362444665,53.96604362444665
viterbi_fitted_model,S-A8,10.0,600.0409999999999,68.00246343862042,67.88762081698107,67.88762081698107
viterbi_fitted_model,S-A8,10.0,610.0409999999999,17.64798568052054,-17.983850699105695,17.983850699105695
viterbi_fitted_model,S-A8,10.0,620.0409999999999,33.27213382070246,-33.48568587817147,33.48568587817147
viterbi_fitted_model,S-A8,10.0,630.0409999999999,54.05148627295653,-54.37962068977822,54.37962068977822
viterbi_fitted_model,S-A8,10.0,640.0409999999999,53.178825676530415,-53.34677301244504,53.34677301244504
viterbi_fitted_model,S-A8,10.0,650.0409999999999,44.70597609706952,-44.49053450197735,44.49053450197735
viterbi_fitted_model,S-A8,10.0,660.0409999999999,89.96248890616724,-89.95158371876329,89.95158371876329
viterbi_fitted_model,S-A8,10.0,670.0409999999999,3.009875380424693,-0.09642131749420457,0.09642131749420457
viterbi_fitted_model,S-A8,10.0,680.0409999999999,44.608879798463654,44.35953709141526,44.35953709141526
viterbi_fitted_model,S-A8,10.0,690.0409999999999,20.088525467150102,20.04842840661764,20.04842840661764
viterbi_fitted_model,S-A8,10.0,700.0409999999999,16.012206830780773,-15.831710537246376,15.831710537246376
viterbi_fitted_model,S-A8,10.0,710.0409999999999,28.079035398688855,28.052183357685355,28.052183357685355
viterbi_fitted_model,S-A8,10.0,720.0409999999999,7.940056855929597,7.841776840238076,7.841776840238076
viterbi_fitted_model,S-A8,10.0,730.0409999999999,34.1780597112858,33.39710088178735,33.39710088178735
viterbi_fitted_model,S-A8,10.0,740.0409999999999,20.228865722784178,-20.302942469918055,20.302942469918055
viterbi_fitted_model,S-A8,10.0,750.0409999999999,18.352225319152748,-18.384669215256114,18.384669215256114
viterbi_fitted_model,S-A8,10.0,760.0409999999999,55.22438892500493,-55.28190835721273,55.28190835721273
viterbi_fitted_model,S-A8,10.0,770.0409999999999,1.81933607072003,0.37687416176905586,0.37687416176905586
viterbi_fitted_model,S-A8,10.0,780.0409999999999,3.5862691224228262,-3.6148950362134755,3.6148950362134755
viterbi_fitted_model,S-A8,10.0,790.0409999999999,30.768191519405214,30.62606262649465,30.62606262649465
viterbi_fitted_model,S-A8,10.0,800.0409999999999,64.95621851270383,64.70695195786087,64.70695195786087
viterbi_fitted_model,S-A8,10.0,810.0409999999999,66.14398354187274,66.0604829310133,66.0604829310133
viterbi_fitted_model,S-A8,10.0,820.0409999999999,38.11872016657039,37.9739537604037,37.9739537604037
viterbi_fitted_model,S-A8,10.0,830.0409999999999,31.57583792911876,31.485319225717618,31.485319225717618
viterbi_fitted_model,S-A8,10.0,840.0409999999999,24.233601497025155,23.187253330271936,23.187253330271936
viterbi_fitted_model,S-A8,10.0,850.0409999999999,11.015478274490574,-11.089039656176812,11.089039656176812
viterbi_fitted_model,S-A8,10.0,860.0409999999999,72.98069632092879,-72.80640733202277,72.80640733202277
viterbi_fitted_model,S-A8,10.0,870.0409999999999,15.761863621832632,16.000583184319986,16.000583184319986
viterbi_fitted_model,S-A8,10.0,880.0409999999999,3.942347633318036,-3.5907892025388968,3.5907892025388968
viterbi_fitted_model,S-A8,10.0,890.0409999999999,24.85814771835762,24.750709152404678,24.750709152404678
viterbi_fitted_model,S-A8,10.0,900.0409999999999,83.37427117776184,-83.34754561405038,83.34754561405038
viterbi_fitted_model,S-A8,10.0,910.0409999999999,5.635451108189643,-5.6889334468203,5.6889334468203
viterbi_fitted_model,S-A8,10.0,920.0409999999999,51.02914510811781,50.90163014945689,50.90163014945689
viterbi_fitted_model,S-A8,10.0,930.0409999999999,32.06492136852097,31.945415936126825,31.945415936126825
viterbi_fitted_model,S-A8,10.0,940.0409999999999,13.651285674589026,-13.571731307332996,13.571731307332996
viterbi_fitted_model,S-A8,10.0,950.0409999999999,1.9462307886151833,-2.071521652504213,2.071521652504213
viterbi_fitted_model,S-A8,10.0,960.0409999999999,14.128744646184163,14.06604219868995,14.06604219868995
viterbi_fitted_model,S-A8,10.0,970.0409999999999,89.34038195898046,-89.04614412315823,89.04614412315823
viterbi_fitted_model,S-A8,10.0,980.0409999999999,19.921336038506716,19.47678768906981,19.47678768906981
viterbi_fitted_model,S-A8,10.0,990.0409999999999,42.73746430628911,42.631623972835335,42.631623972835335
viterbi_fitted_model,S-A8,10.0,1000.0409999999999,73.66623650280748,73.58491742983995,73.58491742983995
viterbi_fitted_model,S-A8,10.0,1010.0409999999999,56.75502111644886,56.583391364806374,56.583391364806374
viterbi_fitted_model,S-A8,10.0,1020.0409999999999,59.67806361842928,59.541069291025515,59.541069291025515
viterbi_fitted_model,S-A8,10.0,1030.041,53.79277745056898,53.7347455995086,53.7347455995086
viterbi_fitted_model,S-A8,10.0,1040.041,52.3754172266192,52.33977101413626,52.33977101413626
viterbi_fitted_model,S-A8,10.0,1050.041,49.899887715138036,49.6747887889517,49.6747887889517
viterbi_fitted_model,S-A8,10.0,1060.041,26.00029866091862,25.900122597669295,25.900122597669295
viterbi_fitted_model,S-A8,10.0,1070.041,33.20832470550985,33.14018115653574,33.14018115653574
viterbi_fitted_model,S-A8,10.0,1080.041,12.377273822898188,12.288250635907108,12.288250635907108
viterbi_fitted_model,S-A8,10.0,1090.041,34.85069139760492,34.72744129350314,34.72744129350314
viterbi_fitted_model,S-A8,10.0,1100.041,13.526670079487019,-13.795839958681356,13.795839958681356
viterbi_fitted_model,S-A8,10.0,1110.041,14.635126241489697,14.413017928486376,14.413017928486376
viterbi_fitted_model,S-A8,10.0,1120.041,55.29530508320332,-55.40119294236108,55.40119294236108
viterbi_fitted_model,S-A8,10.0,1130.041,2.903886152720583,2.7795396348489874,2.7795396348489874
viterbi_fitted_model,S-A8,10.0,1140.041,14.60728035287467,-14.41899096451947,14.41899096451947
viterbi_fitted_model,S-A8,10.0,1150.041,33.01477290057567,-33.07156166554549,33.07156166554549
viterbi_fitted_model,S-A8,10.0,1160.041,62.765062267576575,62.60772722445198,62.60772722445198
viterbi_fitted_model,S-A8,10.0,1170.041,50.1123541733162,50.139680727213715,50.139680727213715
viterbi_fitted_model,S-A8,10.0,1180.041,0.9662488087496629,0.6105227957714945,0.6105227957714945
viterbi_fitted_model,S-A8,10.0,1190.041,5.5752995964614955,-5.88437145732405,5.88437145732405
viterbi_fitted_model,S-A8,10.0,1200.041,17.039536101943263,16.77424581512855,16.77424581512855
viterbi_fitted_model,S-A8,10.0,1210.041,24.54281455511906,24.16437623150936,24.16437623150936
viterbi_fitted_model,S-A8,10.0,1220.041,6.793594363772469,-1.1213667981956412,1.1213667981956412
viterbi_fitted_model,S-A8,10.0,1230.041,64.67589580352632,-63.21747619000272,63.21747619000272
viterbi_fitted_model,S-A8,10.0,1240.041,43.158409206026235,43.06246822263388,43.06246822263388
viterbi_fitted_model,S-A8,10.0,1250.041,35.24641407859596,35.20248286790759,35.20248286790759
viterbi_fitted_model,S-A8,10.0,1260.041,9.833103893256284,9.68490491997892,9.68490491997892
viterbi_fitted_model,S-A8,10.0,1270.041,40.10779285248117,-39.85322837333645,39.85322837333645
viterbi_fitted_model,S-A8,10.0,1280.041,2.8410444375577613,2.6985009906950914,2.6985009906950914
viterbi_fitted_model,S-A8,10.0,1290.041,78.17587637196381,-78.4620531808986,78.4620531808986
viterbi_fitted_model,S-A8,10.0,1300.041,22.652929502446582,21.732128491665875,21.732128491665875
viterbi_fitted_model,S-A8,10.0,1310.041,8.409482572518305,-7.3662911044289245,7.3662911044289245
viterbi_fitted_model,S-A8,10.0,1320.041,35.74422625776006,34.784425818344,34.784425818344
viterbi_fitted_model,S-A8,10.0,1330.041,1.6917944807846657,0.9673024522123725,0.9673024522123725
viterbi_fitted_model,S-A8,10.0,1340.041,8.869799978276454,8.44799657765876,8.44799657765876
viterbi_fitted_model,S-A8,10.0,1350.041,10.138160840606025,8.531658828786718,8.531658828786718
viterbi_fitted_model,S-A8,10.0,1360.041,15.137873963789067,-15.13737632100754,15.13737632100754
viterbi_fitted_model,S-A8,10.0,1370.041,26.079967852949707,-26.32174635905121,26.32174635905121
viterbi_fitted_model,S-A8,10.0,1380.041,48.64925532307067,48.5261124494353,48.5261124494353
viterbi_fitted_model,S-A8,10.0,1390.041,6.660594490649428,6.305623133463879,6.305623133463879
viterbi_fitted_model,S-A8,10.0,1400.041,76.75987452223539,76.72567985575024,76.72567985575024
viterbi_fitted_model,S-A8,10.0,1410.041,9.513754331108794,9.237127342400775,9.237127342400775
viterbi_fitted_model,S-A8,10.0,1420.041,15.714465485268056,-15.771200427765805,15.771200427765805
viterbi_fitted_model,S-A8,10.0,1430.041,111.16558600692947,111.104692019371,111.104692019371
viterbi_fitted_model,S-A8,10.0,1440.041,18.372217095002235,-18.51663051321982,18.51663051321982
viterbi_fitted_model,S-A8,10.0,1450.041,13.260115099568639,-13.262990475516347,13.262990475516347
viterbi_fitted_model,S-A8,10.0,1460.041,15.777319818458295,15.758729550057843,15.758729550057843
viterbi_fitted_model,S-A8,10.0,1470.041,38.219499743495,-38.26663041422587,38.26663041422587
viterbi_fitted_model,S-A8,10.0,1480.041,22.792374880199112,22.596006406918942,22.596006406918942
viterbi_fitted_model,S-A8,10.0,1490.041,4.252567229535711,-3.64789787775225,3.64789787775225
viterbi_fitted_model,S-A8,10.0,1500.041,15.298426315396096,-14.77741109397504,14.77741109397504
viterbi_fitted_model,S-A8,10.0,1510.041,34.51802313955812,34.473473738968806,34.473473738968806
viterbi_fitted_model,S-A8,10.0,1520.041,19.752171867221897,19.68041379400184,19.68041379400184
viterbi_fitted_model,S-A8,10.0,1530.041,14.523825189917156,-14.45546104969187,14.45546104969187
viterbi_fitted_model,S-A8,10.0,1540.041,11.604681188929874,11.798249390558535,11.798249390558535
viterbi_fitted_model,S-A8,10.0,1550.041,35.534862109366586,34.41752812875373,34.41752812875373
viterbi_fitted_model,S-A8,10.0,1560.041,32.137987105606044,32.15656892492466,32.15656892492466
viterbi_fitted_model,S-A8,10.0,1570.041,62.57309630497396,62.3820404971181,62.3820404971181
viterbi_fitted_model,S-A8,10.0,1580.041,60.78030818173611,60.83366739823853,60.83366739823853
viterbi_fitted_model,S-A8,10.0,1590.041,12.329819854281743,12.220326919477447,12.220326919477447
viterbi_fitted_model,S-A8,10.0,1600.041,4.3792551149650825,-4.389274925553288,4.389274925553288
viterbi_fitted_model,S-A8,10.0,1610.041,23.350906751970914,23.334581034743092,23.334581034743092
viterbi_fitted_model,S-A8,10.0,1620.041,15.843803531352775,15.755674651611105,15.755674651611105
viterbi_fitted_model,S-A8,10.0,1630.041,91.52144165148643,90.39327761993471,90.39327761993471
viterbi_fitted_model,S-A8,10.0,1640.041,10.17090992124626,-10.106510622133989,10.106510622133989
viterbi_fitted_model,S-A8,10.0,1650.041,43.266695910228634,43.263490908057605,43.263490908057605
viterbi_fitted_model,S-A8,10.0,1660.041,41.57078139079788,41.79101613182331,41.79101613182331
viterbi_fitted_model,S-A8,10.0,1670.041,26.474433879026684,26.05482513257338,26.05482513257338
viterbi_fitted_model,S-A8,10.0,1680.041,39.333530176071235,39.42038595822222,39.42038595822222
viterbi_fitted_model,S-A8,10.0,1690.041,43.86731092314428,43.8562550176662,43.8562550176662
viterbi_fitted_model,S-A8,10.0,1700.041,72.51912118735964,72.30615417682439,72.30615417682439
viterbi_fitted_model,S-A8,10.0,1710.041,22.2472003877197,22.14970410845039,22.14970410845039
viterbi_fitted_model,S-A8,10.0,1720.041,26.761782244813073,26.456900042181882,26.456900042181882
viterbi_fitted_model,S-A8,10.0,1730.041,34.83547428762494,-34.854827803010124,34.854827803010124
viterbi_fitted_model,S-A8,10.0,1740.041,14.452858847932486,-13.5561999027212,13.5561999027212
viterbi_fitted_model,S-A8,10.0,1750.041,27.095689564654688,26.707306602826097,26.707306602826097
viterbi_fitted_model,S-A8,10.0,1760.041,113.40646304663363,113.41750451530555,113.41750451530555
viterbi_fitted_model,S-A8,10.0,1770.041,70.72240939202611,70.691084723231,70.691084723231
viterbi_fitted_model,S-A8,10.0,1780.041,44.10966905017288,44.08543833851441,44.08543833851441
viterbi_fitted_model,S-A8,10.0,1790.041,47.628611685319655,47.57473998686211,47.57473998686211
viterbi_fitted_model,S-A8,10.0,1800.041,40.259710640780014,40.196164826286704,40.196164826286704
viterbi_fitted_model,S-A8,10.0,1810.041,38.69736535654128,38.67744477956208,38.67744477956208
viterbi_fitted_model,S-A8,10.0,1820.041,65.17754570588794,65.16396986238134,65.16396986238134
viterbi_fitted_model,S-A8,10.0,1830.041,37.998652108833106,37.94499325930914,37.94499325930914
viterbi_fitted_model,S-A8,10.0,1840.041,44.164470664113836,44.08275741133622,44.08275741133622
viterbi_fitted_model,S-A8,10.0,1850.041,27.088937764274522,26.897366630052428,26.897366630052428
viterbi_fitted_model,S-A8,10.0,1860.041,21.745949656826255,21.714946787118663,21.714946787118663
viterbi_fitted_model,S-A8,10.0,1870.041,60.62759126748925,60.57823813225576,60.57823813225576
viterbi_fitted_model,S-A8,10.0,1880.041,28.234082683721002,25.362941490728588,25.362941490728588
viterbi_fitted_model,S-A8,10.0,1890.041,80.1750983828245,77.9646398447463,77.9646398447463
viterbi_fitted_model,S-A8,10.0,1900.041,177.32229472179463,176.74957894057505,176.74957894057505
viterbi_fitted_model,S-A8,10.0,1920.041,33.43575145804848,-31.706599471264916,31.706599471264916
viterbi_fitted_model,S-A8,10.0,1930.041,22.25666910192373,-21.224572414204737,21.224572414204737
viterbi_fitted_model,S-A8,10.0,1970.041,55.036788998013165,-53.31628139774299,53.31628139774299
viterbi_fitted_model,S-A8,10.0,1980.041,76.39580337776385,76.36964953813334,76.36964953813334
viterbi_fitted_model,S-A8,10.0,1990.041,9.185261849360073,8.979702594729673,8.979702594729673
viterbi_fitted_model,S-A8,10.0,2000.041,74.14369774005858,73.98523104913974,73.98523104913974
viterbi_fitted_model,S-A8,10.0,2010.041,44.135377056381515,43.58297734407088,43.58297734407088
viterbi_fitted_model,S-A8,10.0,2020.041,198.01322015689593,199.56900453167867,199.56900453167867
viterbi_fitted_model,S-A8,10.0,2040.041,66.108391278555,65.9476602051865,65.9476602051865
viterbi_fitted_model,S-A8,10.0,2050.041,81.91977950556665,81.67967918388568,81.67967918388568
viterbi_fitted_model,S-A8,10.0,2060.041,25.07867641268138,25.12923735593767,25.12923735593767
viterbi_fitted_model,S-A8,10.0,2070.041,55.725855140551054,55.57545680854251,55.57545680854251
viterbi_fitted_model,S-A8,10.0,2080.041,103.01061445925386,102.71415689378941,102.71415689378941
viterbi_fitted_model,S-A8,10.0,2090.041,40.61045285106449,41.93649411421769,41.93649411421769
viterbi_fitted_model,S-A8,10.0,2100.041,122.42523823980336,-122.78781850073945,122.78781850073945
viterbi_fitted_model,S-A8,10.0,2110.041,70.73161160368238,-70.94566769446023,70.94566769446023
viterbi_fitted_model,S-A8,10.0,2120.041,39.724412631936076,39.404724477879036,39.404724477879036
viterbi_fitted_model,S-A8,10.0,2130.041,50.805186023063776,50.72661883210418,50.72661883210418
viterbi_fitted_model,S-A8,10.0,2140.041,107.91019738217545,107.87799608183522,107.87799608183522
viterbi_fitted_model,S-A8,10.0,2150.041,155.71495716533514,155.51338644099445,155.51338644099445
viterbi_fitted_model,S-A8,10.0,2160.041,169.8328946381678,169.37254746824198,169.37254746824198
viterbi_fitted_model,S-A8,10.0,2180.041,107.26263366605065,107.79610047959878,107.79610047959878
viterbi_fitted_model,S-A8,10.0,2190.041,19.636105920927072,-19.803227639222257,19.803227639222257
viterbi_fitted_model,S-A8,10.0,2200.041,35.439876438466555,-35.601131444613515,35.601131444613515
viterbi_fitted_model,S-A8,10.0,2210.041,42.10940276714535,-41.82400737050564,41.82400737050564
viterbi_fitted_model,S-A8,10.0,2220.041,27.579806907449544,-27.94839922845022,27.94839922845022
viterbi_fitted_model,S-A8,10.0,2230.041,75.80498583061579,-75.46723889563788,75.46723889563788
viterbi_fitted_model,S-A8,10.0,2240.041,62.09799874714317,-62.26469597904183,62.26469597904183
viterbi_fitted_model,S-A8,10.0,2250.041,30.867466364077487,-31.00711454687498,31.00711454687498
viterbi_fitted_model,S-A8,10.0,2260.041,20.222618057210553,-20.345060853401396,20.345060853401396
viterbi_fitted_model,S-A8,10.0,2270.041,84.36594306216912,-85.2999414451962,85.2999414451962
viterbi_fitted_model,S-A8,10.0,2280.041,24.270103053381657,-24.224817046094753,24.224817046094753
viterbi_fitted_model,S-A8,10.0,2290.041,73.56508982403273,73.43385997049225,73.43385997049225
viterbi_fitted_model,S-A8,10.0,2300.041,8.790437390289105,8.737642985653036,8.737642985653036
viterbi_fitted_model,S-A8,10.0,2310.041,22.048155621264115,22.60242544575112,22.60242544575112
viterbi_fitted_model,S-A8,10.0,2320.041,87.08595359799537,-87.39312609009653,87.39312609009653
viterbi_fitted_model,S-A8,10.0,2330.041,127.08097746291041,-127.58691030435587,127.58691030435587
viterbi_fitted_model,S-A8,10.0,2340.041,43.90783113183694,-43.949080061780805,43.949080061780805
viterbi_fitted_model,S-A8,10.0,2350.041,85.72171606902184,-85.65249154771271,85.65249154771271
viterbi_fitted_model,S-A8,10.0,2360.041,21.674273095310934,-21.654027306409795,21.654027306409795
viterbi_fitted_model,S-A8,10.0,2370.041,149.1756662177313,-149.5584146948994,149.5584146948994
viterbi_fitted_model,S-A8,10.0,2380.041,23.251127248222538,22.983808977881264,22.983808977881264
viterbi_fitted_model,S-A8,10.0,2390.041,46.18662257141938,45.90692599755223,45.90692599755223
viterbi_fitted_model,S-A8,10.0,2400.041,42.23450876988468,42.137889810000694,42.137889810000694
viterbi_fitted_model,S-A8,10.0,2410.041,40.02449272988656,-40.12235186952288,40.12235186952288
viterbi_fitted_model,S-A8,10.0,2420.041,20.85738531138272,20.874734827949723,20.874734827949723
viterbi_fitted_model,S-A8,10.0,2430.041,64.30028672605505,64.12201469932876,64.12201469932876
viterbi_fitted_model,S-A8,10.0,2440.041,59.026410226421476,-58.755760031335775,58.755760031335775
viterbi_fitted_model,S-A8,10.0,2450.041,20.72570331988301,20.59116512443203,20.59116512443203
viterbi_fitted_model,S-A8,10.0,2460.041,46.29342352870022,-46.87217053704263,46.87217053704263
viterbi_fitted_model,S-A8,10.0,2470.041,80.00146103397843,-81.25813756314409,81.25813756314409
viterbi_fitted_model,S-A8,10.0,2480.041,97.44629377614422,-98.22028946898953,98.22028946898953
viterbi_fitted_model,S-A8,10.0,2490.041,95.12184597373717,-96.23999591331285,96.23999591331285
viterbi_fitted_model,S-A8,10.0,2500.041,39.23677921071222,38.61329880627039,38.61329880627039
viterbi_fitted_model,S-A8,10.0,2510.041,29.46584088644746,-29.69441713815863,29.69441713815863
viterbi_fitted_model,S-A8,10.0,2520.041,53.20084480371642,52.41324549005296,52.41324549005296
viterbi_fitted_model,S-A8,10.0,2530.041,111.50842372692439,111.31676233008702,111.31676233008702
viterbi_fitted_model,S-A8,10.0,2540.041,101.63317938673801,100.76926468584742,100.76926468584742
viterbi_fitted_model,S-A8,10.0,2550.041,218.35965736470408,218.3622810961817,218.3622810961817
viterbi_fitted_model,S-A8,10.0,2560.041,158.24748804172123,158.0734732894884,158.0734732894884
viterbi_fitted_model,S-A8,10.0,2570.041,12.504287959465131,12.424026242757549,12.424026242757549
viterbi_fitted_model,S-A8,10.0,2580.041,17.135114688314875,-18.521412830743184,18.521412830743184
viterbi_fitted_model,S-A8,10.0,2590.041,76.27493199537716,-76.86474267688082,76.86474267688082
viterbi_fitted_model,S-A8,10.0,2600.041,162.2751301573309,-162.50622094639456,162.50622094639456
viterbi_fitted_model,S-A8,10.0,2610.041,53.614521125822975,-53.83110753335171,53.83110753335171
viterbi_fitted_model,S-A8,10.0,2620.041,79.5373288257283,-89.39964711997412,89.39964711997412
viterbi_fitted_model,S-A8,10.0,2630.041,16.774193455356922,-16.66008857766398,16.66008857766398
viterbi_fitted_model,S-A8,10.0,2640.041,17.242272696478,17.055174285922785,17.055174285922785
viterbi_fitted_model,S-A8,10.0,2650.041,33.45614506368138,-35.37838691506765,35.37838691506765
viterbi_fitted_model,S-A8,10.0,2660.041,12.873508192338157,-13.452481130588602,13.452481130588602
viterbi_fitted_model,S-A8,10.0,2670.041,25.819892204772287,-26.219888036549023,26.219888036549023
viterbi_fitted_model,S-A8,10.0,2680.041,58.095145583962044,56.87257361988176,56.87257361988176
viterbi_fitted_model,S-A8,10.0,2690.041,39.27952891071872,-38.796796772589786,38.796796772589786
viterbi_fitted_model,S-A8,10.0,2700.041,34.339327351654646,-34.06867933199229,34.06867933199229
viterbi_fitted_model,S-A8,10.0,2710.041,24.896053195013135,-24.935095725224034,24.935095725224034
viterbi_fitted_model,S-A8,10.0,2720.041,48.09156103424728,47.07841685811324,47.07841685811324
viterbi_fitted_model,S-A8,10.0,2730.041,60.100187827317846,-59.44109363468397,59.44109363468397
viterbi_fitted_model,S-A8,10.0,2740.041,107.28212205371423,-107.51738782692307,107.51738782692307
viterbi_fitted_model,S-A8,10.0,2750.041,112.79980089300369,-112.93693125319771,112.93693125319771
viterbi_fitted_model,S-A8,10.0,2760.041,154.1685753296935,-154.11571813623044,154.11571813623044
viterbi_fitted_model,S-A8,10.0,2770.041,76.76535743316822,-76.20380377276679,76.20380377276679
viterbi_fitted_model,S-A8,10.0,2780.041,96.02708746928472,-96.12039999468489,96.12039999468489
viterbi_fitted_model,S-A8,10.0,2790.041,13.40438841061947,13.345114838383726,13.345114838383726
viterbi_fitted_model,S-A8,10.0,2800.041,28.99536513221901,-29.04479255768426,29.04479255768426
viterbi_fitted_model,S-A8,10.0,2810.041,62.20779654977578,-62.22814535314667,62.22814535314667
viterbi_fitted_model,S-A8,10.0,2820.041,32.45507672625085,32.43943370295075,32.43943370295075
viterbi_fitted_model,S-A8,10.0,2830.041,31.413562030998847,31.94671888099341,31.94671888099341
viterbi_fitted_model,S-A8,10.0,2840.041,14.365177962556185,-12.365673903727545,12.365673903727545
viterbi_fitted_model,S-A8,10.0,2850.041,159.24377893917327,-74.48139915597302,74.48139915597302
viterbi_fitted_model,S-A8,10.0,2860.041,103.32980858819978,-103.50223624946362,103.50223624946362
viterbi_fitted_model,S-A8,10.0,2870.041,36.294295416387094,36.19986405809303,36.19986405809303
viterbi_fitted_model,S-A8,10.0,2880.041,71.6487215547777,71.6329707120669,71.6329707120669
viterbi_fitted_model,S-A8,10.0,2890.041,28.85494659587684,28.82215122662618,28.82215122662618
viterbi_fitted_model,S-A8,10.0,2900.041,100.97627732864186,116.75130432494834,116.75130432494834
viterbi_fitted_model,S-A8,10.0,2910.041,100.97047732296294,132.8444611624677,132.8444611624677
viterbi_fitted_model,S-A8,10.0,2920.041,21.247315254293625,-16.190796639740366,16.190796639740366
viterbi_fitted_model,S-A8,10.0,2930.041,123.23198230606394,-121.88169681806195,121.88169681806195
viterbi_fitted_model,S-A8,10.0,2940.041,93.40718187722788,-93.82496248698146,93.82496248698146
viterbi_fitted_model,S-A8,10.0,2950.041,14.779073099097173,14.474677583827328,14.474677583827328
viterbi_fitted_model,S-A8,10.0,2960.041,35.78036878208353,35.673668479436074,35.673668479436074
viterbi_fitted_model,S-A8,10.0,2970.041,69.78278906897718,69.69560464055347,69.69560464055347
viterbi_fitted_model,S-A8,10.0,2980.041,168.13181841286735,200.36378593196622,200.36378593196622
viterbi_fitted_model,S-A8,10.0,2990.041,130.19904945924193,136.6165409621388,136.6165409621388
viterbi_fitted_model,S-A8,10.0,3010.041,61.21583139346624,-60.358244548733694,60.358244548733694
viterbi_fitted_model,S-A8,10.0,3020.041,64.76639936084477,-64.71962771115952,64.71962771115952
viterbi_fitted_model,S-A8,10.0,3030.041,34.47093902455243,34.223622611207745,34.223622611207745
viterbi_fitted_model,S-A8,10.0,3040.041,69.61495605042535,69.42420377748843,69.42420377748843
viterbi_fitted_model,S-A8,10.0,3050.041,161.92453924315106,237.8790158131789,237.8790158131789
viterbi_fitted_model,S-A8,10.0,3060.041,305.33402895107264,312.6691316088452,312.6691316088452
viterbi_fitted_model,S-A8,10.0,3110.041,82.48688634420209,-81.7017150551242,81.7017150551242
viterbi_fitted_model,S-A8,10.0,3120.041,23.288457091996165,-22.725776386632965,22.725776386632965
viterbi_fitted_model,S-A8,10.0,3130.041,91.24292441473656,91.21820224210279,91.21820224210279
viterbi_fitted_model,S-A8,10.0,3140.041,27.89155063539984,27.67026410636552,27.67026410636552
viterbi_fitted_model,S-A8,10.0,3150.041,92.15960379579369,-92.40178202720712,92.40178202720712
viterbi_fitted_model,S-A8,10.0,3160.041,61.33175172177116,-61.35577659267645,61.35577659267645
viterbi_fitted_model,S-A8,10.0,3170.041,25.523336474287948,25.47578141640335,25.47578141640335
viterbi_fitted_model,S-A8,10.0,3180.041,9.758719634709236,9.653153705276903,9.653153705276903
viterbi_fitted_model,S-A8,10.0,3190.041,12.384876797072812,-12.31063908539782,12.31063908539782
viterbi_fitted_model,S-A8,10.0,3200.041,2.535640134435112,-0.3209422178937622,0.3209422178937622
viterbi_fitted_model,S-A8,10.0,3210.041,37.91110525437815,37.90541027764169,37.90541027764169
viterbi_fitted_model,S-A8,10.0,3220.041,92.81550978314493,92.27307860748397,92.27307860748397
viterbi_fitted_model,S-A8,10.0,3230.041,157.76727590318015,158.70006503519798,158.70006503519798
viterbi_fitted_model,S-A8,10.0,3240.041,9.684296344388136,-4.886315494260396,4.886315494260396
viterbi_fitted_model,S-A8,10.0,3250.041,109.78704826991957,-51.60136586177782,51.60136586177782
viterbi_fitted_model,S-A8,10.0,3260.041,43.332155106119295,-43.36761190518085,43.36761190518085
viterbi_fitted_model,S-A8,10.0,3270.041,50.791124352814904,50.76072532259744,50.76072532259744
viterbi_fitted_model,S-A8,10.0,3280.041,6.2332201954320485,6.015437352042515,6.015437352042515
viterbi_fitted_model,S-A8,10.0,3290.041,25.315338040598704,25.28692443495128,25.28692443495128
viterbi_fitted_model,S-A8,10.0,3300.041,11.381533083031945,-11.43170919745247,11.43170919745247
viterbi_fitted_model,S-A8,10.0,3310.041,62.638050824804075,-62.38475811708205,62.38475811708205
viterbi_fitted_model,S-A8,10.0,3320.041,7.465272368286563,-7.0219829552712305,7.0219829552712305
viterbi_fitted_model,S-A8,10.0,3330.041,48.720684778449346,-49.39324255980297,49.39324255980297
viterbi_fitted_model,S-A8,10.0,3340.041,57.32135004648111,57.272704489314734,57.272704489314734
viterbi_fitted_model,S-A8,10.0,3350.041,1.17177152960236,0.26407377710721036,0.26407377710721036
viterbi_fitted_model,S-A8,10.0,3360.041,5.260125584395288,4.49319972072292,4.49319972072292
viterbi_fitted_model,S-A8,10.0,3370.041,3.270227730305982,-3.430620465641404,3.430620465641404
viterbi_fitted_model,S-A8,10.0,3380.041,66.36644772412079,-66.1291475172122,66.1291475172122
viterbi_fitted_model,S-A8,10.0,3390.041,166.48507962963103,-166.61143592899143,166.61143592899143
viterbi_fitted_model,S-A8,10.0,3400.041,47.173139477059834,47.05279181484421,47.05279181484421
viterbi_fitted_model,S-A8,10.0,3410.041,51.763202695362295,51.249230363834485,51.249230363834485
viterbi_fitted_model,S-A8,10.0,3420.041,16.658579926555323,15.574890125364227,15.574890125364227
viterbi_fitted_model,S-A8,10.0,3430.041,91.95049533275879,90.77589672074447,90.77589672074447
viterbi_fitted_model,S-A8,10.0,3440.041,55.56669141107088,-55.58743005034238,55.58743005034238
viterbi_fitted_model,S-A8,10.0,3450.041,25.370100484522833,-25.411929048572457,25.411929048572457
viterbi_fitted_model,S-A8,10.0,3460.041,61.083109898202636,-61.16670024759282,61.16670024759282
viterbi_fitted_model,S-A8,10.0,3470.041,76.13950436725369,-76.46427377616206,76.46427377616206
viterbi_fitted_model,S-A8,10.0,3480.041,132.09583934668066,-132.85577535721518,132.85577535721518
viterbi_fitted_model,S-A8,10.0,3490.041,68.91204473710614,-67.81478345418392,67.81478345418392
viterbi_fitted_model,S-A8,10.0,3500.041,15.316928540823767,-15.286177223348606,15.286177223348606
viterbi_fitted_model,S-A8,10.0,3510.041,134.91836262222535,-134.92261731652948,134.92261731652948
viterbi_fitted_model,S-A8,10.0,3520.041,80.17816866858057,-80.16983834104786,80.16983834104786
viterbi_fitted_model,S-A8,10.0,3530.041,46.99912281615899,29.119679268898977,29.119679268898977
viterbi_fitted_model,S-A8,10.0,3540.041,106.56366524090645,-107.11124550105728,107.11124550105728
viterbi_fitted_model,S-A8,10.0,3550.041,23.23652176111777,23.142549210682798,23.142549210682798
viterbi_fitted_model,S-A8,10.0,3560.041,8.073885672727528,7.48292382805721,7.48292382805721
viterbi_fitted_model,S-A8,10.0,3570.041,48.14922053630992,-48.465286265414264,48.465286265414264
viterbi_fitted_model,S-A8,10.0,3580.041,41.233964666249754,-39.530416536191694,39.530416536191694
viterbi_fitted_model,S-A8,10.0,3590.041,49.33673217075625,-49.32759932931399,49.32759932931399
viterbi_fitted_model,S-A8,10.0,3600.041,34.749417030579714,-34.57777119098314,34.57777119098314
viterbi_fitted_model,S-A8,10.0,3610.041,27.32087031916835,-27.24789619164147,27.24789619164147
viterbi_fitted_model,S-A8,10.0,3620.041,22.426835316912836,22.36846830193556,22.36846830193556
viterbi_fitted_model,S-A8,10.0,3630.041,13.369606352932841,-13.37198132457738,13.37198132457738
viterbi_fitted_model,S-A8,10.0,3640.041,24.444078656746235,24.444858338700993,24.444858338700993
viterbi_fitted_model,S-A8,10.0,3650.041,44.799513818825844,-44.82968870125349,44.82968870125349
viterbi_fitted_model,S-A8,10.0,3660.041,14.420191666605522,-14.423062086382629,14.423062086382629
viterbi_fitted_model,S-A8,10.0,3670.041,52.52009787262844,-52.4121991627243,52.4121991627243
viterbi_fitted_model,S-A8,10.0,3680.041,107.22366786553395,-107.2631454876707,107.2631454876707
viterbi_fitted_model,S-A8,10.0,3690.041,27.676320473260628,-27.696919682385182,27.696919682385182
viterbi_fitted_model,S-A8,10.0,3700.041,37.15666073932344,-36.912128764145216,36.912128764145216
viterbi_fitted_model,S-A8,10.0,3710.041,10.766005205549337,-10.33086318677207,10.33086318677207
viterbi_fitted_model,S-A8,10.0,3720.041,22.272366283555414,21.769854746045322,21.769854746045322
viterbi_fitted_model,S-A8,10.0,3730.041,3.5173850777339157,2.9780761111846594,2.9780761111846594
viterbi_fitted_model,S-A8,10.0,3740.041,45.72629572543385,62.331082913463206,62.331082913463206
viterbi_fitted_model,S-A8,10.0,3750.041,9.944724181919355,12.837383851405106,12.837383851405106
viterbi_fitted_model,S-A8,10.0,3760.041,74.41702620566546,-74.74091266431527,74.74091266431527
viterbi_fitted_model,S-A8,10.0,3770.041,86.60489659087324,-86.66774323074858,86.66774323074858
viterbi_fitted_model,S-A8,10.0,3780.041,70.69396678458574,70.6316945099584,70.6316945099584
viterbi_fitted_model,S-A8,10.0,3790.041,24.70403567778818,24.61114195963235,24.61114195963235
viterbi_fitted_model,S-A8,10.0,3800.041,21.834905361908785,21.671947657007873,21.671947657007873
viterbi_fitted_model,S-A8,10.0,3810.041,6.1724176201344,-6.167342583580005,6.167342583580005
viterbi_fitted_model,S-A8,10.0,3820.041,4.372545330417794,-3.8836167666927395,3.8836167666927395
viterbi_fitted_model,S-A8,10.0,3830.041,30.419702608108075,30.232858080023224,30.232858080023224
viterbi_fitted_model,S-A8,10.0,3840.041,72.63818602071815,72.45230083562168,72.45230083562168
viterbi_fitted_model,S-A8,10.0,3850.041,21.315086351231887,21.26690055953985,21.26690055953985
viterbi_fitted_model,S-A8,10.0,3860.041,62.27707992149452,62.12547186362049,62.12547186362049
viterbi_fitted_model,S-A8,10.0,3870.041,31.858096312070764,31.563820369141894,31.563820369141894
viterbi_fitted_model,S-A8,10.0,3880.041,81.69867523373294,81.08642813424093,81.08642813424093
viterbi_fitted_model,S-A8,10.0,3890.041,11.042873237561503,10.286276447757938,10.286276447757938
viterbi_fitted_model,S-A8,10.0,3900.041,73.4442628274338,73.42477335002259,73.42477335002259
viterbi_fitted_model,S-A8,10.0,3910.041,57.97243098352427,57.798977108727826,57.798977108727826
viterbi_fitted_model,S-A8,10.0,3920.041,58.0041468722855,57.8240274179238,57.8240274179238
viterbi_fitted_model,S-A8,10.0,3930.041,57.17158577242849,57.06424423869856,57.06424423869856
viterbi_fitted_model,S-A8,10.0,3940.041,60.33418995981387,60.057367782604864,60.057367782604864
viterbi_fitted_model,S-A8,10.0,3950.041,59.10717163621172,59.100100934131824,59.100100934131824
viterbi_fitted_model,S-A8,10.0,3960.041,63.010761311920405,62.825685977770846,62.825685977770846
viterbi_fitted_model,S-A8,10.0,3970.041,37.30973378527714,36.17718224152219,36.17718224152219
viterbi_fitted_model,S-A8,10.0,3980.041,29.253668380223175,-29.560135402744233,29.560135402744233
viterbi_fitted_model,S-A8,10.0,3990.041,42.968415798714545,42.76632105807454,42.76632105807454
viterbi_fitted_model,S-A8,10.0,4000.041,3.62444409096399,2.2651141743088026,2.2651141743088026
viterbi_fitted_model,S-A8,10.0,4010.041,45.05170810952876,-45.196538733925635,45.196538733925635
viterbi_fitted_model,S-A8,10.0,4020.041,23.176404017196162,23.070135277560702,23.070135277560702
viterbi_fitted_model,S-A8,10.0,4030.041,1.95226750184136,0.32797533558663616,0.32797533558663616
viterbi_fitted_model,S-A8,10.0,4040.041,30.081140838247308,-29.78923004392476,29.78923004392476
viterbi_fitted_model,S-A8,10.0,4050.041,20.536601422227758,-20.467791449985896,20.467791449985896
viterbi_fitted_model,S-A8,10.0,4060.041,46.02507599788764,45.75896481751532,45.75896481751532
viterbi_fitted_model,S-A8,10.0,4070.041,32.030773540669635,31.912675762142012,31.912675762142012
viterbi_fitted_model,S-A8,10.0,4080.041,39.008402002909456,-39.11429927587729,39.11429927587729
viterbi_fitted_model,S-A8,10.0,4090.041,134.5595668878295,-134.27786062876442,134.27786062876442
viterbi_fitted_model,S-A8,10.0,4100.041,48.51763468225303,-48.76391547531546,48.76391547531546
viterbi_fitted_model,S-A8,10.0,4110.041,77.62812321333539,-77.67109586773168,77.67109586773168
viterbi_fitted_model,S-A8,10.0,4120.041,2.05393347398402,1.9256069924730497,1.9256069924730497
viterbi_fitted_model,S-A8,10.0,4130.041,73.38080358895276,76.88892999096771,76.88892999096771
viterbi_fitted_model,S-A8,10.0,4140.041,27.42492431708868,24.220655501360817,24.220655501360817
viterbi_fitted_model,S-A8,10.0,4150.041,27.823974422487193,27.702203595096826,27.702203595096826
viterbi_fitted_model,S-A8,10.0,4160.041,79.73881975468552,79.67559116098391,79.67559116098391
viterbi_fitted_model,S-A8,10.0,4170.041,92.75443596632493,94.57295082829872,94.57295082829872
viterbi_fitted_model,S-A8,10.0,4180.041,19.044948049400432,-14.31872446857664,14.31872446857664
viterbi_fitted_model,S-A8,10.0,4190.041,49.709229803005016,-49.70116395560598,49.70116395560598
viterbi_fitted_model,S-A8,10.0,4200.041,112.92851945975255,112.89150042776689,112.89150042776689
viterbi_fitted_model,S-A8,10.0,4210.041,71.5889837046487,71.46844747037927,71.46844747037927
viterbi_fitted_model,S-A8,10.0,4220.041,114.69359627849592,114.40444364589055,114.40444364589055
viterbi_fitted_model,S-A8,10.0,4230.041,56.017854998721916,54.479138536904486,54.479138536904486
viterbi_fitted_model,S-A8,10.0,4240.041,54.63551825336972,54.299710481228544,54.299710481228544
viterbi_fitted_model,S-A8,10.0,4250.041,18.90349310079362,18.280133741053824,18.280133741053824
viterbi_fitted_model,S-A8,10.0,4260.041,3.468049110394152,1.0806512201507559,1.0806512201507559
viterbi_fitted_model,S-A8,10.0,4270.041,103.47399797925443,103.7469175888258,103.7469175888258
viterbi_fitted_model,S-A8,10.0,4280.041,138.7256172372865,143.2270937611291,143.2270937611291
viterbi_fitted_model,S-A8,10.0,4290.041,160.53615713827747,156.83137820973496,156.83137820973496
viterbi_fitted_model,S-A8,10.0,4310.041,9.245477806877794,-8.999666713980293,8.999666713980293
viterbi_fitted_model,S-A8,10.0,4320.041,82.51784092965741,-81.52814347339655,81.52814347339655
viterbi_fitted_model,S-A8,10.0,4330.041,98.8028419806785,98.78406236352518,98.78406236352518
viterbi_fitted_model,S-A8,10.0,4340.041,57.71923710404691,57.61300132113125,57.61300132113125
viterbi_fitted_model,S-A8,10.0,4350.041,47.87035744120719,-48.04991705019343,48.04991705019343
viterbi_fitted_model,S-A8,10.0,4360.041,105.67833408114602,-105.69341381516567,105.69341381516567
viterbi_fitted_model,S-A8,10.0,4370.041,42.33931900925633,-42.35138749500999,42.35138749500999
viterbi_fitted_model,S-A8,10.0,4380.041,9.81794986705211,9.771961283815351,9.771961283815351
viterbi_fitted_model,S-A8,10.0,4390.041,8.091879912509029,7.6661701388567955,7.6661701388567955
viterbi_fitted_model,S-A8,10.0,4400.041,5.978396673483703,-3.9076859697756454,3.9076859697756454
viterbi_fitted_model,S-A8,10.0,4410.041,6.5122338872443555,-6.3376846257510095,6.3376846257510095
viterbi_fitted_model,S-A8,10.0,4420.041,70.75427566800927,70.5698134862647,70.5698134862647
viterbi_fitted_model,S-A8,10.0,4430.041,40.26608265510301,39.80687678140805,39.80687678140805
viterbi_fitted_model,S-A8,10.0,4440.041,17.242244985947,16.523696768872167,16.523696768872167
viterbi_fitted_model,S-A8,10.0,4450.041,11.054934413339922,-10.634298466463477,10.634298466463477
viterbi_fitted_model,S-A8,10.0,4460.041,57.590151157576294,-57.78956792989403,57.78956792989403
viterbi_fitted_model,S-A8,10.0,4470.041,179.83911366892164,-179.83608433944687,179.83608433944687
viterbi_fitted_model,S-A8,10.0,4480.041,87.34309711198351,-87.70466337013812,87.70466337013812
viterbi_fitted_model,S-A8,10.0,4490.041,221.2561205736262,-221.47730215243047,221.47730215243047
viterbi_fitted_model,S-A8,10.0,4500.041,158.5585252913871,-158.55626882658413,158.55626882658413
viterbi_fitted_model,S-A8,10.0,4510.041,47.48311054227698,-47.47084814092361,47.47084814092361
viterbi_fitted_model,S-A8,10.0,4520.041,37.31024571458845,37.30984371807913,37.30984371807913
viterbi_fitted_model,S-A8,10.0,4530.041,7.570238054134883,-7.595791878874749,7.595791878874749
viterbi_fitted_model,S-A8,10.0,4540.041,30.008712559160642,-30.044331928979446,30.044331928979446
viterbi_fitted_model,S-A8,10.0,4550.041,79.49794010527137,-79.18542947632436,79.18542947632436
viterbi_fitted_model,S-A8,10.0,4560.041,124.38622011367318,-124.43595237937728,124.43595237937728
viterbi_fitted_model,S-A8,10.0,4570.041,36.672012241082754,-36.76521833450604,36.76521833450604
viterbi_fitted_model,S-A8,10.0,4580.041,4.13775853801534,4.185526309788756,4.185526309788756
viterbi_fitted_model,S-A8,10.0,4590.041,96.82389512624913,97.81634763150765,97.81634763150765
viterbi_fitted_model,S-A8,10.0,4600.041,80.73405835262312,-80.5769477445805,80.5769477445805
viterbi_fitted_model,S-A8,10.0,4610.041,188.67536943074046,-188.28975904444005,188.28975904444005
viterbi_fitted_model,S-A8,10.0,4620.041,108.700454105274,-108.67574803985589,108.67574803985589
viterbi_fitted_model,S-A8,10.0,4630.041,179.87782805655323,-179.83269578967386,179.83269578967386
viterbi_fitted_model,S-A8,10.0,4640.041,22.469670031386006,-22.57347158520563,22.57347158520563
viterbi_fitted_model,S-A8,10.0,4650.041,23.784666892872313,23.80674836973386,23.80674836973386
viterbi_fitted_model,S-A8,10.0,4660.041,14.267731687536283,-14.098299572089509,14.098299572089509
viterbi_fitted_model,S-A8,10.0,4670.041,4.745998186895984,4.66580157313992,4.66580157313992
viterbi_fitted_model,S-A8,10.0,4680.041,78.37454329460154,-77.79935504194421,77.79935504194421
viterbi_fitted_model,S-A8,10.0,4690.041,32.36909708938186,-32.387923171809234,32.387923171809234
viterbi_fitted_model,S-A8,10.0,4700.041,89.48717168754983,-89.38947423460533,89.38947423460533
viterbi_fitted_model,S-A8,10.0,4710.041,80.94575730339666,-81.31806380687976,81.31806380687976
viterbi_fitted_model,S-A8,10.0,4720.041,53.96830612214402,-55.287083561641865,55.287083561641865
viterbi_fitted_model,S-A8,10.0,4730.041,43.099685622241,-42.739180693589404,42.739180693589404
viterbi_fitted_model,S-A8,10.0,4740.041,30.360000971939442,-30.46285942616839,30.46285942616839
viterbi_fitted_model,S-A8,10.0,4750.041,136.84093422850435,136.73843645183803,136.73843645183803
viterbi_fitted_model,S-A8,10.0,4760.041,29.010759512624162,28.969311793236898,28.969311793236898
viterbi_fitted_model,S-A8,10.0,4770.041,104.57881706278246,-104.92545006504619,104.92545006504619
viterbi_fitted_model,S-A8,10.0,4780.041,124.0044277387902,-125.91820879388854,125.91820879388854
viterbi_fitted_model,S-A8,10.0,4790.041,53.1759260345407,-53.254026400340805,53.254026400340805
viterbi_fitted_model,S-A8,10.0,4800.041,17.746329140207084,-16.23049336551894,16.23049336551894
viterbi_fitted_model,S-A8,10.0,4810.041,41.6698610148759,-41.7020228383751,41.7020228383751
viterbi_fitted_model,S-A8,10.0,4820.041,65.15738193998439,65.14178436654163,65.14178436654163
viterbi_fitted_model,S-A8,10.0,4830.041,37.92739684801672,36.87793027151034,36.87793027151034
viterbi_fitted_model,S-A8,10.0,4840.041,34.48402840279753,34.5583636046013,34.5583636046013
viterbi_fitted_model,S-A8,10.0,4850.041,36.5605450895824,-36.00639847475405,36.00639847475405
viterbi_fitted_model,S-A8,10.0,4860.041,54.87253158535326,-55.02332690684264,55.02332690684264
viterbi_fitted_model,S-A8,10.0,4870.041,94.85733961363078,-94.8942080773742,94.8942080773742
viterbi_fitted_model,S-A8,10.0,4880.041,54.52874852890256,-54.66233828865046,54.66233828865046
viterbi_fitted_model,S-A8,10.0,4890.041,35.468987742288284,-35.030388810908974,35.030388810908974
viterbi_fitted_model,S-A8,10.0,4900.041,85.48614335878983,-86.12708991174975,86.12708991174975
viterbi_fitted_model,S-A8,10.0,4910.041,117.87247806163928,-117.74382262085064,117.74382262085064
viterbi_fitted_model,S-A8,10.0,4920.041,81.68540664835193,-81.73480425361696,81.73480425361696
viterbi_fitted_model,S-A8,10.0,4930.041,9.94210814309508,9.735598160302782,9.735598160302782
viterbi_fitted_model,S-A8,10.0,4940.041,20.102983068492932,19.99887315392447,19.99887315392447
viterbi_fitted_model,S-A8,10.0,4950.041,11.062491869187307,-10.916845017731408,10.916845017731408
viterbi_fitted_model,S-A8,10.0,4960.041,11.557597910243938,-11.477733870681085,11.477733870681085
viterbi_fitted_model,S-A8,10.0,4970.041,21.367529411304734,-21.13211597889233,21.13211597889233
viterbi_fitted_model,S-A8,10.0,4980.041,39.44370523146098,38.57810546826248,38.57810546826248
viterbi_fitted_model,S-A8,10.0,4990.041,100.29345821591853,-100.27780222422464,100.27780222422464
viterbi_fitted_model,S-A8,10.0,5000.041,43.48771447995527,-43.57857674430634,43.57857674430634
viterbi_fitted_model,S-A8,10.0,5010.041,105.22903885345178,-104.87676243091305,104.87676243091305
viterbi_fitted_model,S-A8,10.0,5020.041,135.12974933267992,-134.91129483509903,134.91129483509903
viterbi_fitted_model,S-A8,10.0,5030.041,118.67531841694478,-118.6250149814053,118.6250149814053
viterbi_fitted_model,S-A8,10.0,5040.041,22.18275910928198,-22.186285082872192,22.186285082872192
viterbi_fitted_model,S-A8,10.0,5050.041,9.825022234607882,9.183764054148401,9.183764054148401
viterbi_fitted_model,S-A8,10.0,5060.041,44.26647579661453,-43.88328084340952,43.88328084340952
viterbi_fitted_model,S-A8,10.0,5070.041,59.06564556493489,-59.0865629568282,59.0865629568282
viterbi_fitted_model,S-A8,10.0,5080.041,53.20250884276381,-53.966522957231135,53.966522957231135
viterbi_fitted_model,S-A8,10.0,5090.041,5.487047638287653,5.326612975986542,5.326612975986542
viterbi_fitted_model,S-A8,10.0,5100.041,47.127766414302,-47.26626854207383,47.26626854207383
viterbi_fitted_model,S-A8,10.0,5110.041,28.876576087571415,-28.865367603932224,28.865367603932224
viterbi_fitted_model,S-A8,10.0,5120.041,57.650834745119994,57.640881954564506,57.640881954564506
viterbi_fitted_model,S-A8,10.0,5130.041,39.9766144350465,40.0509502972706,40.0509502972706
viterbi_fitted_model,S-A8,10.0,5140.041,42.416523120396974,42.21875593155092,42.21875593155092
viterbi_fitted_model,S-A8,10.0,5150.041,55.97898650689724,55.77250368477067,55.77250368477067
viterbi_fitted_model,S-A8,10.0,5160.041,64.4234505162961,64.3479981119743,64.3479981119743
viterbi_fitted_model,S-A8,10.0,5170.041,59.55003228164705,59.52417494916213,59.52417494916213
viterbi_fitted_model,S-A8,10.0,5180.041,37.185057261671,-37.135118782002976,37.135118782002976
viterbi_fitted_model,S-A8,10.0,5190.041,20.191338693285058,17.78430137239121,17.78430137239121
viterbi_fitted_model,S-A8,10.0,5200.041,75.32616031878737,75.23216293540945,75.23216293540945
viterbi_fitted_model,S-A8,10.0,5210.041,40.235409224972535,40.08405570981402,40.08405570981402
viterbi_fitted_model,S-A8,10.0,5220.041,63.244736004239094,63.23180840877582,63.23180840877582
viterbi_fitted_model,S-A8,10.0,5230.041,30.353209376157764,30.339168123991065,30.339168123991065
viterbi_fitted_model,S-A8,10.0,5240.041,82.7013115683457,-82.59130015211332,82.59130015211332
viterbi_fitted_model,S-A8,10.0,5250.041,92.94717149816448,-92.9352536103373,92.9352536103373
viterbi_fitted_model,S-A8,10.0,5260.041,2.1521437620713346,1.847726667998753,1.847726667998753
viterbi_fitted_model,S-A8,10.0,5270.041,126.82385482275731,126.22757020094919,126.22757020094919
viterbi_fitted_model,S-A8,10.0,5280.041,40.90573107939968,31.803299941205882,31.803299941205882
viterbi_fitted_model,S-A8,10.0,5290.041,52.25782944246892,52.176145716813025,52.176145716813025
viterbi_fitted_model,S-A8,10.0,5300.041,34.45461419485846,34.359292837419545,34.359292837419545
viterbi_fitted_model,S-A8,10.0,5310.041,40.80027455252068,40.45114742225421,40.45114742225421
viterbi_fitted_model,S-A8,10.0,5320.041,53.23639183346256,53.216889508034775,53.216889508034775
viterbi_fitted_model,S-A8,10.0,5330.041,71.62514344649696,71.61738872920749,71.61738872920749
viterbi_fitted_model,S-A8,10.0,5340.041,36.83441880391745,36.72694427163089,36.72694427163089
viterbi_fitted_model,S-A8,10.0,5350.041,39.06199161201667,39.13479299298369,39.13479299298369
viterbi_fitted_model,S-A8,10.0,5360.041,14.688140132100004,14.591876139267608,14.591876139267608
viterbi_fitted_model,S-A8,10.0,5370.041,78.30690983883447,78.18599351251818,78.18599351251818
viterbi_fitted_model,S-A8,10.0,5380.041,69.09204733845908,68.8421541315212,68.8421541315212
viterbi_fitted_model,S-A8,10.0,5390.041,48.48438926664545,48.19323581213598,48.19323581213598
viterbi_fitted_model,S-A8,10.0,5400.041,77.00013368592442,80.7772864491894,80.7772864491894
viterbi_fitted_model,S-A8,10.0,5410.041,86.94723401902117,89.49481424849277,89.49481424849277
viterbi_fitted_model,S-A8,10.0,5420.041,61.28751107766611,-60.34201296957934,60.34201296957934
viterbi_fitted_model,S-A8,10.0,5430.041,63.39373100021701,-64.13285824339484,64.13285824339484
viterbi_fitted_model,S-A8,10.0,5440.041,33.70863202118514,33.61318877417354,33.61318877417354
viterbi_fitted_model,S-A8,10.0,5450.041,74.17091965616862,-74.53732821353255,74.53732821353255
viterbi_fitted_model,S-A8,10.0,5460.041,105.13849720508219,-105.7717144703719,105.7717144703719
viterbi_fitted_model,S-A8,10.0,5470.041,11.195568364736108,-7.127231042045015,7.127231042045015
viterbi_fitted_model,S-A8,10.0,5480.041,12.476694091198224,9.00761406598619,9.00761406598619
viterbi_fitted_model,S-A8,10.0,5490.041,56.10313842584509,56.035663675946886,56.035663675946886
viterbi_fitted_model,S-A8,10.0,5500.041,19.60511556955508,-18.983769237761944,18.983769237761944
viterbi_fitted_model,S-A8,10.0,5510.041,110.95347146678351,-110.77306989906432,110.77306989906432
viterbi_fitted_model,S-A8,10.0,5520.041,25.07546753617683,25.0146658708911,25.0146658708911
viterbi_fitted_model,S-A8,10.0,5530.041,50.323625875443746,50.322614361887474,50.322614361887474
viterbi_fitted_model,S-A8,10.0,5540.041,81.71364232752016,-81.86889260584202,81.86889260584202
viterbi_fitted_model,S-A8,10.0,5550.041,95.57043808247212,-95.40066610673605,95.40066610673605
viterbi_fitted_model,S-A8,10.0,5560.041,55.06496924856211,-53.083669351494386,53.083669351494386
viterbi_fitted_model,S-A8,10.0,5570.041,175.66391086384186,-177.24956517606498,177.24956517606498
viterbi_fitted_model,S-A8,10.0,5580.041,108.69991821048536,-108.854952285271,108.854952285271
viterbi_fitted_model,S-A8,10.0,5590.041,62.645341940848695,-62.722016604310056,62.722016604310056
viterbi_fitted_model,S-A8,10.0,5600.041,42.271936603667754,-42.343798224052186,42.343798224052186
viterbi_fitted_model,S-A8,10.0,5610.041,13.612576772693172,13.412210586109342,13.412210586109342
viterbi_fitted_model,S-A8,10.0,5620.041,103.47074225689137,-103.82399716707123,103.82399716707123
viterbi_fitted_model,S-A8,10.0,5630.041,90.00991578314175,-89.99154080450536,89.99154080450536
viterbi_fitted_model,S-A8,10.0,5640.041,10.41241617832239,-10.476779277242048,10.476779277242048
viterbi_fitted_model,S-A8,10.0,5650.041,89.05711466054869,88.8807370388871,88.8807370388871
viterbi_fitted_model,S-A8,10.0,5660.041,61.01955755197726,61.023236630453866,61.023236630453866
viterbi_fitted_model,S-A8,10.0,5670.041,21.480196515304836,-21.49187590123787,21.49187590123787
viterbi_fitted_model,S-A8,10.0,5680.041,44.15039104653506,-44.315222139356905,44.315222139356905
viterbi_fitted_model,S-A8,10.0,5690.041,95.880028292259,95.6596630831915,95.6596630831915
viterbi_fitted_model,S-A8,10.0,5700.041,29.43713969895493,38.60972007426773,38.60972007426773
viterbi_fitted_model,S-A8,10.0,5710.041,12.135566901374142,-17.527753796251716,17.527753796251716
viterbi_fitted_model,S-A8,10.0,5720.041,133.13648830825096,-133.45161663136003,133.45161663136003
viterbi_fitted_model,S-A8,10.0,5730.041,116.58602441960316,-116.76488535096662,116.76488535096662
viterbi_fitted_model,S-A8,10.0,5740.041,172.68128461094082,-172.49401468946053,172.49401468946053
viterbi_fitted_model,S-A8,10.0,5750.041,75.44456336797622,-75.65382396780889,75.65382396780889
viterbi_fitted_model,S-A8,10.0,5760.041,31.45536229540174,-31.46438648586193,31.46438648586193
viterbi_fitted_model,S-A8,10.0,5770.041,10.19572899387864,9.567132656785276,9.567132656785276
viterbi_fitted_model,S-A8,10.0,5780.041,17.029816394035695,15.773694847934069,15.773694847934069
viterbi_fitted_model,S-A8,10.0,5790.041,28.903888924872263,29.198789594913578,29.198789594913578
viterbi_fitted_model,S-A8,10.0,5800.041,52.823326155541494,-55.55294130093802,55.55294130093802
viterbi_fitted_model,S-A8,10.0,5810.041,158.29235642208536,-158.9471743186238,158.9471743186238
viterbi_fitted_model,S-A8,10.0,5820.041,178.40446130086502,-178.55570360904898,178.55570360904898
viterbi_fitted_model,S-A8,10.0,5830.041,56.1553267064682,-56.70621827085048,56.70621827085048
viterbi_fitted_model,S-A8,10.0,5840.041,31.95478811148634,-31.876678393447616,31.876678393447616
viterbi_fitted_model,S-A8,10.0,5850.041,17.607732359529702,-17.698560059106125,17.698560059106125
viterbi_fitted_model,S-A8,10.0,5860.041,16.167756916802446,16.051570483691666,16.051570483691666
viterbi_fitted_model,S-A8,10.0,5870.041,10.539416902124662,10.368890586334231,10.368890586334231
viterbi_fitted_model,S-A8,10.0,5880.041,41.495431856221686,41.44819094568189,41.44819094568189
viterbi_fitted_model,S-A8,10.0,5890.041,21.962528431157605,-21.930684300387284,21.930684300387284
viterbi_fitted_model,S-A8,10.0,5900.041,21.82313813855434,-21.64943762749338,21.64943762749338
viterbi_fitted_model,S-A8,10.0,5910.041,37.61281377412155,-36.22243395448258,36.22243395448258
viterbi_fitted_model,S-A8,10.0,5920.041,24.771485309254324,-24.643561445759843,24.643561445759843
viterbi_fitted_model,S-A8,10.0,5930.041,47.46644671882473,-48.34674478960701,48.34674478960701
viterbi_fitted_model,S-A8,10.0,5940.041,87.68260511622934,-87.61888384535769,87.61888384535769
viterbi_fitted_model,S-A8,10.0,5950.041,23.072829468081537,-23.544236664216214,23.544236664216214
viterbi_fitted_model,S-A8,10.0,5960.041,18.66062856193818,-17.552999444828004,17.552999444828004
viterbi_fitted_model,S-A8,10.0,5970.041,31.6747842741912,1.5826347073509814,1.5826347073509814
viterbi_fitted_model,S-A8,10.0,6010.041,14.84393299429528,21.186969331453636,21.186969331453636
viterbi_fitted_model,S-A8,10.0,6020.041,103.23329349811664,104.54375694831658,104.54375694831658
viterbi_fitted_model,S-A8,10.0,6040.041,65.57601746500058,-65.64927387812095,65.64927387812095
viterbi_fitted_model,S-A8,10.0,6050.041,79.55076751842748,-79.65733479270538,79.65733479270538
viterbi_fitted_model,S-A8,10.0,6060.041,96.07054334472309,95.6471668309178,95.6471668309178
viterbi_fitted_model,S-A8,10.0,6070.041,4.310157600830269,4.0665158730318325,4.0665158730318325
viterbi_fitted_model,S-A8,10.0,6080.041,41.33893793924813,40.7183518883102,40.7183518883102
viterbi_fitted_model,S-A8,10.0,6090.041,53.64362276345766,53.002606919517376,53.002606919517376
viterbi_fitted_model,S-A8,10.0,6100.041,61.00285953501446,59.655762368943115,59.655762368943115
viterbi_fitted_model,S-A8,10.0,6110.041,68.72888154182402,69.1536200391865,69.1536200391865
viterbi_fitted_model,S-A8,10.0,6120.041,26.092497510105158,-26.161401268893204,26.161401268893204
viterbi_fitted_model,S-A8,10.0,6130.041,9.088212738410203,-8.697714156742364,8.697714156742364
viterbi_fitted_model,S-A8,10.0,6140.041,6.704531616149681,6.2586693580482535,6.2586693580482535
viterbi_fitted_model,S-A8,10.0,6150.041,83.35633419271906,-84.19691153679841,84.19691153679841
viterbi_fitted_model,S-A8,10.0,6160.041,81.38870806682333,-81.410366554884,81.410366554884
viterbi_fitted_model,S-A8,10.0,6170.041,50.76141196808226,-50.76473827129643,50.76473827129643
viterbi_fitted_model,S-A8,10.0,6180.041,88.021734385913,87.51774422762992,87.51774422762992
viterbi_fitted_model,S-A8,10.0,6190.041,121.39877682508677,121.39213939698544,121.39213939698544
viterbi_fitted_model,S-A8,10.0,6200.041,232.7432730547945,235.99006437403088,235.99006437403088
viterbi_fitted_model,S-A8,10.0,6210.041,123.27722814838725,123.25280527724658,123.25280527724658
viterbi_fitted_model,S-A8,10.0,6220.041,22.197039436659207,21.422441256842767,21.422441256842767
viterbi_fitted_model,S-A8,10.0,6230.041,40.196829214761394,40.983128179431,40.983128179431
viterbi_fitted_model,S-A8,10.0,6250.041,38.14257338902448,37.76670241176875,37.76670241176875
viterbi_fitted_model,S-A8,10.0,6260.041,20.07877486233233,-20.230394435897942,20.230394435897942
viterbi_fitted_model,S-A8,10.0,6270.041,4.986950524984068,3.8768038233703805,3.8768038233703805
viterbi_fitted_model,S-A8,10.0,6280.041,30.593966261366297,-30.888230748198367,30.888230748198367
viterbi_fitted_model,S-A8,10.0,6290.041,37.255280925995805,37.07488916366267,37.07488916366267
viterbi_fitted_model,S-A8,10.0,6300.041,51.548780817577516,-51.469022052583924,51.469022052583924
viterbi_fitted_model,S-A8,10.0,6310.041,15.876400562689259,-15.927770944363061,15.927770944363061
viterbi_fitted_model,S-A8,10.0,6320.041,40.333316339201794,-40.63323294852773,40.63323294852773
viterbi_fitted_model,S-A8,10.0,6330.041,113.412122902296,-112.80921928818206,112.80921928818206
viterbi_fitted_model,S-A8,10.0,6340.041,4.1535698397651455,-0.4025942678910379,0.4025942678910379
viterbi_fitted_model,S-A8,10.0,6350.041,33.65069132982529,33.07040065712381,33.07040065712381
viterbi_fitted_model,S-A8,10.0,6360.041,171.68336157788144,173.20300613984875,173.20300613984875
viterbi_fitted_model,S-A8,10.0,6370.041,79.553997151142,79.77126839074654,79.77126839074654
viterbi_fitted_model,S-A8,10.0,6380.041,6.468474919138859,6.801614675814918,6.801614675814918
viterbi_fitted_model,S-A8,10.0,6400.041,108.8911490896536,108.27414174959594,108.27414174959594
viterbi_fitted_model,S-A8,10.0,6410.041,63.324400469002526,63.08142886353003,63.08142886353003
viterbi_fitted_model,S-A8,10.0,6420.041,52.51181635517617,52.442232540254615,52.442232540254615
viterbi_fitted_model,S-A8,10.0,6430.041,63.54760122095929,64.02892699909243,64.02892699909243
viterbi_fitted_model,S-A8,10.0,6440.041,3.2155037503917403,1.9225372067503805,1.9225372067503805
viterbi_fitted_model,S-A8,10.0,6450.041,151.14567260789147,151.07659038386387,151.07659038386387
viterbi_fitted_model,S-A8,10.0,6460.041,142.35993226938916,142.07729271533594,142.07729271533594
viterbi_fitted_model,S-A8,10.0,6470.041,105.17855521134253,104.72760619329672,104.72760619329672
viterbi_fitted_model,S-A8,10.0,6480.041,82.59194504863021,82.55069552562057,82.55069552562057
viterbi_fitted_model,S-A8,10.0,6490.041,134.4707616611611,134.56352139144903,134.56352139144903
viterbi_fitted_model,S-A8,10.0,6500.041,179.66580091500416,179.02862770055324,179.02862770055324
viterbi_fitted_model,S-A8,10.0,6510.041,138.4054936249796,138.3815242187388,138.3815242187388
viterbi_fitted_model,S-A8,10.0,6520.041,145.37645733747087,145.20727510642254,145.20727510642254
viterbi_fitted_model,S-A8,10.0,6530.041,89.1581485269956,89.09345534622122,89.09345534622122
viterbi_fitted_model,S-A8,10.0,6540.041,50.19231299805883,48.01027411470321,48.01027411470321
viterbi_fitted_model,S-A8,10.0,6550.041,34.440389955646864,33.53749341915192,33.53749341915192
viterbi_fitted_model,S-A8,10.0,6560.041,19.640141010022084,-19.780323924581847,19.780323924581847
viterbi_fitted_model,S-A8,10.0,6570.041,110.57723637384643,110.47047906110245,110.47047906110245
viterbi_fitted_model,S-A8,10.0,6580.041,91.85578830915975,118.1454608588065,118.1454608588065
viterbi_fitted_model,S-A8,30.0,90.041,32.151461206817096,48.28964058773809,48.28964058773809
viterbi_fitted_model,S-A8,30.0,120.041,41.219515536464264,39.190242744855,39.190242744855
viterbi_fitted_model,S-A8,30.0,150.041,223.74355708798097,224.1786219542351,224.1786219542351
viterbi_fitted_model,S-A8,30.0,180.041,68.83772267862156,-70.00255842481218,70.00255842481218
viterbi_fitted_model,S-A8,30.0,210.041,9.683212592797451,-7.8054197569599,7.8054197569599
viterbi_fitted_model,S-A8,30.0,240.041,169.92215782937308,169.8598223736333,169.8598223736333
viterbi_fitted_model,S-A8,30.0,270.041,184.2962222665423,183.96695160586626,183.96695160586626
viterbi_fitted_model,S-A8,30.0,300.041,129.93407654826882,129.77367520744193,129.77367520744193
viterbi_fitted_model,S-A8,30.0,330.041,129.3178355881272,128.99019563627294,128.99019563627294
viterbi_fitted_model,S-A8,30.0,360.041,5.989456426503283,6.403147901790216,6.403147901790216
viterbi_fitted_model,S-A8,30.0,390.041,43.16440587220076,-44.74705073243748,44.74705073243748
viterbi_fitted_model,S-A8,30.0,420.041,17.63009546405426,-12.604158238535923,12.604158238535923
viterbi_fitted_model,S-A8,30.0,450.041,23.391357529205347,-23.91956656406179,23.91956656406179
viterbi_fitted_model,S-A8,30.0,480.041,87.19367565538715,-86.89141394860525,86.89141394860525
viterbi_fitted_model,S-A8,30.0,510.041,12.560083348012258,-12.191827925769104,12.191827925769104
viterbi_fitted_model,S-A8,30.0,540.0409999999999,148.94664603832118,148.55806557873646,148.55806557873646
viterbi_fitted_model,S-A8,30.0,570.0409999999999,212.7322900013826,211.72392778403014,211.72392778403014
viterbi_fitted_model,S-A8,30.0,600.0409999999999,17.23720606884112,16.416669868076593,16.416669868076593
viterbi_fitted_model,S-A8,30.0,630.0409999999999,151.47565252783227,-152.2179979213469,152.2179979213469
viterbi_fitted_model,S-A8,30.0,660.0409999999999,45.66779987010982,-45.68903954567763,45.68903954567763
viterbi_fitted_model,S-A8,30.0,690.0409999999999,32.62040296825868,32.294266250279776,32.294266250279776
viterbi_fitted_model,S-A8,30.0,720.0409999999999,21.85442744549045,20.937218097769247,20.937218097769247
viterbi_fitted_model,S-A8,30.0,750.0409999999999,72.52725067809469,-73.29310342616903,73.29310342616903
viterbi_fitted_model,S-A8,30.0,780.0409999999999,92.31172079903433,91.71845486175665,91.71845486175665
viterbi_fitted_model,S-A8,30.0,810.0409999999999,135.7018426941634,135.5049388862277,135.5049388862277
viterbi_fitted_model,S-A8,30.0,840.0409999999999,58.93704936849039,-60.701663722013336,60.701663722013336
viterbi_fitted_model,S-A8,30.0,870.0409999999999,36.80869698891364,37.13753920132794,37.13753920132794
viterbi_fitted_model,S-A8,30.0,900.0409999999999,38.102224813200266,-38.13351677247049,38.13351677247049
viterbi_fitted_model,S-A8,30.0,930.0409999999999,16.403705409099093,16.304952307076398,16.304952307076398
viterbi_fitted_model,S-A8,30.0,960.0409999999999,55.83917420430173,-55.50058310499642,55.50058310499642
viterbi_fitted_model,S-A8,30.0,990.0409999999999,172.857471437375,172.8004116518009,172.8004116518009
viterbi_fitted_model,S-A8,30.0,1020.0409999999999,165.7345579134401,165.6148703896086,165.6148703896086
viterbi_fitted_model,S-A8,30.0,1050.041,108.91362199474693,108.71516498448655,108.71516498448655
viterbi_fitted_model,S-A8,30.0,1080.041,33.54917194673956,33.215864658911286,33.215864658911286
viterbi_fitted_model,S-A8,30.0,1110.041,37.83693758032659,-38.187096396628725,38.187096396628725
viterbi_fitted_model,S-A8,30.0,1140.041,16.218363745459623,15.113931684146909,15.113931684146909
viterbi_fitted_model,S-A8,30.0,1170.041,44.89622570972972,44.85756544474303,44.85756544474303
viterbi_fitted_model,S-A8,30.0,1200.041,42.05918322521817,39.80356806948297,39.80356806948297
viterbi_fitted_model,S-A8,30.0,1230.041,18.538479904905948,15.038459681857564,15.038459681857564
viterbi_fitted_model,S-A8,30.0,1260.041,27.489416835730346,-27.46947472304252,27.46947472304252
viterbi_fitted_model,S-A8,30.0,1290.041,63.28934241180306,-64.09939341796641,64.09939341796641
viterbi_fitted_model,S-A8,30.0,1320.041,45.79614952382836,44.191531897232906,44.191531897232906
viterbi_fitted_model,S-A8,30.0,1350.041,32.910719158879274,-32.93265372130941,32.93265372130941
viterbi_fitted_model,S-A8,30.0,1380.041,131.86124484725426,131.55743627683157,131.55743627683157
viterbi_fitted_model,S-A8,30.0,1410.041,104.97127776955148,104.57067999820838,104.57067999820838
viterbi_fitted_model,S-A8,30.0,1440.041,15.834109475341078,-16.020939864183717,16.020939864183717
viterbi_fitted_model,S-A8,30.0,1470.041,19.182679030098594,-19.283006687961873,19.283006687961873
viterbi_fitted_model,S-A8,30.0,1500.041,39.16572827188801,39.37097917740152,39.37097917740152
viterbi_fitted_model,S-A8,30.0,1530.041,32.390198838248615,31.78880496010009,31.78880496010009
viterbi_fitted_model,S-A8,30.0,1560.041,155.57982091170862,155.36938562945454,155.36938562945454
viterbi_fitted_model,S-A8,30.0,1590.041,31.31942953059383,31.165066408505083,31.165066408505083
viterbi_fitted_model,S-A8,30.0,1620.041,97.82787234584792,96.02685389701892,96.02685389701892
viterbi_fitted_model,S-A8,30.0,1650.041,111.12724537429435,111.11732015903448,111.11732015903448
viterbi_fitted_model,S-A8,30.0,1680.041,155.5472161120355,155.59034002363063,155.59034002363063
viterbi_fitted_model,S-A8,30.0,1710.041,15.167686628762842,13.749581285378007,13.749581285378007
viterbi_fitted_model,S-A8,30.0,1740.041,126.49034384747343,126.56724321230809,126.56724321230809
viterbi_fitted_model,S-A8,30.0,1770.041,162.42434284949175,162.3511898315969,162.3511898315969
viterbi_fitted_model,S-A8,30.0,1800.041,144.1225858538782,144.0375530583494,144.0375530583494
viterbi_fitted_model,S-A8,30.0,1830.041,109.0818372581361,108.92456420005965,108.92456420005965
viterbi_fitted_model,S-A8,30.0,1860.041,108.68822782131801,107.65587759637037,107.65587759637037
viterbi_fitted_model,S-A8,30.0,1890.041,419.3051785967943,411.7506451462866,411.7506451462866
viterbi_fitted_model,S-A8,30.0,1920.041,171.975192316849,86.68260247656374,86.68260247656374
viterbi_fitted_model,S-A8,30.0,1980.041,158.73532894772993,159.29541899017903,159.29541899017903
viterbi_fitted_model,S-A8,30.0,2010.041,335.03389719018503,336.6398783467555,336.6398783467555
viterbi_fitted_model,S-A8,30.0,2040.041,172.34468466431275,172.7549214395941,172.7549214395941
viterbi_fitted_model,S-A8,30.0,2070.041,199.3833047807068,200.18524118658945,200.18524118658945
viterbi_fitted_model,S-A8,30.0,2100.041,153.65562655800306,-154.37307621740217,154.37307621740217
viterbi_fitted_model,S-A8,30.0,2130.041,313.0032788665402,314.06481197828066,314.06481197828066
viterbi_fitted_model,S-A8,30.0,2160.041,473.6867675567059,482.58540216044975,482.58540216044975
viterbi_fitted_model,S-A8,30.0,2190.041,95.98130287232223,-97.18780574602751,97.18780574602751
viterbi_fitted_model,S-A8,30.0,2220.041,165.63143993438194,-165.65398745865932,165.65398745865932
viterbi_fitted_model,S-A8,30.0,2250.041,134.39156464396353,-136.65055009938072,136.65055009938072
viterbi_fitted_model,S-A8,30.0,2280.041,57.041704016244196,57.277860496965005,57.277860496965005
viterbi_fitted_model,S-A8,30.0,2310.041,191.17532114194168,-192.28790783258174,192.28790783258174
viterbi_fitted_model,S-A8,30.0,2340.041,150.49201643984952,-151.20784887305115,151.20784887305115
viterbi_fitted_model,S-A8,30.0,2370.041,79.94843625348265,-80.67991310426547,80.67991310426547
viterbi_fitted_model,S-A8,30.0,2400.041,22.964297226690903,22.89436112518823,22.89436112518823
viterbi_fitted_model,S-A8,30.0,2430.041,26.21113813276178,25.96993405879363,25.96993405879363
viterbi_fitted_model,S-A8,30.0,2460.041,224.5023875222802,-226.3491639653236,226.3491639653236
viterbi_fitted_model,S-A8,30.0,2490.041,85.34826219306136,-87.34548599310106,87.34548599310106
viterbi_fitted_model,S-A8,30.0,2520.041,265.1612378492597,264.48104712677406,264.48104712677406
viterbi_fitted_model,S-A8,30.0,2550.041,388.4842858133674,388.8838260747445,388.8838260747445
viterbi_fitted_model,S-A8,30.0,2580.041,255.63270380762683,-257.89248771284423,257.89248771284423
viterbi_fitted_model,S-A8,30.0,2610.041,149.40957238616312,-159.87338855306578,159.87338855306578
viterbi_fitted_model,S-A8,30.0,2640.041,28.90488021515226,-31.77476821329371,31.77476821329371
viterbi_fitted_model,S-A8,30.0,2670.041,9.704577476969549,-8.147476497913708,8.147476497913708
viterbi_fitted_model,S-A8,30.0,2700.041,16.946660708107128,-11.923693622632264,11.923693622632264
viterbi_fitted_model,S-A8,30.0,2730.041,275.2520681076371,-279.8749269758168,279.8749269758168
viterbi_fitted_model,S-A8,30.0,2760.041,326.2699123290057,-326.4418356251111,326.4418356251111
viterbi_fitted_model,S-A8,30.0,2790.041,77.89583908942984,-77.92249334074198,77.92249334074198
viterbi_fitted_model,S-A8,30.0,2820.041,102.65373784334716,51.12099843240008,51.12099843240008
viterbi_fitted_model,S-A8,30.0,2850.041,769.4625665085815,-142.02818093739276,142.02818093739276
viterbi_fitted_model,S-A8,30.0,2880.041,161.66109409359254,216.2204602914432,216.2204602914432
viterbi_fitted_model,S-A8,30.0,2910.041,397.8943624374311,-5.792761852164585,5.792761852164585
viterbi_fitted_model,S-A8,30.0,2940.041,43.236320410682005,-43.69291047694637,43.69291047694637
viterbi_fitted_model,S-A8,30.0,2970.041,397.86576696570194,409.1299814409231,409.1299814409231
viterbi_fitted_model,S-A8,30.0,3030.041,332.86816152407016,341.2194601358281,341.2194601358281
viterbi_fitted_model,S-A8,30.0,3060.041,826.729284773192,833.9226367725581,833.9226367725581
viterbi_fitted_model,S-A8,30.0,3120.041,97.07268279072245,96.15512354568862,96.15512354568862
viterbi_fitted_model,S-A8,30.0,3150.041,127.2372026686775,-128.28954055675575,128.28954055675575
viterbi_fitted_model,S-A8,30.0,3180.041,2.920805371728329,-2.977372670832114,2.977372670832114
viterbi_fitted_model,S-A8,30.0,3210.041,271.977438824514,288.7449413887317,288.7449413887317
viterbi_fitted_model,S-A8,30.0,3240.041,115.18075889362851,-99.9700766382968,99.9700766382968
viterbi_fitted_model,S-A8,30.0,3270.041,82.44881805488187,82.05586901228045,82.05586901228045
viterbi_fitted_model,S-A8,30.0,3300.041,80.88252925786853,-80.86726492976541,80.86726492976541
viterbi_fitted_model,S-A8,30.0,3330.041,9.562031782191708,8.15279661862819,8.15279661862819
viterbi_fitted_model,S-A8,30.0,3360.041,64.42507080303187,-65.05926108844629,65.05926108844629
viterbi_fitted_model,S-A8,30.0,3390.041,68.07403113809698,-68.3090752079585,68.3090752079585
viterbi_fitted_model,S-A8,30.0,3420.041,51.431479581164645,50.72773568832049,50.72773568832049
viterbi_fitted_model,S-A8,30.0,3450.041,162.612165939748,-163.0411287269394,163.0411287269394
viterbi_fitted_model,S-A8,30.0,3480.041,214.80014345505666,-215.94219021789704,215.94219021789704
viterbi_fitted_model,S-A8,30.0,3510.041,175.49450532906366,-185.00192437267853,185.00192437267853
viterbi_fitted_model,S-A8,30.0,3540.041,75.03644831906557,-76.4878257643792,76.4878257643792
viterbi_fitted_model,S-A8,30.0,3570.041,136.17815227294997,-137.32805205733806,137.32805205733806
viterbi_fitted_model,S-A8,30.0,3600.041,39.62848106977587,-39.45646808448274,39.45646808448274
viterbi_fitted_model,S-A8,30.0,3630.041,33.67275284245794,-33.75937890282786,33.75937890282786
viterbi_fitted_model,S-A8,30.0,3660.041,174.30885438994449,-174.09745796521463,174.09745796521463
viterbi_fitted_model,S-A8,30.0,3690.041,75.19720177542229,-74.92853071047706,74.92853071047706
viterbi_fitted_model,S-A8,30.0,3720.041,87.86235792801739,88.13953125444213,88.13953125444213
viterbi_fitted_model,S-A8,30.0,3750.041,381.0822305139943,-148.80569793463062,148.80569793463062
viterbi_fitted_model,S-A8,30.0,3780.041,117.09413522062752,116.91444235938954,116.91444235938954
viterbi_fitted_model,S-A8,30.0,3810.041,20.871355412697316,20.179411034787442,20.179411034787442
viterbi_fitted_model,S-A8,30.0,3840.041,156.02965788267323,155.8421047173931,155.8421047173931
viterbi_fitted_model,S-A8,30.0,3870.041,124.01651260941537,122.9366004190651,122.9366004190651
viterbi_fitted_model,S-A8,30.0,3900.041,189.33627095293207,189.0478495220898,189.0478495220898
viterbi_fitted_model,S-A8,30.0,3930.041,176.68489570799957,176.23271255857424,176.23271255857424
viterbi_fitted_model,S-A8,30.0,3960.041,70.18016786105473,69.43941183802518,69.43941183802518
viterbi_fitted_model,S-A8,30.0,3990.041,4.893584809373542,-0.20850958502143513,0.20850958502143513
viterbi_fitted_model,S-A8,30.0,4020.041,11.255954775493931,-6.402480528597907,6.402480528597907
viterbi_fitted_model,S-A8,30.0,4050.041,57.58488738573927,57.203961292898065,57.203961292898065
viterbi_fitted_model,S-A8,30.0,4080.041,220.72091897180962,-222.1230729930636,222.1230729930636
viterbi_fitted_model,S-A8,30.0,4110.041,16.911621392107637,2.1174011239259123,2.1174011239259123
viterbi_fitted_model,S-A8,30.0,4140.041,131.46525551490697,131.58839477872309,131.58839477872309
viterbi_fitted_model,S-A8,30.0,4170.041,30.876573050003987,31.10052905254435,31.10052905254435
viterbi_fitted_model,S-A8,30.0,4200.041,298.97182919523925,298.75920505609326,298.75920505609326
viterbi_fitted_model,S-A8,30.0,4230.041,128.60087340922888,127.05781006309786,127.05781006309786
viterbi_fitted_model,S-A8,30.0,4260.041,225.23419145146318,248.02194883794917,248.02194883794917
viterbi_fitted_model,S-A8,30.0,4290.041,426.6277620044199,313.32509200958265,313.32509200958265
viterbi_fitted_model,S-A8,30.0,4320.041,73.63680210593242,74.86920608506111,74.86920608506111
viterbi_fitted_model,S-A8,30.0,4350.041,195.45811661590517,-196.10682311505127,196.10682311505127
viterbi_fitted_model,S-A8,30.0,4380.041,16.716688962435242,13.526935369585882,13.526935369585882
viterbi_fitted_model,S-A8,30.0,4410.041,104.57476288693059,104.0385179351487,104.0385179351487
viterbi_fitted_model,S-A8,30.0,4440.041,50.598138276386855,-51.86390087735098,51.86390087735098
viterbi_fitted_model,S-A8,30.0,4470.041,478.6582116348545,-489.01633529918945,489.01633529918945
viterbi_fitted_model,S-A8,30.0,4500.041,168.52513966955897,-168.70946537179933,168.70946537179933
viterbi_fitted_model,S-A8,30.0,4530.041,115.83359683440304,-116.80835563042291,116.80835563042291
viterbi_fitted_model,S-A8,30.0,4560.041,156.99420000328251,-157.01513417049682,157.01513417049682
viterbi_fitted_model,S-A8,30.0,4590.041,170.6334817556707,-170.76688964289787,170.76688964289787
viterbi_fitted_model,S-A8,30.0,4620.041,311.04846428940704,-311.09240960821626,311.09240960821626
viterbi_fitted_model,S-A8,30.0,4650.041,14.959325760188818,14.376317130979675,14.376317130979675
viterbi_fitted_model,S-A8,30.0,4680.041,199.3258205953434,-199.57391743620084,199.57391743620084
viterbi_fitted_model,S-A8,30.0,4710.041,167.02471368064747,-179.23653530341426,179.23653530341426
viterbi_fitted_model,S-A8,30.0,4740.041,135.35316790921647,135.22760657711592,135.22760657711592
viterbi_fitted_model,S-A8,30.0,4770.041,281.66012267824806,-284.10785110658867,284.10785110658867
viterbi_fitted_model,S-A8,30.0,4800.041,9.69987123065182,7.207579749934112,7.207579749934112
viterbi_fitted_model,S-A8,30.0,4830.041,36.519370094430336,35.4219409620235,35.4219409620235
viterbi_fitted_model,S-A8,30.0,4860.041,203.75591684876693,-204.57993780887358,204.57993780887358
viterbi_fitted_model,S-A8,30.0,4890.041,238.46847476301878,-238.89146533992562,238.89146533992562
viterbi_fitted_model,S-A8,30.0,4920.041,51.82030030145132,-52.000186060409376,52.000186060409376
viterbi_fitted_model,S-A8,30.0,4950.041,43.49917339041851,-43.526801125021194,43.526801125021194
viterbi_fitted_model,S-A8,30.0,4980.041,103.9979467215726,-105.27815472379007,105.27815472379007
viterbi_fitted_model,S-A8,30.0,5010.041,357.86249196604746,-358.43962079422795,358.43962079422795
viterbi_fitted_model,S-A8,30.0,5040.041,56.17505447061685,-56.8820933198221,56.8820933198221
viterbi_fitted_model,S-A8,30.0,5070.041,106.81290007392018,-107.70987103414494,107.70987103414494
viterbi_fitted_model,S-A8,30.0,5100.041,18.23275663889249,-18.48279398433207,18.48279398433207
viterbi_fitted_model,S-A8,30.0,5130.041,138.17095212880213,138.04240813481272,138.04240813481272
viterbi_fitted_model,S-A8,30.0,5160.041,87.50415028636314,86.73902868316739,86.73902868316739
viterbi_fitted_model,S-A8,30.0,5190.041,133.39752625955614,133.10141726737726,133.10141726737726
viterbi_fitted_model,S-A8,30.0,5220.041,11.070241877594862,10.965245770929473,10.965245770929473
viterbi_fitted_model,S-A8,30.0,5250.041,35.6520203867225,35.126058383486246,35.126058383486246
viterbi_fitted_model,S-A8,30.0,5280.041,118.22731301848641,118.33749266170139,118.33749266170139
viterbi_fitted_model,S-A8,30.0,5310.041,165.41266520443483,165.2882597035808,165.2882597035808
viterbi_fitted_model,S-A8,30.0,5340.041,90.60794274969507,90.45930570399044,90.45930570399044
viterbi_fitted_model,S-A8,30.0,5370.041,197.40041933649323,195.3382995278691,195.3382995278691
viterbi_fitted_model,S-A8,30.0,5400.041,234.4653859474175,110.20883954820789,110.20883954820789
viterbi_fitted_model,S-A8,30.0,5430.041,102.12641810093446,-104.75294203876244,104.75294203876244
viterbi_fitted_model,S-A8,30.0,5460.041,103.22152270845162,-103.93399359781174,103.93399359781174
viterbi_fitted_model,S-A8,30.0,5490.041,75.49321551902507,-73.71892626739125,73.71892626739125
viterbi_fitted_model,S-A8,30.0,5520.041,6.277183806665501,-6.556396878466732,6.556396878466732
viterbi_fitted_model,S-A8,30.0,5550.041,316.09243218387655,-325.6875383806158,325.6875383806158
viterbi_fitted_model,S-A8,30.0,5580.041,213.50738072361946,-213.90347494815396,213.90347494815396
viterbi_fitted_model,S-A8,30.0,5610.041,179.8846443272786,-180.41562748406977,180.41562748406977
viterbi_fitted_model,S-A8,30.0,5640.041,139.6776539391843,139.42624018417902,139.42624018417902
viterbi_fitted_model,S-A8,30.0,5670.041,29.9806899596715,29.860328043216505,29.860328043216505
viterbi_fitted_model,S-A8,30.0,5700.041,105.4312461456134,-111.25923092312689,111.25923092312689
viterbi_fitted_model,S-A8,30.0,5730.041,363.81490719705243,-364.9093405900094,364.9093405900094
viterbi_fitted_model,S-A8,30.0,5760.041,4.6821513391548395,-6.114113198752538,6.114113198752538
viterbi_fitted_model,S-A8,30.0,5790.041,193.11455679443063,-185.197235835321,185.197235835321
viterbi_fitted_model,S-A8,30.0,5820.041,266.8643740411638,-267.1469388633219,267.1469388633219
viterbi_fitted_model,S-A8,30.0,5850.041,8.869928854887464,8.722053457585488,8.722053457585488
viterbi_fitted_model,S-A8,30.0,5880.041,3.1005153431571815,-2.1319552577335976,2.1319552577335976
viterbi_fitted_model,S-A8,30.0,5910.041,102.31105920115758,-109.25525909155536,109.25525909155536
viterbi_fitted_model,S-A8,30.0,5940.041,132.2218184624605,-128.58189886166494,128.58189886166494
viterbi_fitted_model,S-A8,30.0,5970.041,443.8677532683858,422.18675174400795,422.18675174400795
viterbi_fitted_model,S-A8,30.0,6060.041,140.87378068271417,140.44963319649875,140.44963319649875
viterbi_fitted_model,S-A8,30.0,6090.041,183.1114931650252,181.67857296649154,181.67857296649154
viterbi_fitted_model,S-A8,30.0,6120.041,26.903397362285663,-28.650024137843985,28.650024137843985
viterbi_fitted_model,S-A8,30.0,6150.041,211.4464006055634,-216.3760413631376,216.3760413631376
viterbi_fitted_model,S-A8,30.0,6180.041,421.6187762769809,444.69005154069055,444.69005154069055
viterbi_fitted_model,S-A8,30.0,6210.041,180.98114300744905,185.65793985482762,185.65793985482762
viterbi_fitted_model,S-A8,30.0,6270.041,10.6892464104364,10.063491092622286,10.063491092622286
viterbi_fitted_model,S-A8,30.0,6300.041,106.4653039043871,-108.01757250529452,108.01757250529452
viterbi_fitted_model,S-A8,30.0,6330.041,80.02955385853029,-80.14434995370078,80.14434995370078
viterbi_fitted_model,S-A8,30.0,6360.041,260.4222145563396,258.9091115361776,258.9091115361776
viterbi_fitted_model,S-A8,30.0,6420.041,117.81997094190375,118.42679689905849,118.42679689905849
viterbi_fitted_model,S-A8,30.0,6450.041,398.38552467956873,397.89756697806973,397.89756697806973
viterbi_fitted_model,S-A8,30.0,6480.041,396.49752742064993,396.1328056795111,396.1328056795111
viterbi_fitted_model,S-A8,30.0,6510.041,367.88630364880584,372.5601257749305,372.5601257749305
viterbi_fitted_model,S-A8,30.0,6540.041,65.49487623831575,61.85730159308029,61.85730159308029
viterbi_fitted_model,S-A8,30.0,6570.041,427.42243852484836,375.07403182944523,375.07403182944523
viterbi_fitted_model,S-A8,60.0,120.041,265.4700255931536,263.3496585044951,263.3496585044951
viterbi_fitted_model,S-A8,60.0,180.041,74.56808084826731,-77.79841185658431,77.79841185658431
viterbi_fitted_model,S-A8,60.0,240.041,354.50523821849555,353.8239096120669,353.8239096120669
viterbi_fitted_model,S-A8,60.0,300.041,257.7164184912137,258.759750026202,258.759750026202
viterbi_fitted_model,S-A8,60.0,360.041,38.15351615085304,-38.3424870132729,38.3424870132729
viterbi_fitted_model,S-A8,60.0,420.041,29.890342900853305,-36.497631463813924,36.497631463813924
viterbi_fitted_model,S-A8,60.0,480.041,100.23777599274914,-99.0733691882068,99.0733691882068
viterbi_fitted_model,S-A8,60.0,540.0409999999999,361.63094770546155,360.2806963902511,360.2806963902511
viterbi_fitted_model,S-A8,60.0,600.0409999999999,134.29430788871252,-135.80138465342975,135.80138465342975
viterbi_fitted_model,S-A8,60.0,660.0409999999999,16.03427782158465,-13.405729275869156,13.405729275869156
viterbi_fitted_model,S-A8,60.0,720.0409999999999,52.92125268852829,-52.37935666536377,52.37935666536377
viterbi_fitted_model,S-A8,60.0,780.0409999999999,227.99772226604045,227.22345102898822,227.22345102898822
viterbi_fitted_model,S-A8,60.0,840.0409999999999,21.662038518978953,-23.59355044600079,23.59355044600079
viterbi_fitted_model,S-A8,60.0,900.0409999999999,21.040039052134027,-21.840031417044774,21.840031417044774
viterbi_fitted_model,S-A8,60.0,960.0409999999999,117.0104972577484,117.29741331573742,117.29741331573742
viterbi_fitted_model,S-A8,60.0,1020.0409999999999,274.5429532572283,274.32764113350754,274.32764113350754
viterbi_fitted_model,S-A8,60.0,1080.041,4.6099986508382615,-4.99175381181999,4.99175381181999
viterbi_fitted_model,S-A8,60.0,1140.041,58.36862665926545,59.96978689261049,59.96978689261049
viterbi_fitted_model,S-A8,60.0,1200.041,57.11391420499857,54.850681155637076,54.850681155637076
viterbi_fitted_model,S-A8,60.0,1260.041,91.10221922799177,-91.57642397510476,91.57642397510476
viterbi_fitted_model,S-A8,60.0,1320.041,13.662989112941391,11.272192466021323,11.272192466021323
viterbi_fitted_model,S-A8,60.0,1380.041,236.78912969434253,236.12802194035137,236.12802194035137
viterbi_fitted_model,S-A8,60.0,1440.041,35.0166360918099,-35.345715149168136,35.345715149168136
viterbi_fitted_model,S-A8,60.0,1500.041,70.33365764004877,71.12963040550113,71.12963040550113
viterbi_fitted_model,S-A8,60.0,1560.041,186.88986231955695,186.5340932869762,186.5340932869762
viterbi_fitted_model,S-A8,60.0,1620.041,211.23122863011162,207.1111402839098,207.1111402839098
viterbi_fitted_model,S-A8,60.0,1680.041,170.03550387997635,169.3395547336555,169.3395547336555
viterbi_fitted_model,S-A8,60.0,1740.041,288.76103079096566,288.91853304710287,288.91853304710287
viterbi_fitted_model,S-A8,60.0,1800.041,253.19569885624736,252.9627057619853,252.9627057619853
viterbi_fitted_model,S-A8,60.0,1860.041,527.9133128706837,519.4062345723196,519.4062345723196
viterbi_fitted_model,S-A8,60.0,1920.041,817.1328338699951,512.0898308270399,512.0898308270399
viterbi_fitted_model,S-A8,60.0,1980.041,492.69926373916473,496.3767429581504,496.3767429581504
viterbi_fitted_model,S-A8,60.0,2040.041,369.1673141935964,372.90267685925716,372.90267685925716
viterbi_fitted_model,S-A8,60.0,2100.041,161.11318668627646,159.74205904114703,159.74205904114703
viterbi_fitted_model,S-A8,60.0,2160.041,384.1893479561201,385.34701674394233,385.34701674394233
viterbi_fitted_model,S-A8,60.0,2220.041,297.03565765953977,-302.3075192605283,302.3075192605283
viterbi_fitted_model,S-A8,60.0,2280.041,131.56578258786448,-134.84111615892837,134.84111615892837
viterbi_fitted_model,S-A8,60.0,2340.041,230.3619217206231,-231.97558121491073,231.97558121491073
viterbi_fitted_model,S-A8,60.0,2400.041,49.80051460387913,48.86728874601371,48.86728874601371
viterbi_fitted_model,S-A8,60.0,2460.041,309.42125307032137,-313.68715490293226,313.68715490293226
viterbi_fitted_model,S-A8,60.0,2520.041,644.8407350703455,653.3432554695169,653.3432554695169
viterbi_fitted_model,S-A8,60.0,2580.041,406.328447574914,-417.79407778108066,417.79407778108066
viterbi_fitted_model,S-A8,60.0,2640.041,36.22019604571943,-39.919007697645156,39.919007697645156
viterbi_fitted_model,S-A8,60.0,2700.041,278.6585529562659,-291.7996253904582,291.7996253904582
viterbi_fitted_model,S-A8,60.0,2760.041,402.6676406322001,-404.3910220387506,404.3910220387506
viterbi_fitted_model,S-A8,60.0,2820.041,550.1393874307258,-90.9808341698754,90.9808341698754
viterbi_fitted_model,S-A8,60.0,2880.041,215.13898768712,214.72258630811598,214.72258630811598
viterbi_fitted_model,S-A8,60.0,2940.041,354.27758712625405,365.5198745215289,365.5198745215289
viterbi_fitted_model,S-A8,60.0,3060.041,917.8672459965735,927.8586097249092,927.8586097249092
viterbi_fitted_model,S-A8,60.0,3120.041,30.629198375157216,-32.131300980465376,32.131300980465376
viterbi_fitted_model,S-A8,60.0,3180.041,270.29463718225645,285.4696166610318,285.4696166610318
viterbi_fitted_model,S-A8,60.0,3240.041,36.490596548463515,-17.899115310811318,17.899115310811318
viterbi_fitted_model,S-A8,60.0,3300.041,70.6999665603752,-72.7027989158716,72.7027989158716
viterbi_fitted_model,S-A8,60.0,3360.041,132.68987737628066,-133.3668890889839,133.3668890889839
viterbi_fitted_model,S-A8,60.0,3420.041,111.34553603407556,-112.31295006267582,112.31295006267582
viterbi_fitted_model,S-A8,60.0,3480.041,379.9696106623948,-400.9317824777157,400.9317824777157
viterbi_fitted_model,S-A8,60.0,3540.041,209.1405565591704,-213.78178512068718,213.78178512068718
viterbi_fitted_model,S-A8,60.0,3600.041,73.29132846353059,-73.21619852539347,73.21619852539347
viterbi_fitted_model,S-A8,60.0,3660.041,249.45251824959507,-249.01066389049308,249.01066389049308
viterbi_fitted_model,S-A8,60.0,3720.041,413.26176935678365,-60.89859274669661,60.89859274669661
viterbi_fitted_model,S-A8,60.0,3780.041,137.66061657886794,137.09029500104216,137.09029500104216
viterbi_fitted_model,S-A8,60.0,3840.041,279.08971260065414,278.7940347508205,278.7940347508205
viterbi_fitted_model,S-A8,60.0,3900.041,366.1114993919937,365.24630350248555,365.24630350248555
viterbi_fitted_model,S-A8,60.0,3960.041,70.45533342157283,69.24183677069868,69.24183677069868
viterbi_fitted_model,S-A8,60.0,4020.041,52.11661399574992,50.812706128292405,50.812706128292405
viterbi_fitted_model,S-A8,60.0,4080.041,218.54468412488197,-219.0205295085662,219.0205295085662
viterbi_fitted_model,S-A8,60.0,4140.041,176.0285120316971,162.74087956130126,162.74087956130126
viterbi_fitted_model,S-A8,60.0,4200.041,425.80852239511086,425.784782293951,425.784782293951
viterbi_fitted_model,S-A8,60.0,4260.041,653.219315437983,561.8327830010608,561.8327830010608
viterbi_fitted_model,S-A8,60.0,4320.041,123.22841460290324,-121.23344857221461,121.23344857221461
viterbi_fitted_model,S-A8,60.0,4380.041,120.00159907689347,117.57913307840816,117.57913307840816
viterbi_fitted_model,S-A8,60.0,4440.041,527.6038198790906,-540.8850159006943,540.8850159006943
viterbi_fitted_model,S-A8,60.0,4500.041,281.0806106540278,-285.4916266331815,285.4916266331815
viterbi_fitted_model,S-A8,60.0,4560.041,319.9796575364819,-326.8550167842027,326.8550167842027
viterbi_fitted_model,S-A8,60.0,4620.041,296.25878100843363,-296.7200190765559,296.7200190765559
viterbi_fitted_model,S-A8,60.0,4680.041,364.8599013207895,-378.80119274055653,378.80119274055653
viterbi_fitted_model,S-A8,60.0,4740.041,146.59741266549852,-148.87111275786907,148.87111275786907
viterbi_fitted_model,S-A8,60.0,4800.041,42.6461669326231,42.64912847026828,42.64912847026828
viterbi_fitted_model,S-A8,60.0,4860.041,440.37828597640777,-443.45830990214847,443.45830990214847
viterbi_fitted_model,S-A8,60.0,4920.041,95.22620233295024,-95.5255274046056,95.5255274046056
viterbi_fitted_model,S-A8,60.0,4980.041,459.88345303567564,-463.69466735304064,463.69466735304064
viterbi_fitted_model,S-A8,60.0,5040.041,162.9350387000165,-164.58819440461377,164.58819440461377
viterbi_fitted_model,S-A8,60.0,5100.041,121.33480493131009,119.56501453431994,119.56501453431994
viterbi_fitted_model,S-A8,60.0,5160.041,221.15210961226623,219.83752944602656,219.83752944602656
viterbi_fitted_model,S-A8,60.0,5220.041,46.620693882794015,46.103043166127875,46.103043166127875
viterbi_fitted_model,S-A8,60.0,5280.041,283.38771827872415,283.6264857412426,283.6264857412426
viterbi_fitted_model,S-A8,60.0,5340.041,287.4790337427418,285.7944507830027,285.7944507830027
viterbi_fitted_model,S-A8,60.0,5400.041,773.1589147202882,5.535701126425918,5.535701126425918
viterbi_fitted_model,S-A8,60.0,5460.041,171.55101286023208,-177.6390253959891,177.6390253959891
viterbi_fitted_model,S-A8,60.0,5520.041,321.4435337844339,-332.2461391610732,332.2461391610732
viterbi_fitted_model,S-A8,60.0,5580.041,391.746454303645,-394.3312117942453,394.3312117942453
viterbi_fitted_model,S-A8,60.0,5640.041,169.37172934321003,169.26648642069293,169.26648642069293
viterbi_fitted_model,S-A8,60.0,5700.041,468.6213208309496,-476.1769145450932,476.1769145450932
viterbi_fitted_model,S-A8,60.0,5760.041,271.2540659607493,-191.54201431336637,191.54201431336637
viterbi_fitted_model,S-A8,60.0,5820.041,258.23687626684153,-258.42476727153644,258.42476727153644
viterbi_fitted_model,S-A8,60.0,5880.041,106.21129108699796,-111.42887570347509,111.42887570347509
viterbi_fitted_model,S-A8,60.0,5940.041,288.2641661239095,292.9820470906385,292.9820470906385
viterbi_fitted_model,S-A8,60.0,6060.041,661.6338622085448,322.23015418286695,322.23015418286695
viterbi_fitted_model,S-A8,60.0,6120.041,234.5489182135983,-244.96493165104982,244.96493165104982
viterbi_fitted_model,S-A8,60.0,6180.041,594.611714721989,630.6805195510499,630.6805195510499
viterbi_fitted_model,S-A8,60.0,6300.041,185.32575590625805,-188.1911012800529,188.1911012800529
viterbi_fitted_model,S-A8,60.0,6360.041,465.1864568719629,472.486853696445,472.486853696445
viterbi_fitted_model,S-A8,60.0,6420.041,515.826666613978,516.31112074066,516.31112074066
viterbi_fitted_model,S-A8,60.0,6480.041,759.9722693749421,768.6013615995018,768.6013615995018
viterbi_fitted_model,S-A8,60.0,6540.041,489.35734542712,436.87906746345595,436.87906746345595
